customers_affected,start_time,estimated_end_time,type_code,type,longitude,latitude,status_code,status,cause_code,cause,municipality_id,message_id,bis_version,pulled_at
53,2026-08-24 13:17:31,,P,Outage,-73.77140242471529,45.53091378672423,L,Crew at work,57,Accident or incident,1856,,20260825203007,2026-08-26 00:47:50
3,2026-08-25 19:49:40,2026-08-25 21:45:00,P,Outage,-79.45932007309331,47.29968120905951,R,Crew en route,,NA,2141,,20260825203007,2026-08-26 00:47:50
5,2026-08-25 19:59:53,2026-08-25 22:00:00,P,Outage,-70.78680333307656,46.06956713759424,R,Crew en route,,NA,6162,,20260825203007,2026-08-26 00:47:50
1,2026-08-25 15:00:01,2026-08-25 22:15:00,P,Outage,-70.84690547984094,46.59713556366142,R,Crew en route,11,Equipment failure,8602,,20260825203007,2026-08-26 00:47:50
501,2026-08-25 19:07:12,2026-08-25 21:00:00,P,Outage,-73.95925271374085,45.8257328715434,A,Work assigned,,NA,9013,,20260825203007,2026-08-26 00:47:50
6,2026-08-25 18:52:45,2026-08-25 21:00:00,P,Outage,-73.73361771471401,45.359099244957754,N,NA,,NA,1784,,20260825203007,2026-08-26 00:47:50
17,2026-08-25 19:53:08,2026-08-25 21:45:00,P,Outage,-71.31750422501977,46.73126235370114,R,Crew en route,,NA,7716,,20260825203007,2026-08-26 00:47:50
78,2026-08-25 16:55:39,2026-08-25 21:15:00,P,Outage,-70.84316711455628,48.14549904814669,L,Crew at work,,NA,2294,,20260825203007,2026-08-26 00:47:50
1,2026-08-25 19:15:03,2026-08-25 21:15:00,P,Outage,-75.90191218982538,46.58492927848857,N,NA,,NA,5766,,20260825203007,2026-08-26 00:47:50
8,2026-08-25 16:55:39,2026-08-25 21:15:00,P,Outage,-70.84733370640984,48.185530105320076,L,Crew at work,,NA,2294,,20260825203007,2026-08-26 00:47:50
2,2026-08-25 16:55:39,2026-08-25 21:15:00,P,Outage,-70.83955007301536,48.19466161874114,A,Work assigned,,NA,2294,,20260825203007,2026-08-26 00:47:50
270,2026-08-25 16:55:39,2026-08-25 21:15:00,P,Outage,-70.82686280303369,48.06882451187011,L,Crew at work,,NA,2294,,20260825203007,2026-08-26 00:47:50
27,2026-08-25 16:41:12,2026-08-25 23:15:00,P,Outage,-71.37441608017987,46.969536785069096,L,Crew at work,51,Vegetation damage,9070,,20260825203007,2026-08-26 00:47:50
4,2026-08-25 13:14:48,2026-08-25 22:15:00,P,Outage,-67.08409805600836,48.312299309599105,L,Crew at work,,NA,8836,,20260825203007,2026-08-26 00:47:50
63,2026-08-25 18:12:11,2026-08-26 14:15:00,P,Outage,-68.47522615799443,49.39356752049874,A,Work assigned,,NA,4515,,20260825203007,2026-08-26 00:47:50
1,2026-08-25 16:08:03,,P,Outage,-73.57718615915687,45.058838368820076,L,Crew at work,,NA,2597,,20260825203007,2026-08-26 00:47:50
8,2026-08-25 19:02:01,2026-08-25 21:00:00,P,Outage,-57.7136640925768,51.47135408684828,N,NA,,NA,5590,,20260825203007,2026-08-26 00:47:50
3,2026-08-25 20:16:52,,P,Outage,-66.6930244347062,48.02034233915458,R,Crew en route,,NA,4530,,20260825203007,2026-08-26 00:47:50
3,2026-08-25 11:07:48,,P,Outage,-57.413742521652736,51.46715022703333,N,NA,,NA,9787,,20260825203007,2026-08-26 00:47:50
2,2026-08-25 18:49:30,2026-08-25 20:45:00,P,Outage,-72.27600746260418,45.32081573782554,L,Crew at work,11,Equipment failure,2213,,20260825203007,2026-08-26 00:47:50
4,2026-08-25 19:09:06,2026-08-25 21:15:00,P,Outage,-61.87773548497273,47.36833508803345,L,Crew at work,,NA,1646,,20260825203007,2026-08-26 00:47:50
8,2026-08-25 18:53:11,2026-08-25 20:45:00,P,Outage,-75.76828171582723,45.732207047828986,N,NA,,NA,9431,,20260825203007,2026-08-26 00:47:50
53,2026-08-24 13:17:31,,P,Outage,-73.77140242471529,45.53091378672423,L,Crew at work,57,Accident or incident,1856,,20260825221010,2026-08-26 02:17:25
3,2026-08-25 19:49:40,2026-08-26 01:15:00,P,Outage,-79.45932007309331,47.29968120905951,R,Crew en route,,NA,2141,,20260825221010,2026-08-26 02:17:25
5,2026-08-25 19:59:53,2026-08-26 02:15:00,P,Outage,-70.78680333307656,46.06956713759424,L,Crew at work,,NA,6162,,20260825221010,2026-08-26 02:17:25
7,2026-08-25 21:26:15,2026-08-25 23:30:00,P,Outage,-75.63746023715669,45.50458255418612,R,Crew en route,,NA,2375,,20260825221010,2026-08-26 02:17:25
501,2026-08-25 19:07:12,,P,Outage,-73.95925271374085,45.8257328715434,A,Work assigned,,NA,9013,,20260825221010,2026-08-26 02:17:25
209,2026-08-25 22:04:20,,P,Outage,-73.63374238866311,45.4533170413197,N,NA,,NA,1000,,20260825221010,2026-08-26 02:17:25
78,2026-08-25 16:55:39,,P,Outage,-70.84316711455628,48.14549904814669,L,Crew at work,,NA,2294,,20260825221010,2026-08-26 02:17:25
8,2026-08-25 16:55:39,,P,Outage,-70.84733370640984,48.185530105320076,L,Crew at work,,NA,2294,,20260825221010,2026-08-26 02:17:25
2,2026-08-25 16:55:39,,P,Outage,-70.83955007301536,48.19466161874114,A,Work assigned,,NA,2294,,20260825221010,2026-08-26 02:17:25
270,2026-08-25 16:55:39,,P,Outage,-70.82686280303369,48.06882451187011,L,Crew at work,,NA,2294,,20260825221010,2026-08-26 02:17:25
27,2026-08-25 16:41:12,2026-08-25 23:15:00,P,Outage,-71.37441608017987,46.969536785069096,L,Crew at work,51,Vegetation damage,9070,,20260825221010,2026-08-26 02:17:25
63,2026-08-25 18:12:11,2026-08-26 14:15:00,P,Outage,-68.47522615799443,49.39356752049874,A,Work assigned,,NA,4515,,20260825221010,2026-08-26 02:17:25
8,2026-08-25 19:02:01,,P,Outage,-57.7136640925768,51.47135408684828,N,NA,,NA,5590,,20260825221010,2026-08-26 02:17:25
3,2026-08-25 20:16:52,2026-08-25 23:00:00,P,Outage,-66.6930244347062,48.02034233915458,L,Crew at work,,NA,4530,,20260825221010,2026-08-26 02:17:25
9,2026-08-25 21:16:16,2026-08-25 23:15:00,P,Outage,-71.57254739010853,46.813644512201805,N,NA,,NA,8374,,20260825221010,2026-08-26 02:17:25
2,2026-08-25 21:15:22,2026-08-25 23:15:00,P,Outage,-74.05185834012768,45.816009943912135,N,NA,,NA,1353,,20260825221010,2026-08-26 02:17:25
3,2026-08-25 11:07:48,,P,Outage,-57.413742521652736,51.46715022703333,N,NA,,NA,9787,,20260825221010,2026-08-26 02:17:25
1,2026-08-25 21:44:11,2026-08-25 23:45:00,P,Outage,-72.33687173951235,45.06921858663972,R,Crew en route,,NA,5359,,20260825221010,2026-08-26 02:17:25
63,2026-08-25 20:44:04,2026-08-25 22:45:00,P,Outage,-73.86294857133215,45.46345917915409,L,Crew at work,,NA,0235,,20260825221010,2026-08-26 02:17:25
53,2026-08-24 13:17:31,,P,Outage,-73.77140242471529,45.53091378672423,L,Crew at work,57,Accident or incident,1856,,20260825232006,2026-08-26 03:30:25
3,2026-08-25 19:49:40,2026-08-26 01:15:00,P,Outage,-79.45932007309331,47.29968120905951,R,Crew en route,,NA,2141,,20260825232006,2026-08-26 03:30:25
5,2026-08-25 19:59:53,2026-08-26 02:15:00,P,Outage,-70.78680333307656,46.06956713759424,R,Crew en route,,NA,6162,,20260825232006,2026-08-26 03:30:25
7,2026-08-25 21:26:15,2026-08-25 23:30:00,P,Outage,-75.63746023715669,45.50458255418612,R,Crew en route,,NA,2375,,20260825232006,2026-08-26 03:30:25
395,2026-08-25 16:55:39,2026-08-26 04:15:00,P,Outage,-70.82587650171128,48.07777165857192,L,Crew at work,,NA,2294,,20260825232006,2026-08-26 03:30:25
27,2026-08-25 16:41:12,,P,Outage,-71.37441608017987,46.969536785069096,L,Crew at work,51,Vegetation damage,9070,,20260825232006,2026-08-26 03:30:25
3,2026-08-25 23:04:00,,P,Outage,-57.413742521652736,51.46715022703333,L,Crew at work,21,Weather conditions,9787,,20260825232006,2026-08-26 03:30:25
9,2026-08-25 21:16:16,,P,Outage,-71.57254739010853,46.813644512201805,N,NA,,NA,8374,,20260825232006,2026-08-26 03:30:25
14,2026-08-25 22:18:18,2026-08-26 00:15:00,P,Outage,-79.03855712420184,48.1964605324013,A,Work assigned,,NA,5647,,20260825232006,2026-08-26 03:30:25
2,2026-08-25 21:15:22,,P,Outage,-74.05185834012768,45.816009943912135,R,Crew en route,,NA,1353,,20260825232006,2026-08-26 03:30:25
53,2026-08-25 23:08:13,,P,Outage,-73.64956165676715,45.91020322864961,N,NA,,NA,5796,,20260825232006,2026-08-26 03:30:25
1,2026-08-25 21:44:11,2026-08-25 23:45:00,P,Outage,-72.33687173951235,45.06921858663972,R,Crew en route,,NA,5359,,20260825232006,2026-08-26 03:30:25
53,2026-08-24 13:17:31,,P,Outage,-73.77140242471529,45.53091378672423,L,Crew at work,57,Accident or incident,1856,,20260826000015,2026-08-26 04:10:22
3,2026-08-25 19:49:40,2026-08-26 01:15:00,P,Outage,-79.45932007309331,47.29968120905951,R,Crew en route,,NA,2141,,20260826000015,2026-08-26 04:10:22
5,2026-08-25 19:59:53,2026-08-26 02:15:00,P,Outage,-70.78680333307656,46.06956713759424,R,Crew en route,,NA,6162,,20260826000015,2026-08-26 04:10:22
12,2026-08-25 23:33:45,2026-08-26 02:15:00,P,Outage,-77.30874848782713,48.0313127203097,L,Crew at work,11,Equipment failure,9266,,20260826000015,2026-08-26 04:10:22
395,2026-08-25 16:55:39,2026-08-26 04:15:00,P,Outage,-70.82587650171128,48.07777165857192,L,Crew at work,,NA,2294,,20260826000015,2026-08-26 04:10:22
3182,2026-08-25 23:50:17,,P,Outage,-72.80945153920847,46.41565020893428,R,Crew en route,44,Accident or incident,9233,,20260826000015,2026-08-26 04:10:22
3,2026-08-25 23:04:00,2026-08-26 01:00:00,P,Outage,-57.413742521652736,51.46715022703333,L,Crew at work,21,Weather conditions,9787,,20260826000015,2026-08-26 04:10:22
2,2026-08-25 21:15:22,,P,Outage,-74.05185834012768,45.816009943912135,R,Crew en route,,NA,1353,,20260826000015,2026-08-26 04:10:22
53,2026-08-25 23:08:13,2026-08-26 01:00:00,P,Outage,-73.64956165676715,45.91020322864961,A,Work assigned,,NA,5796,,20260826000015,2026-08-26 04:10:22
1,2026-08-25 21:44:11,,P,Outage,-72.33687173951235,45.06921858663972,R,Crew en route,,NA,5359,,20260826000015,2026-08-26 04:10:22
53,2026-08-24 13:17:31,,P,Outage,-73.77140242471529,45.53091378672423,L,Crew at work,57,Accident or incident,1856,,20260826004005,2026-08-26 04:53:51
5,2026-08-25 19:59:53,2026-08-26 02:15:00,P,Outage,-70.78680333307656,46.06956713759424,R,Crew en route,,NA,6162,,20260826004005,2026-08-26 04:53:51
12,2026-08-25 23:33:45,2026-08-26 02:15:00,P,Outage,-77.30874848782713,48.0313127203097,L,Crew at work,11,Equipment failure,9266,,20260826004005,2026-08-26 04:53:51
395,2026-08-25 16:55:39,2026-08-26 04:15:00,P,Outage,-70.82587650171128,48.07777165857192,L,Crew at work,,NA,2294,,20260826004005,2026-08-26 04:53:51
3182,2026-08-25 23:50:17,2026-08-26 01:45:00,P,Outage,-72.80945153920847,46.41565020893428,R,Crew en route,44,Accident or incident,9233,,20260826004005,2026-08-26 04:53:51
1,2026-08-25 22:42:38,2026-08-26 02:00:00,P,Outage,-72.57348538124876,45.7500095773335,A,Work assigned,,NA,9485,,20260826004005,2026-08-26 04:53:51
3,2026-08-25 23:04:00,2026-08-26 01:00:00,P,Outage,-57.413742521652736,51.46715022703333,L,Crew at work,21,Weather conditions,9787,,20260826004005,2026-08-26 04:53:51
53,2026-08-25 23:08:13,2026-08-26 01:00:00,P,Outage,-73.64956165676715,45.91020322864961,A,Work assigned,,NA,5796,,20260826004005,2026-08-26 04:53:51
53,2026-08-24 13:17:31,,P,Outage,-73.77140242471529,45.53091378672423,L,Crew at work,57,Accident or incident,1856,,20260826011012,2026-08-26 05:22:58
5,2026-08-25 19:59:53,2026-08-26 02:15:00,P,Outage,-70.78680333307656,46.06956713759424,R,Crew en route,,NA,6162,,20260826011012,2026-08-26 05:22:58
12,2026-08-25 23:33:45,2026-08-26 02:15:00,P,Outage,-77.30874848782713,48.0313127203097,L,Crew at work,11,Equipment failure,9266,,20260826011012,2026-08-26 05:22:58
395,2026-08-25 16:55:39,2026-08-26 04:15:00,P,Outage,-70.82587650171128,48.07777165857192,L,Crew at work,,NA,2294,,20260826011012,2026-08-26 05:22:58
15,2026-08-26 00:52:01,,P,Outage,-73.7822212817763,45.46550637129255,R,Crew en route,,NA,0223,,20260826011012,2026-08-26 05:22:58
6,2026-08-26 01:08:36,,P,Outage,-73.88643530903684,46.16848745528722,N,NA,,NA,1814,,20260826011012,2026-08-26 05:22:58
3182,2026-08-25 23:50:17,2026-08-26 01:45:00,P,Outage,-72.80945153920847,46.41565020893428,R,Crew en route,44,Accident or incident,9233,,20260826011012,2026-08-26 05:22:58
1,2026-08-25 22:42:38,2026-08-26 02:00:00,P,Outage,-72.57348538124876,45.7500095773335,A,Work assigned,,NA,9485,,20260826011012,2026-08-26 05:22:58
3,2026-08-25 23:04:00,,P,Outage,-57.413742521652736,51.46715022703333,L,Crew at work,21,Weather conditions,9787,,20260826011012,2026-08-26 05:22:58
53,2026-08-25 23:08:13,,P,Outage,-73.64956165676715,45.91020322864961,A,Work assigned,,NA,5796,,20260826011012,2026-08-26 05:22:58
53,2026-08-24 13:17:31,,P,Outage,-73.77140242471529,45.53091378672423,L,Crew at work,57,Accident or incident,1856,,20260826014018,2026-08-26 05:56:43
395,2026-08-25 16:55:39,2026-08-26 04:15:00,P,Outage,-70.82587650171128,48.07777165857192,L,Crew at work,,NA,2294,,20260826014018,2026-08-26 05:56:43
15,2026-08-26 00:52:01,2026-08-26 03:00:00,P,Outage,-73.7822212817763,45.46550637129255,R,Crew en route,,NA,0223,,20260826014018,2026-08-26 05:56:43
6,2026-08-26 01:08:36,2026-08-26 03:00:00,P,Outage,-73.88643530903684,46.16848745528722,N,NA,,NA,1814,,20260826014018,2026-08-26 05:56:43
2,2026-08-25 23:08:13,,P,Outage,-73.64514202297232,45.91339827591853,L,Crew at work,,NA,5796,,20260826014018,2026-08-26 05:56:43
3182,2026-08-25 23:50:17,2026-08-26 01:45:00,P,Outage,-72.80945153920847,46.41565020893428,R,Crew en route,44,Accident or incident,9233,,20260826014018,2026-08-26 05:56:43
1,2026-08-25 22:42:38,2026-08-26 02:00:00,P,Outage,-72.57348538124876,45.7500095773335,A,Work assigned,,NA,9485,,20260826014018,2026-08-26 05:56:43
3,2026-08-25 23:04:00,,P,Outage,-57.413742521652736,51.46715022703333,L,Crew at work,21,Weather conditions,9787,,20260826014018,2026-08-26 05:56:43
53,2026-08-24 13:17:31,,P,Outage,-73.77140242471529,45.53091378672423,L,Crew at work,57,Accident or incident,1856,,20260826021005,2026-08-26 06:27:52
395,2026-08-25 16:55:39,2026-08-26 06:15:00,P,Outage,-70.82587650171128,48.07777165857192,L,Crew at work,,NA,2294,,20260826021005,2026-08-26 06:27:52
15,2026-08-26 00:52:01,2026-08-26 03:00:00,P,Outage,-73.7822212817763,45.46550637129255,R,Crew en route,,NA,0223,,20260826021005,2026-08-26 06:27:52
6,2026-08-26 01:08:36,2026-08-26 03:00:00,P,Outage,-73.88643530903684,46.16848745528722,N,NA,,NA,1814,,20260826021005,2026-08-26 06:27:52
2,2026-08-25 23:08:13,,P,Outage,-73.64514202297232,45.91339827591853,L,Crew at work,,NA,5796,,20260826021005,2026-08-26 06:27:52
2,2026-08-26 02:02:19,,P,Outage,-72.99817005306537,45.76825786418215,N,NA,,NA,7311,,20260826021005,2026-08-26 06:27:52
1,2026-08-25 22:42:38,,P,Outage,-72.57348538124876,45.7500095773335,A,Work assigned,,NA,9485,,20260826021005,2026-08-26 06:27:52
3,2026-08-25 23:04:00,,P,Outage,-57.413742521652736,51.46715022703333,L,Crew at work,21,Weather conditions,9787,,20260826021005,2026-08-26 06:27:52
53,2026-08-24 13:17:31,,P,Outage,-73.77140242471529,45.53091378672423,L,Crew at work,57,Accident or incident,1856,,20260826031019,2026-08-26 07:23:59
395,2026-08-25 16:55:39,2026-08-26 06:15:00,P,Outage,-70.82587650171128,48.07777165857192,L,Crew at work,,NA,2294,,20260826031019,2026-08-26 07:23:59
15,2026-08-26 00:52:01,2026-08-26 05:15:00,P,Outage,-73.7822212817763,45.46550637129255,R,Crew en route,,NA,0223,,20260826031019,2026-08-26 07:23:59
6,2026-08-26 01:08:36,,P,Outage,-73.88643530903684,46.16848745528722,N,NA,,NA,1814,,20260826031019,2026-08-26 07:23:59
2,2026-08-25 23:08:13,2026-08-26 06:15:00,P,Outage,-73.64514202297232,45.91339827591853,L,Crew at work,,NA,5796,,20260826031019,2026-08-26 07:23:59
2,2026-08-26 02:02:19,2026-08-26 04:00:00,P,Outage,-72.99817005306537,45.76825786418215,N,NA,,NA,7311,,20260826031019,2026-08-26 07:23:59
1,2026-08-25 22:42:38,,P,Outage,-72.57348538124876,45.7500095773335,A,Work assigned,,NA,9485,,20260826031019,2026-08-26 07:23:59
8,2026-08-26 02:40:05,2026-08-26 04:45:00,P,Outage,-71.34521916447883,46.862500431793556,A,Work assigned,,NA,5411,,20260826031019,2026-08-26 07:23:59
3,2026-08-25 23:04:00,,P,Outage,-57.413742521652736,51.46715022703333,L,Crew at work,21,Weather conditions,9787,,20260826031019,2026-08-26 07:23:59
53,2026-08-24 13:17:31,,P,Outage,-73.77140242471529,45.53091378672423,L,Crew at work,57,Accident or incident,1856,,20260826035009,2026-08-26 08:06:15
395,2026-08-25 16:55:39,2026-08-26 06:15:00,P,Outage,-70.82587650171128,48.07777165857192,L,Crew at work,,NA,2294,,20260826035009,2026-08-26 08:06:15
6,2026-08-26 01:08:36,,P,Outage,-73.88643530903684,46.16848745528722,N,NA,,NA,1814,,20260826035009,2026-08-26 08:06:15
2,2026-08-25 23:08:13,2026-08-26 06:15:00,P,Outage,-73.64514202297232,45.91339827591853,L,Crew at work,,NA,5796,,20260826035009,2026-08-26 08:06:15
2,2026-08-26 02:02:19,2026-08-26 06:00:00,P,Outage,-72.99817005306537,45.76825786418215,N,NA,,NA,7311,,20260826035009,2026-08-26 08:06:15
5,2026-08-26 03:45:08,,P,Outage,-73.65496086843672,46.05302093290144,N,NA,,NA,5458,,20260826035009,2026-08-26 08:06:15
1,2026-08-25 22:42:38,,P,Outage,-72.57348538124876,45.7500095773335,A,Work assigned,,NA,9485,,20260826035009,2026-08-26 08:06:15
8,2026-08-26 02:40:05,2026-08-26 04:45:00,P,Outage,-71.34521916447883,46.862500431793556,A,Work assigned,,NA,5411,,20260826035009,2026-08-26 08:06:15
3,2026-08-25 23:04:00,,P,Outage,-57.413742521652736,51.46715022703333,L,Crew at work,21,Weather conditions,9787,,20260826035009,2026-08-26 08:06:15
53,2026-08-24 13:17:31,,P,Outage,-73.77140242471529,45.53091378672423,L,Crew at work,57,Accident or incident,1856,,20260826045003,2026-08-26 09:00:45
395,2026-08-25 16:55:39,2026-08-26 06:15:00,P,Outage,-70.82587650171128,48.07777165857192,L,Crew at work,,NA,2294,,20260826045003,2026-08-26 09:00:45
6,2026-08-26 01:08:36,2026-08-26 07:15:00,P,Outage,-73.88643530903684,46.16848745528722,R,Crew en route,,NA,1814,,20260826045003,2026-08-26 09:00:45
2,2026-08-26 02:02:19,2026-08-26 06:00:00,P,Outage,-72.99817005306537,45.76825786418215,R,Crew en route,,NA,7311,,20260826045003,2026-08-26 09:00:45
5,2026-08-26 03:45:08,2026-08-26 05:45:00,P,Outage,-73.65496086843672,46.05302093290144,N,NA,,NA,5458,,20260826045003,2026-08-26 09:00:45
8,2026-08-26 02:40:05,,P,Outage,-71.34521916447883,46.862500431793556,R,Crew en route,,NA,5411,,20260826045003,2026-08-26 09:00:45
3,2026-08-25 23:04:00,,P,Outage,-57.413742521652736,51.46715022703333,L,Crew at work,21,Weather conditions,9787,,20260826045003,2026-08-26 09:00:45
112,2026-08-26 03:42:23,2026-08-26 05:45:00,P,Outage,-75.6951089866221,45.487375555800135,A,Work assigned,,NA,2375,,20260826045003,2026-08-26 09:00:45
26,2026-08-26 04:33:52,,P,Outage,-75.9385598867435,45.89538631775198,A,Work assigned,,NA,4461,,20260826045003,2026-08-26 09:00:45
5,2026-08-26 04:43:41,,P,Outage,-73.95657734476164,45.58365581151138,N,NA,,NA,6639,,20260826045003,2026-08-26 09:00:45
74,2026-08-26 04:25:24,2026-08-26 06:30:00,P,Outage,-73.88220763521313,45.88421402005661,L,Crew at work,51,Vegetation damage,5820,,20260826045003,2026-08-26 09:00:45
53,2026-08-24 13:17:31,,P,Outage,-73.77140242471529,45.53091378672423,L,Crew at work,57,Accident or incident,1856,,20260826052010,2026-08-26 09:37:11
6,2026-08-26 01:08:36,2026-08-26 07:15:00,P,Outage,-73.88643530903684,46.16848745528722,R,Crew en route,,NA,1814,,20260826052010,2026-08-26 09:37:11
2,2026-08-26 02:02:19,2026-08-26 06:00:00,P,Outage,-72.99817005306537,45.76825786418215,R,Crew en route,,NA,7311,,20260826052010,2026-08-26 09:37:11
5,2026-08-26 03:45:08,2026-08-26 05:45:00,P,Outage,-73.65496086843672,46.05302093290144,N,NA,,NA,5458,,20260826052010,2026-08-26 09:37:11
3,2026-08-25 23:04:00,,P,Outage,-57.413742521652736,51.46715022703333,L,Crew at work,21,Weather conditions,9787,,20260826052010,2026-08-26 09:37:11
112,2026-08-26 03:42:23,2026-08-26 05:45:00,P,Outage,-75.6951089866221,45.487375555800135,A,Work assigned,,NA,2375,,20260826052010,2026-08-26 09:37:11
26,2026-08-26 04:33:52,2026-08-26 06:45:00,P,Outage,-75.9385598867435,45.89538631775198,A,Work assigned,,NA,4461,,20260826052010,2026-08-26 09:37:11
5,2026-08-26 04:43:41,2026-08-26 06:45:00,P,Outage,-73.95657734476164,45.58365581151138,L,Crew at work,54,Accident or incident,6639,,20260826052010,2026-08-26 09:37:11
74,2026-08-26 04:25:24,2026-08-26 06:30:00,P,Outage,-73.88220763521313,45.88421402005661,L,Crew at work,51,Vegetation damage,5820,,20260826052010,2026-08-26 09:37:11
53,2026-08-24 13:17:31,,P,Outage,-73.77140242471529,45.53091378672423,L,Crew at work,57,Accident or incident,1856,,20260826060020,2026-08-26 10:17:30
10,2026-08-26 05:43:26,,P,Outage,-72.1853273682645,48.258360417239665,R,Crew en route,,NA,4026,,20260826060020,2026-08-26 10:17:30
2,2026-08-26 02:02:19,2026-08-26 09:15:00,P,Outage,-72.99817005306537,45.76825786418215,L,Crew at work,11,Equipment failure,7311,,20260826060020,2026-08-26 10:17:30
5,2026-08-26 03:45:08,2026-08-26 08:45:00,P,Outage,-73.65496086843672,46.05302093290144,N,NA,,NA,5458,,20260826060020,2026-08-26 10:17:30
3,2026-08-25 23:04:00,2026-08-26 18:00:00,P,Outage,-57.413742521652736,51.46715022703333,L,Crew at work,21,Weather conditions,9787,,20260826060020,2026-08-26 10:17:30
26,2026-08-26 04:33:52,2026-08-26 06:45:00,P,Outage,-75.9385598867435,45.89538631775198,A,Work assigned,,NA,4461,,20260826060020,2026-08-26 10:17:30
53,2026-08-24 13:17:31,,P,Outage,-73.77140242471529,45.53091378672423,L,Crew at work,57,Accident or incident,1856,,20260826065010,2026-08-26 10:58:20
10,2026-08-26 05:43:26,2026-08-26 07:45:00,P,Outage,-72.1853273682645,48.258360417239665,R,Crew en route,,NA,4026,,20260826065010,2026-08-26 10:58:20
2,2026-08-26 02:02:19,2026-08-26 09:15:00,P,Outage,-72.99817005306537,45.76825786418215,L,Crew at work,11,Equipment failure,7311,,20260826065010,2026-08-26 10:58:20
3,2026-08-25 23:04:00,2026-08-26 18:00:00,P,Outage,-57.413742521652736,51.46715022703333,L,Crew at work,21,Weather conditions,9787,,20260826065010,2026-08-26 10:58:20
26,2026-08-26 04:33:52,,P,Outage,-75.9385598867435,45.89538631775198,A,Work assigned,,NA,4461,,20260826065010,2026-08-26 10:58:20
53,2026-08-24 13:17:31,,P,Outage,-73.77140242471529,45.53091378672423,L,Crew at work,57,Accident or incident,1856,,20260826071015,2026-08-26 11:22:54
10,2026-08-26 05:43:26,2026-08-26 07:45:00,P,Outage,-72.1853273682645,48.258360417239665,R,Crew en route,,NA,4026,,20260826071015,2026-08-26 11:22:54
3,2026-08-25 23:04:00,2026-08-26 18:00:00,P,Outage,-57.413742521652736,51.46715022703333,L,Crew at work,21,Weather conditions,9787,,20260826071015,2026-08-26 11:22:54
26,2026-08-26 04:33:52,,P,Outage,-75.9385598867435,45.89538631775198,A,Work assigned,,NA,4461,,20260826071015,2026-08-26 11:22:54
4,2026-08-26 07:02:11,,P,Outage,-74.16481001233917,45.422582598907766,N,NA,,NA,7368,,20260826071015,2026-08-26 11:22:54
53,2026-08-24 13:17:31,,P,Outage,-73.77140242471529,45.53091378672423,L,Crew at work,57,Accident or incident,1856,,20260826074003,2026-08-26 11:54:17
1,2026-08-26 05:08:11,2026-08-26 09:30:00,P,Outage,-71.55725519294344,45.46496411642679,N,NA,,NA,1571,,20260826074003,2026-08-26 11:54:17
15,2026-08-26 07:18:58,,I,Interruption,-73.50486503657052,45.66201774397876,L,Crew at work,61,NA,0119,,20260826074003,2026-08-26 11:54:17
2,2026-08-26 07:38:10,,P,Outage,-72.21494443430882,48.903477814516776,N,NA,,NA,4689,,20260826074003,2026-08-26 11:54:17
2,2026-08-26 01:46:34,2026-08-26 09:15:00,P,Outage,-71.90504491575722,46.55869217106731,N,NA,,NA,6522,,20260826074003,2026-08-26 11:54:17
12,2026-08-26 07:18:58,,I,Interruption,-73.50293081046574,45.66166764536379,L,Crew at work,61,NA,0119,,20260826074003,2026-08-26 11:54:17
282,2026-08-26 07:15:20,2026-08-26 16:30:00,I,Interruption,-73.72538435824218,45.53779060212047,L,Crew at work,67,NA,1856,,20260826074003,2026-08-26 11:54:17
3,2026-08-25 23:04:00,2026-08-26 18:00:00,P,Outage,-57.413742521652736,51.46715022703333,L,Crew at work,21,Weather conditions,9787,,20260826074003,2026-08-26 11:54:17
26,2026-08-26 04:33:52,2026-08-26 09:45:00,P,Outage,-75.9385598867435,45.89538631775198,L,Crew at work,,NA,4461,,20260826074003,2026-08-26 11:54:17
4,2026-08-26 07:02:11,2026-08-26 09:00:00,P,Outage,-74.16481001233917,45.422582598907766,R,Crew en route,,NA,7368,,20260826074003,2026-08-26 11:54:17
3,2026-08-26 07:30:17,,P,Outage,-73.76311892254473,45.67892119174833,N,NA,,NA,1430,,20260826074003,2026-08-26 11:54:17
10,2026-08-26 07:31:32,,P,Outage,-74.03547261869427,45.3897811162144,N,NA,,NA,9344,,20260826074003,2026-08-26 11:54:17
4,2026-08-26 07:34:58,,P,Outage,-73.75129111784484,46.046903187497094,N,NA,,NA,5458,,20260826074003,2026-08-26 11:54:17
53,2026-08-24 13:17:31,,P,Outage,-73.77140242471529,45.53091378672423,L,Crew at work,57,Accident or incident,1856,,20260826081010,2026-08-26 12:24:26
1,2026-08-26 05:08:11,2026-08-26 09:30:00,P,Outage,-71.55725519294344,45.46496411642679,N,NA,,NA,1571,,20260826081010,2026-08-26 12:24:26
15,2026-08-26 07:18:58,2026-08-26 09:15:00,I,Interruption,-73.50486503657052,45.66201774397876,L,Crew at work,61,NA,0119,,20260826081010,2026-08-26 12:24:26
2,2026-08-26 07:38:10,2026-08-26 09:30:00,P,Outage,-72.21494443430882,48.903477814516776,A,Work assigned,,NA,4689,,20260826081010,2026-08-26 12:24:26
11,2026-08-26 07:42:46,2026-08-26 09:45:00,P,Outage,-72.71854261546126,46.69241771567294,R,Crew en route,,NA,2477,,20260826081010,2026-08-26 12:24:26
2,2026-08-26 07:45:13,2026-08-26 12:00:00,I,Interruption,-73.19722859792374,45.66393677920335,L,Crew at work,61,NA,7518,,20260826081010,2026-08-26 12:24:26
4,2026-08-26 07:49:19,2026-08-26 11:00:00,I,Interruption,-73.53687474428368,45.91439716508778,L,Crew at work,61,NA,5811,,20260826081010,2026-08-26 12:24:26
5,2026-08-26 07:47:24,2026-08-26 09:45:00,P,Outage,-73.65496086843672,46.05302093290144,R,Crew en route,,NA,5458,,20260826081010,2026-08-26 12:24:26
83,2026-08-26 07:50:21,,P,Outage,-73.61582382604365,45.511940343172455,N,NA,,NA,0117,,20260826081010,2026-08-26 12:24:26
6,2026-08-26 07:49:49,,P,Outage,-66.39775405027665,50.21446647411845,N,NA,,NA,9618,,20260826081010,2026-08-26 12:24:26
69,2026-08-26 07:59:48,2026-08-26 15:00:00,I,Interruption,-74.87637045893132,46.351097511485676,L,Crew at work,77,NA,4551,,20260826081010,2026-08-26 12:24:26
3,2026-08-26 08:01:22,,P,Outage,-70.42282921205378,46.78424306861722,N,NA,,NA,8680,,20260826081010,2026-08-26 12:24:26
2,2026-08-26 01:46:34,2026-08-26 09:15:00,P,Outage,-71.90504491575722,46.55869217106731,N,NA,,NA,6522,,20260826081010,2026-08-26 12:24:26
12,2026-08-26 07:18:58,2026-08-26 09:15:00,I,Interruption,-73.50293081046574,45.66166764536379,L,Crew at work,61,NA,0119,,20260826081010,2026-08-26 12:24:26
282,2026-08-26 07:15:20,2026-08-26 16:30:00,I,Interruption,-73.72538435824218,45.53779060212047,L,Crew at work,67,NA,1856,,20260826081010,2026-08-26 12:24:26
76,2026-08-26 07:46:06,2026-08-26 16:00:00,I,Interruption,-72.22865387427443,45.28827156456562,L,Crew at work,61,NA,4497,,20260826081010,2026-08-26 12:24:26
113,2026-08-26 08:01:34,2026-08-26 15:45:00,I,Interruption,-72.26082650086374,45.4416898661663,L,Crew at work,61,NA,4305,,20260826081010,2026-08-26 12:24:26
9,2026-08-26 08:05:20,2026-08-26 11:45:00,I,Interruption,-73.47182292059203,45.72911381128506,L,Crew at work,63,NA,5482,,20260826081010,2026-08-26 12:24:26
3302,2026-08-26 08:06:06,,P,Outage,-71.41330212690485,46.8492975961913,N,NA,,NA,5411,,20260826081010,2026-08-26 12:24:26
3,2026-08-25 23:04:00,2026-08-26 18:00:00,P,Outage,-57.413742521652736,51.46715022703333,L,Crew at work,21,Weather conditions,9787,,20260826081010,2026-08-26 12:24:26
41,2026-08-26 08:04:46,,P,Outage,-71.36493181881524,46.75418913305035,N,NA,,NA,6687,,20260826081010,2026-08-26 12:24:26
2,2026-08-26 08:07:34,2026-08-26 15:15:00,I,Interruption,-75.01814570690954,46.37478688135661,L,Crew at work,63,NA,4926,,20260826081010,2026-08-26 12:24:26
289,2026-08-26 07:58:40,,P,Outage,-73.82807628817434,45.468407461550115,N,NA,,NA,0221,,20260826081010,2026-08-26 12:24:26
26,2026-08-26 04:33:52,2026-08-26 09:45:00,P,Outage,-75.9385598867435,45.89538631775198,L,Crew at work,,NA,4461,,20260826081010,2026-08-26 12:24:26
4,2026-08-26 07:02:11,2026-08-26 09:00:00,P,Outage,-74.16481001233917,45.422582598907766,R,Crew en route,,NA,7368,,20260826081010,2026-08-26 12:24:26
3,2026-08-26 07:30:17,2026-08-26 09:30:00,P,Outage,-73.76311892254473,45.67892119174833,R,Crew en route,,NA,1430,,20260826081010,2026-08-26 12:24:26
10,2026-08-26 07:31:32,2026-08-26 09:30:00,P,Outage,-74.03547261869427,45.3897811162144,N,NA,,NA,9344,,20260826081010,2026-08-26 12:24:26
4,2026-08-26 07:34:58,2026-08-26 09:30:00,P,Outage,-73.75129111784484,46.046903187497094,N,NA,,NA,5458,,20260826081010,2026-08-26 12:24:26
53,2026-08-24 13:17:31,,P,Outage,-73.77140242471529,45.53091378672423,L,Crew at work,57,Accident or incident,1856,,20260826092011,2026-08-26 13:31:56
1,2026-08-26 05:08:11,2026-08-26 11:45:00,P,Outage,-71.55725519294344,45.46496411642679,R,Crew en route,,NA,1571,,20260826092011,2026-08-26 13:31:56
15,2026-08-26 07:18:58,,I,Interruption,-73.50486503657052,45.66201774397876,L,Crew at work,61,NA,0119,,20260826092011,2026-08-26 13:31:56
1,2026-08-26 09:04:17,2026-08-26 13:15:00,I,Interruption,-71.50455138534923,46.95840368115732,L,Crew at work,63,NA,6825,,20260826092011,2026-08-26 13:31:56
73,2026-08-26 09:02:41,2026-08-26 15:15:00,I,Interruption,-70.7392528611304,46.22150336565776,L,Crew at work,62,NA,1275,,20260826092011,2026-08-26 13:31:56
28,2026-08-26 09:03:45,2026-08-26 14:45:00,I,Interruption,-73.34419521499552,45.60117642831304,L,Crew at work,77,NA,8788,,20260826092011,2026-08-26 13:31:56
1952,2026-08-26 09:06:19,,P,Outage,-72.79223693021228,45.64464630349671,N,NA,,NA,7401,,20260826092011,2026-08-26 13:31:56
67,2026-08-26 09:12:38,,P,Outage,-73.58154630593108,45.499805903720414,N,NA,,NA,1000,,20260826092011,2026-08-26 13:31:56
4,2026-08-26 09:03:59,,P,Outage,-73.8607639372118,45.42526451359396,N,NA,,NA,0203,,20260826092011,2026-08-26 13:31:56
2,2026-08-26 09:07:26,2026-08-26 13:15:00,I,Interruption,-72.5906744306508,46.32649394044541,L,Crew at work,61,NA,9239,,20260826092011,2026-08-26 13:31:56
5,2026-08-26 09:06:05,,P,Outage,-74.19389027205244,45.454861311559696,N,NA,,NA,9344,,20260826092011,2026-08-26 13:31:56
3,2026-08-26 08:52:58,2026-08-26 11:00:00,P,Outage,-72.88097834534649,45.30260449051778,N,NA,,NA,1077,,20260826092011,2026-08-26 13:31:56
3,2026-08-26 09:10:04,2026-08-26 13:15:00,I,Interruption,-73.25482964661774,45.30520147605406,L,Crew at work,61,NA,7110,,20260826092011,2026-08-26 13:31:56
37,2026-08-26 09:10:29,,I,Interruption,-71.44597549020634,46.19924683175326,L,Crew at work,62,NA,7164,,20260826092011,2026-08-26 13:31:56
1,2026-08-26 09:15:31,2026-08-26 12:30:00,I,Interruption,-71.05273025224032,48.53611024920645,L,Crew at work,61,NA,7002,,20260826092011,2026-08-26 13:31:56
11,2026-08-26 07:42:46,2026-08-26 09:45:00,P,Outage,-72.71854261546126,46.69241771567294,R,Crew en route,,NA,2477,,20260826092011,2026-08-26 13:31:56
2,2026-08-26 07:45:13,2026-08-26 12:00:00,I,Interruption,-73.19722859792374,45.66393677920335,L,Crew at work,61,NA,7518,,20260826092011,2026-08-26 13:31:56
4,2026-08-26 07:49:19,2026-08-26 11:00:00,I,Interruption,-73.53687474428368,45.91439716508778,L,Crew at work,61,NA,5811,,20260826092011,2026-08-26 13:31:56
10,2026-08-26 09:01:51,2026-08-26 15:15:00,I,Interruption,-73.51307918372395,45.510084506971054,L,Crew at work,61,NA,7335,,20260826092011,2026-08-26 13:31:56
83,2026-08-26 07:50:21,2026-08-26 16:30:00,I,Interruption,-73.61582382604365,45.511940343172455,L,Crew at work,62,NA,0117,,20260826092011,2026-08-26 13:31:56
6,2026-08-26 07:49:49,2026-08-26 09:45:00,P,Outage,-66.39775405027665,50.21446647411845,R,Crew en route,,NA,9618,,20260826092011,2026-08-26 13:31:56
9,2026-08-26 09:01:33,2026-08-26 16:15:00,I,Interruption,-73.51247667958974,45.50986605611322,L,Crew at work,61,NA,7335,,20260826092011,2026-08-26 13:31:56
23,2026-08-26 09:13:45,2026-08-26 16:15:00,I,Interruption,-72.54875100772041,46.16477154643566,L,Crew at work,62,NA,8914,,20260826092011,2026-08-26 13:31:56
8,2026-08-26 09:18:43,2026-08-26 15:30:00,I,Interruption,-72.47013979270392,45.821621991692275,L,Crew at work,61,NA,7713,,20260826092011,2026-08-26 13:31:56
69,2026-08-26 07:59:48,2026-08-26 15:00:00,I,Interruption,-74.87637045893132,46.351097511485676,L,Crew at work,77,NA,4551,,20260826092011,2026-08-26 13:31:56
3,2026-08-26 08:01:22,2026-08-26 10:00:00,I,Interruption,-70.42282921205378,46.78424306861722,L,Crew at work,62,NA,8680,,20260826092011,2026-08-26 13:31:56
2,2026-08-26 01:46:34,,P,Outage,-71.90504491575722,46.55869217106731,R,Crew en route,,NA,6522,,20260826092011,2026-08-26 13:31:56
12,2026-08-26 07:18:58,,I,Interruption,-73.50293081046574,45.66166764536379,L,Crew at work,61,NA,0119,,20260826092011,2026-08-26 13:31:56
282,2026-08-26 07:15:20,2026-08-26 16:30:00,I,Interruption,-73.72538435824218,45.53779060212047,L,Crew at work,67,NA,1856,,20260826092011,2026-08-26 13:31:56
76,2026-08-26 07:46:06,2026-08-26 16:00:00,I,Interruption,-72.22865387427443,45.28827156456562,L,Crew at work,61,NA,4497,,20260826092011,2026-08-26 13:31:56
113,2026-08-26 08:01:34,2026-08-26 15:45:00,I,Interruption,-72.26082650086374,45.4416898661663,L,Crew at work,61,NA,4305,,20260826092011,2026-08-26 13:31:56
9,2026-08-26 08:05:20,2026-08-26 11:45:00,I,Interruption,-73.47182292059203,45.72911381128506,L,Crew at work,63,NA,5482,,20260826092011,2026-08-26 13:31:56
248,2026-08-26 08:26:11,2026-08-26 15:15:00,I,Interruption,-73.59257858364998,45.5953564510927,L,Crew at work,66,NA,0283,,20260826092011,2026-08-26 13:31:56
116,2026-08-26 08:06:06,2026-08-26 10:30:00,P,Outage,-71.41995757513283,46.846695062564756,R,Crew en route,,NA,9305,,20260826092011,2026-08-26 13:31:56
6,2026-08-26 08:10:56,2026-08-26 12:15:00,I,Interruption,-73.82498662560346,45.6567671062028,L,Crew at work,62,NA,1413,,20260826092011,2026-08-26 13:31:56
1,2026-08-26 08:10:47,2026-08-26 12:15:00,I,Interruption,-71.46957980396179,45.704448426372025,L,Crew at work,61,NA,9461,,20260826092011,2026-08-26 13:31:56
73,2026-08-26 08:09:05,2026-08-26 12:15:00,I,Interruption,-73.81386916816432,45.625999342738865,L,Crew at work,77,NA,5629,,20260826092011,2026-08-26 13:31:56
250,2026-08-26 08:11:47,2026-08-26 12:15:00,I,Interruption,-73.89920133794618,45.54672375456397,L,Crew at work,77,NA,1877,,20260826092011,2026-08-26 13:31:56
1,2026-08-26 08:12:11,2026-08-26 10:15:00,P,Outage,-68.45309874030735,49.354357874951575,N,NA,,NA,4515,,20260826092011,2026-08-26 13:31:56
207,2026-08-26 08:07:19,2026-08-26 16:15:00,I,Interruption,-75.88429620782462,45.613541352816526,L,Crew at work,62,NA,2648,,20260826092011,2026-08-26 13:31:56
1,2026-08-26 08:14:48,2026-08-26 10:15:00,P,Outage,-70.1540441705013,47.78115795013514,R,Crew en route,,NA,3930,,20260826092011,2026-08-26 13:31:56
22,2026-08-26 08:12:02,2026-08-26 10:15:00,I,Interruption,-71.25291796748574,46.78148714302049,L,Crew at work,61,NA,5769,,20260826092011,2026-08-26 13:31:56
1,2026-08-26 08:17:01,2026-08-26 13:15:00,I,Interruption,-72.53447365856702,45.337278206734304,L,Crew at work,62,NA,9455,,20260826092011,2026-08-26 13:31:56
364,2026-08-26 08:16:27,2026-08-26 16:15:00,I,Interruption,-73.42910767645056,45.769994033504055,L,Crew at work,61,NA,5482,,20260826092011,2026-08-26 13:31:56
261,2026-08-26 07:58:40,2026-08-26 12:30:00,I,Interruption,-73.82832156686194,45.468853701130534,L,Crew at work,62,NA,0255,,20260826092011,2026-08-26 13:31:56
159,2026-08-26 08:20:43,2026-08-26 10:15:00,I,Interruption,-73.61443639859343,45.599443115186496,L,Crew at work,61,NA,0283,,20260826092011,2026-08-26 13:31:56
235,2026-08-26 08:31:16,2026-08-26 13:45:00,I,Interruption,-71.42476495818184,46.85131498573323,L,Crew at work,63,NA,9305,,20260826092011,2026-08-26 13:31:56
3,2026-08-25 23:04:00,2026-08-26 18:00:00,P,Outage,-57.413742521652736,51.46715022703333,L,Crew at work,21,Weather conditions,9787,,20260826092011,2026-08-26 13:31:56
306,2026-08-26 08:35:16,2026-08-26 10:15:00,I,Interruption,-76.27284732285385,46.11000679788174,L,Crew at work,61,NA,2108,,20260826092011,2026-08-26 13:31:56
33,2026-08-26 08:22:42,2026-08-26 14:30:00,I,Interruption,-73.58323031642848,45.498193081284754,L,Crew at work,61,NA,1000,,20260826092011,2026-08-26 13:31:56
167,2026-08-26 08:35:21,2026-08-26 10:30:00,I,Interruption,-73.61362590643628,45.523349064450635,L,Crew at work,61,NA,0117,,20260826092011,2026-08-26 13:31:56
1,2026-08-26 08:38:25,2026-08-26 12:15:00,I,Interruption,-73.50017459430424,45.763462203995445,L,Crew at work,63,NA,7842,,20260826092011,2026-08-26 13:31:56
2,2026-08-26 08:35:55,2026-08-26 12:45:00,I,Interruption,-73.93786891711551,45.42405921666202,L,Crew at work,61,NA,0265,,20260826092011,2026-08-26 13:31:56
105,2026-08-26 08:37:36,2026-08-26 15:45:00,I,Interruption,-73.74972175383584,45.54803640892304,L,Crew at work,61,NA,1856,,20260826092011,2026-08-26 13:31:56
4,2026-08-26 08:40:50,2026-08-26 11:45:00,I,Interruption,-61.95909662370993,47.24459852873328,L,Crew at work,63,NA,1263,,20260826092011,2026-08-26 13:31:56
615,2026-08-26 08:39:47,2026-08-26 15:45:00,I,Interruption,-73.83937108911606,45.60688061108843,L,Crew at work,62,NA,9371,,20260826092011,2026-08-26 13:31:56
20,2026-08-26 08:43:30,2026-08-26 16:45:00,I,Interruption,-74.27920900237051,46.055738846027175,L,Crew at work,62,NA,8401,,20260826092011,2026-08-26 13:31:56
7,2026-08-26 08:43:54,2026-08-26 16:45:00,I,Interruption,-74.27922739050516,46.05556200272687,L,Crew at work,62,NA,8401,,20260826092011,2026-08-26 13:31:56
21,2026-08-26 08:42:21,2026-08-26 15:45:00,I,Interruption,-73.5749428652836,45.66839634104789,L,Crew at work,61,NA,6717,,20260826092011,2026-08-26 13:31:56
4,2026-08-26 08:44:55,2026-08-26 13:15:00,I,Interruption,-73.59453705853254,45.769952701557415,L,Crew at work,61,NA,6972,,20260826092011,2026-08-26 13:31:56
9,2026-08-26 08:44:34,2026-08-26 14:15:00,I,Interruption,-74.10891083229468,45.26230427988377,L,Crew at work,61,NA,5707,,20260826092011,2026-08-26 13:31:56
41,2026-08-26 08:04:46,2026-08-26 14:15:00,I,Interruption,-71.36493181881524,46.75418913305035,L,Crew at work,77,NA,6687,,20260826092011,2026-08-26 13:31:56
2,2026-08-26 08:07:34,2026-08-26 15:15:00,I,Interruption,-75.01814570690954,46.37478688135661,L,Crew at work,63,NA,4926,,20260826092011,2026-08-26 13:31:56
2,2026-08-26 08:54:45,2026-08-26 16:00:00,I,Interruption,-71.05373510594906,48.41026774717237,L,Crew at work,67,NA,1850,,20260826092011,2026-08-26 13:31:56
1,2026-08-26 08:54:53,2026-08-26 10:45:00,P,Outage,-75.51471516894732,46.61274175123007,L,Crew at work,11,Equipment failure,5593,,20260826092011,2026-08-26 13:31:56
16,2026-08-26 08:55:16,2026-08-26 11:00:00,P,Outage,-71.24219154657261,46.822854738575316,L,Crew at work,44,Accident or incident,5410,,20260826092011,2026-08-26 13:31:56
57,2026-08-26 08:48:49,2026-08-26 12:00:00,I,Interruption,-73.4161849955805,46.03327876787057,L,Crew at work,61,NA,3732,,20260826092011,2026-08-26 13:31:56
78,2026-08-26 08:46:46,2026-08-26 15:30:00,I,Interruption,-73.32495233532859,45.53053180971795,L,Crew at work,61,NA,6210,,20260826092011,2026-08-26 13:31:56
7,2026-08-26 08:48:52,2026-08-26 10:45:00,P,Outage,-75.65407215457388,45.4846491886733,N,NA,,NA,2375,,20260826092011,2026-08-26 13:31:56
128,2026-08-26 09:00:46,,I,Interruption,-74.37115998392548,49.91607527257595,L,Crew at work,61,NA,1844,,20260826092011,2026-08-26 13:31:56
5,2026-08-26 09:02:45,2026-08-26 11:45:00,I,Interruption,-73.43606544263956,45.69332549987311,L,Crew at work,62,NA,9326,,20260826092011,2026-08-26 13:31:56
18,2026-08-26 07:49:45,2026-08-26 11:00:00,P,Outage,-66.39802312551177,50.215260710703085,A,Work assigned,,NA,5721,,20260826092011,2026-08-26 13:31:56
449,2026-08-26 09:07:54,,I,Interruption,-74.05145185811031,45.80659362397814,L,Crew at work,61,NA,1353,,20260826092011,2026-08-26 13:31:56
3,2026-08-26 08:18:59,2026-08-26 10:15:00,P,Outage,-72.53703337699902,46.37852861050022,L,Crew at work,,NA,1652,,20260826092011,2026-08-26 13:31:56
18,2026-08-26 08:20:52,2026-08-26 12:30:00,P,Outage,-73.50580202485524,45.542533122796456,N,NA,,NA,4410,,20260826092011,2026-08-26 13:31:56
4,2026-08-26 07:02:11,,P,Outage,-74.16481001233917,45.422582598907766,R,Crew en route,,NA,7368,,20260826092011,2026-08-26 13:31:56
10,2026-08-26 07:31:32,2026-08-26 12:15:00,P,Outage,-74.03547261869427,45.3897811162144,N,NA,,NA,9344,,20260826092011,2026-08-26 13:31:56
4,2026-08-26 07:34:58,2026-08-26 09:30:00,P,Outage,-73.75129111784484,46.046903187497094,R,Crew en route,,NA,5458,,20260826092011,2026-08-26 13:31:56
4,2026-08-26 09:03:22,,P,Outage,-71.25419586908298,46.80195125331385,N,NA,,NA,5411,,20260826092011,2026-08-26 13:31:56
69,2026-08-26 09:01:13,,P,Outage,-71.43742245813546,46.86282098474148,N,NA,,NA,9305,,20260826092011,2026-08-26 13:31:56
215,2026-08-26 09:00:22,,I,Interruption,-76.130698408712135,46.144211916670216,L,Crew at work,61,NA,9530,,20260826092011,2026-08-26 13:31:56
53,2026-08-24 13:17:31,,P,Outage,-73.77140242471529,45.53091378672423,L,Crew at work,57,Accident or incident,1856,,20260826100020,2026-08-26 14:13:20
1,2026-08-26 05:08:11,2026-08-26 11:45:00,P,Outage,-71.55725519294344,45.46496411642679,R,Crew en route,,NA,1571,,20260826100020,2026-08-26 14:13:20
15,2026-08-26 07:18:58,,I,Interruption,-73.50486503657052,45.66201774397876,L,Crew at work,61,NA,0119,,20260826100020,2026-08-26 14:13:20
1,2026-08-26 09:04:17,2026-08-26 13:15:00,I,Interruption,-71.50455138534923,46.95840368115732,L,Crew at work,63,NA,6825,,20260826100020,2026-08-26 14:13:20
73,2026-08-26 09:02:41,2026-08-26 15:15:00,I,Interruption,-70.7392528611304,46.22150336565776,L,Crew at work,62,NA,1275,,20260826100020,2026-08-26 14:13:20
28,2026-08-26 09:03:45,2026-08-26 14:45:00,I,Interruption,-73.34419521499552,45.60117642831304,L,Crew at work,77,NA,8788,,20260826100020,2026-08-26 14:13:20
27,2026-08-26 09:38:51,2026-08-26 11:45:00,I,Interruption,-71.25179088983863,46.79307861502296,L,Crew at work,63,NA,5411,,20260826100020,2026-08-26 14:13:20
67,2026-08-26 09:12:38,2026-08-26 11:00:00,P,Outage,-73.58154630593108,45.499805903720414,R,Crew en route,,NA,1000,,20260826100020,2026-08-26 14:13:20
2,2026-08-26 09:37:51,2026-08-26 15:15:00,I,Interruption,-74.12183289509049,45.84412726294414,L,Crew at work,62,NA,8497,,20260826100020,2026-08-26 14:13:20
4,2026-08-26 09:03:59,2026-08-26 14:45:00,I,Interruption,-73.8607639372118,45.42526451359396,L,Crew at work,62,NA,0203,,20260826100020,2026-08-26 14:13:20
2,2026-08-26 09:07:26,2026-08-26 13:15:00,I,Interruption,-72.5906744306508,46.32649394044541,L,Crew at work,61,NA,9239,,20260826100020,2026-08-26 14:13:20
5,2026-08-26 09:06:05,2026-08-26 11:00:00,P,Outage,-74.19389027205244,45.454861311559696,N,NA,,NA,9344,,20260826100020,2026-08-26 14:13:20
3,2026-08-26 08:52:58,2026-08-26 11:00:00,P,Outage,-72.88097834534649,45.30260449051778,N,NA,,NA,1077,,20260826100020,2026-08-26 14:13:20
3,2026-08-26 09:10:04,2026-08-26 13:15:00,I,Interruption,-73.25482964661774,45.30520147605406,L,Crew at work,61,NA,7110,,20260826100020,2026-08-26 14:13:20
37,2026-08-26 09:10:29,2026-08-26 15:15:00,I,Interruption,-71.44597549020634,46.19924683175326,L,Crew at work,62,NA,7164,,20260826100020,2026-08-26 14:13:20
1,2026-08-26 09:15:31,2026-08-26 12:30:00,I,Interruption,-71.05273025224032,48.53611024920645,L,Crew at work,61,NA,7002,,20260826100020,2026-08-26 14:13:20
13,2026-08-26 07:42:46,,P,Outage,-72.71835367901578,46.6926107047275,L,Crew at work,53,Animal damage,2477,,20260826100020,2026-08-26 14:13:20
2,2026-08-26 07:45:13,2026-08-26 12:00:00,I,Interruption,-73.19722859792374,45.66393677920335,L,Crew at work,61,NA,7518,,20260826100020,2026-08-26 14:13:20
4,2026-08-26 07:49:19,2026-08-26 11:00:00,I,Interruption,-73.53687474428368,45.91439716508778,L,Crew at work,61,NA,5811,,20260826100020,2026-08-26 14:13:20
10,2026-08-26 09:01:51,2026-08-26 15:15:00,I,Interruption,-73.51307918372395,45.510084506971054,L,Crew at work,61,NA,7335,,20260826100020,2026-08-26 14:13:20
83,2026-08-26 07:50:21,2026-08-26 16:30:00,I,Interruption,-73.61582382604365,45.511940343172455,L,Crew at work,62,NA,0117,,20260826100020,2026-08-26 14:13:20
9,2026-08-26 09:01:33,2026-08-26 16:15:00,I,Interruption,-73.51247667958974,45.50986605611322,L,Crew at work,61,NA,7335,,20260826100020,2026-08-26 14:13:20
23,2026-08-26 09:13:45,2026-08-26 16:15:00,I,Interruption,-72.54875100772041,46.16477154643566,L,Crew at work,62,NA,8914,,20260826100020,2026-08-26 14:13:20
8,2026-08-26 09:18:43,2026-08-26 15:30:00,I,Interruption,-72.47013979270392,45.821621991692275,L,Crew at work,61,NA,7713,,20260826100020,2026-08-26 14:13:20
4,2026-08-26 09:19:48,2026-08-26 16:00:00,I,Interruption,-72.5404478294487,46.158022955991925,L,Crew at work,64,NA,8914,,20260826100020,2026-08-26 14:13:20
4,2026-08-26 09:20:02,2026-08-26 12:30:00,I,Interruption,-73.4148095590333,46.32987174419448,L,Crew at work,63,NA,6813,,20260826100020,2026-08-26 14:13:20
10,2026-08-26 09:51:11,2026-08-26 15:45:00,I,Interruption,-73.55740499061599,45.38238348762726,L,Crew at work,62,NA,6372,,20260826100020,2026-08-26 14:13:20
2,2026-08-26 09:46:16,2026-08-26 15:30:00,I,Interruption,-73.14995888704604,46.016275115818324,L,Crew at work,61,NA,5775,,20260826100020,2026-08-26 14:13:20
8,2026-08-26 09:43:54,,P,Outage,-68.45164945885243,48.50585645395519,R,Crew en route,,NA,8515,,20260826100020,2026-08-26 14:13:20
23,2026-08-26 09:51:38,2026-08-26 15:45:00,I,Interruption,-73.55763479302041,45.381915426629114,L,Crew at work,62,NA,6372,,20260826100020,2026-08-26 14:13:20
8,2026-08-26 09:17:10,2026-08-26 11:15:00,P,Outage,-72.8259791180389,45.32425448297652,N,NA,,NA,5925,,20260826100020,2026-08-26 14:13:20
3,2026-08-26 09:21:50,2026-08-26 11:45:00,I,Interruption,-61.55132282661097,47.549344519802396,L,Crew at work,61,NA,2462,,20260826100020,2026-08-26 14:13:20
47,2026-08-26 09:20:00,2026-08-26 16:30:00,I,Interruption,-72.74281158107453,46.559704073357736,L,Crew at work,62,NA,5733,,20260826100020,2026-08-26 14:13:20
69,2026-08-26 07:59:48,2026-08-26 15:00:00,I,Interruption,-74.87637045893132,46.351097511485676,L,Crew at work,77,NA,4551,,20260826100020,2026-08-26 14:13:20
3,2026-08-26 08:01:22,,I,Interruption,-70.42282921205378,46.78424306861722,L,Crew at work,62,NA,8680,,20260826100020,2026-08-26 14:13:20
3,2026-08-26 09:24:41,2026-08-26 11:30:00,P,Outage,-73.41459242604735,46.33039717677812,L,Crew at work,,NA,6813,,20260826100020,2026-08-26 14:13:20
6,2026-08-26 09:26:53,2026-08-26 11:30:00,I,Interruption,-72.46179464764543,46.39429836554601,L,Crew at work,63,NA,8881,,20260826100020,2026-08-26 14:13:20
43,2026-08-26 09:29:28,2026-08-26 16:45:00,I,Interruption,-73.5598661635802,45.52703372836521,L,Crew at work,62,NA,1000,,20260826100020,2026-08-26 14:13:20
38,2026-08-26 09:29:59,2026-08-26 16:45:00,I,Interruption,-73.56062140498209,45.52738698544987,L,Crew at work,62,NA,1000,,20260826100020,2026-08-26 14:13:20
23,2026-08-26 09:27:47,2026-08-26 11:30:00,I,Interruption,-73.58102722075579,45.58470113033539,L,Crew at work,61,NA,0283,,20260826100020,2026-08-26 14:13:20
76,2026-08-26 09:27:48,2026-08-26 11:30:00,I,Interruption,-73.58112835901883,45.58456492510965,L,Crew at work,61,NA,0283,,20260826100020,2026-08-26 14:13:20
2,2026-08-26 01:46:34,,P,Outage,-71.90504491575722,46.55869217106731,R,Crew en route,,NA,6522,,20260826100020,2026-08-26 14:13:20
12,2026-08-26 07:18:58,,I,Interruption,-73.50293081046574,45.66166764536379,L,Crew at work,61,NA,0119,,20260826100020,2026-08-26 14:13:20
282,2026-08-26 07:15:20,2026-08-26 16:30:00,I,Interruption,-73.72538435824218,45.53779060212047,L,Crew at work,67,NA,1856,,20260826100020,2026-08-26 14:13:20
76,2026-08-26 07:46:06,2026-08-26 16:00:00,I,Interruption,-72.22865387427443,45.28827156456562,L,Crew at work,61,NA,4497,,20260826100020,2026-08-26 14:13:20
113,2026-08-26 08:01:34,2026-08-26 15:45:00,I,Interruption,-72.26082650086374,45.4416898661663,L,Crew at work,61,NA,4305,,20260826100020,2026-08-26 14:13:20
9,2026-08-26 08:05:20,2026-08-26 11:45:00,I,Interruption,-73.47182292059203,45.72911381128506,L,Crew at work,63,NA,5482,,20260826100020,2026-08-26 14:13:20
248,2026-08-26 08:26:11,2026-08-26 15:15:00,I,Interruption,-73.59257858364998,45.5953564510927,L,Crew at work,66,NA,0283,,20260826100020,2026-08-26 14:13:20
116,2026-08-26 08:06:06,2026-08-26 10:30:00,P,Outage,-71.41995757513283,46.846695062564756,L,Crew at work,58,Equipment failure,9305,,20260826100020,2026-08-26 14:13:20
208,2026-08-26 09:31:11,2026-08-26 11:30:00,I,Interruption,-73.18059550365655,45.529484564174105,L,Crew at work,61,NA,4713,,20260826100020,2026-08-26 14:13:20
20,2026-08-26 09:36:01,2026-08-26 14:45:00,I,Interruption,-73.57681459225722,45.491580328446915,N,NA,61,NA,1000,,20260826100020,2026-08-26 14:13:20
69,2026-08-26 09:01:13,2026-08-26 11:15:00,I,Interruption,-71.43742245813546,46.86282098474148,L,Crew at work,63,NA,9305,,20260826100020,2026-08-26 14:13:20
6,2026-08-26 08:10:56,2026-08-26 12:15:00,I,Interruption,-73.82498662560346,45.6567671062028,L,Crew at work,62,NA,1413,,20260826100020,2026-08-26 14:13:20
1,2026-08-26 08:10:47,2026-08-26 12:15:00,I,Interruption,-71.46957980396179,45.704448426372025,L,Crew at work,61,NA,9461,,20260826100020,2026-08-26 14:13:20
73,2026-08-26 08:09:05,2026-08-26 12:15:00,I,Interruption,-73.81386916816432,45.625999342738865,L,Crew at work,77,NA,5629,,20260826100020,2026-08-26 14:13:20
250,2026-08-26 08:11:47,2026-08-26 12:15:00,I,Interruption,-73.89920133794618,45.54672375456397,L,Crew at work,77,NA,1877,,20260826100020,2026-08-26 14:13:20
1,2026-08-26 08:12:11,2026-08-26 10:15:00,P,Outage,-68.45309874030735,49.354357874951575,R,Crew en route,,NA,4515,,20260826100020,2026-08-26 14:13:20
11,2026-08-26 09:43:18,,P,Outage,-70.13689807460757,47.779818568615134,L,Crew at work,,NA,3930,,20260826100020,2026-08-26 14:13:20
55,2026-08-26 09:41:45,,P,Outage,-71.98248334819954,46.00937837713166,N,NA,,NA,9359,,20260826100020,2026-08-26 14:13:20
7,2026-08-26 09:46:04,2026-08-26 14:00:00,I,Interruption,-75.50586415968037,46.55800484713228,L,Crew at work,61,NA,4704,,20260826100020,2026-08-26 14:13:20
1,2026-08-26 07:47:34,2026-08-26 11:45:00,P,Outage,-69.60338656898614,47.727661267533044,A,Work assigned,,NA,5895,,20260826100020,2026-08-26 14:13:20
7,2026-08-26 09:43:52,,P,Outage,-72.5425445821382,46.37055264836806,N,NA,,NA,1652,,20260826100020,2026-08-26 14:13:20
1,2026-08-26 09:47:19,,P,Outage,-70.73253937794951,46.48417324715125,R,Crew en route,,NA,6513,,20260826100020,2026-08-26 14:13:20
207,2026-08-26 08:07:19,2026-08-26 16:15:00,I,Interruption,-75.88429620782462,45.613541352816526,L,Crew at work,62,NA,2648,,20260826100020,2026-08-26 14:13:20
22,2026-08-26 08:12:02,2026-08-26 10:15:00,I,Interruption,-71.25291796748574,46.78148714302049,L,Crew at work,61,NA,5769,,20260826100020,2026-08-26 14:13:20
1,2026-08-26 08:17:01,2026-08-26 13:15:00,I,Interruption,-72.53447365856702,45.337278206734304,L,Crew at work,62,NA,9455,,20260826100020,2026-08-26 14:13:20
364,2026-08-26 08:16:27,2026-08-26 16:15:00,I,Interruption,-73.42910767645056,45.769994033504055,L,Crew at work,61,NA,5482,,20260826100020,2026-08-26 14:13:20
261,2026-08-26 07:58:40,2026-08-26 12:30:00,I,Interruption,-73.82832156686194,45.468853701130534,L,Crew at work,62,NA,0255,,20260826100020,2026-08-26 14:13:20
159,2026-08-26 08:20:43,2026-08-26 10:15:00,I,Interruption,-73.61443639859343,45.599443115186496,L,Crew at work,61,NA,0283,,20260826100020,2026-08-26 14:13:20
235,2026-08-26 08:31:16,2026-08-26 13:45:00,I,Interruption,-71.42476495818184,46.85131498573323,L,Crew at work,63,NA,9305,,20260826100020,2026-08-26 14:13:20
3,2026-08-25 23:04:00,2026-08-26 18:00:00,P,Outage,-57.413742521652736,51.46715022703333,L,Crew at work,21,Weather conditions,9787,,20260826100020,2026-08-26 14:13:20
36,2026-08-26 09:38:46,2026-08-26 11:45:00,P,Outage,-73.58034584771033,45.4807736196961,N,NA,,NA,1000,,20260826100020,2026-08-26 14:13:20
33,2026-08-26 08:22:42,2026-08-26 14:30:00,I,Interruption,-73.58323031642848,45.498193081284754,L,Crew at work,61,NA,1000,,20260826100020,2026-08-26 14:13:20
167,2026-08-26 08:35:21,2026-08-26 10:30:00,I,Interruption,-73.61362590643628,45.523349064450635,L,Crew at work,61,NA,0117,,20260826100020,2026-08-26 14:13:20
1,2026-08-26 08:38:25,2026-08-26 12:15:00,I,Interruption,-73.50017459430424,45.763462203995445,L,Crew at work,63,NA,7842,,20260826100020,2026-08-26 14:13:20
2,2026-08-26 08:35:55,2026-08-26 12:45:00,I,Interruption,-73.93786891711551,45.42405921666202,L,Crew at work,61,NA,0265,,20260826100020,2026-08-26 14:13:20
105,2026-08-26 08:37:36,2026-08-26 15:45:00,I,Interruption,-73.74972175383584,45.54803640892304,L,Crew at work,61,NA,1856,,20260826100020,2026-08-26 14:13:20
615,2026-08-26 08:39:47,2026-08-26 15:45:00,I,Interruption,-73.83937108911606,45.60688061108843,L,Crew at work,62,NA,9371,,20260826100020,2026-08-26 14:13:20
20,2026-08-26 08:43:30,2026-08-26 16:45:00,I,Interruption,-74.27920900237051,46.055738846027175,L,Crew at work,62,NA,8401,,20260826100020,2026-08-26 14:13:20
7,2026-08-26 08:43:54,2026-08-26 16:45:00,I,Interruption,-74.27922739050516,46.05556200272687,L,Crew at work,62,NA,8401,,20260826100020,2026-08-26 14:13:20
21,2026-08-26 08:42:21,2026-08-26 15:45:00,I,Interruption,-73.5749428652836,45.66839634104789,L,Crew at work,61,NA,6717,,20260826100020,2026-08-26 14:13:20
4,2026-08-26 08:44:55,2026-08-26 13:15:00,I,Interruption,-73.59453705853254,45.769952701557415,L,Crew at work,61,NA,6972,,20260826100020,2026-08-26 14:13:20
9,2026-08-26 08:44:34,2026-08-26 14:15:00,I,Interruption,-74.10891083229468,45.26230427988377,L,Crew at work,61,NA,5707,,20260826100020,2026-08-26 14:13:20
41,2026-08-26 08:04:46,2026-08-26 14:15:00,I,Interruption,-71.36493181881524,46.75418913305035,L,Crew at work,77,NA,6687,,20260826100020,2026-08-26 14:13:20
2,2026-08-26 08:07:34,2026-08-26 15:15:00,I,Interruption,-75.01814570690954,46.37478688135661,L,Crew at work,63,NA,4926,,20260826100020,2026-08-26 14:13:20
2,2026-08-26 08:54:45,2026-08-26 16:00:00,I,Interruption,-71.05373510594906,48.41026774717237,L,Crew at work,67,NA,1850,,20260826100020,2026-08-26 14:13:20
1,2026-08-26 08:54:53,2026-08-26 10:45:00,P,Outage,-75.51471516894732,46.61274175123007,L,Crew at work,11,Equipment failure,5593,,20260826100020,2026-08-26 14:13:20
16,2026-08-26 08:55:16,2026-08-26 11:00:00,P,Outage,-71.24219154657261,46.822854738575316,L,Crew at work,44,Accident or incident,5410,,20260826100020,2026-08-26 14:13:20
78,2026-08-26 08:46:46,2026-08-26 15:30:00,I,Interruption,-73.32495233532859,45.53053180971795,L,Crew at work,61,NA,6210,,20260826100020,2026-08-26 14:13:20
7,2026-08-26 08:48:52,2026-08-26 13:30:00,I,Interruption,-75.65407215457388,45.4846491886733,L,Crew at work,61,NA,2375,,20260826100020,2026-08-26 14:13:20
128,2026-08-26 09:00:46,2026-08-26 11:00:00,I,Interruption,-74.37115998392548,49.91607527257595,L,Crew at work,61,NA,1844,,20260826100020,2026-08-26 14:13:20
1,2026-08-26 09:56:00,,P,Outage,-73.69194404865861,45.2768377865717,R,Crew en route,,NA,7065,,20260826100020,2026-08-26 14:13:20
449,2026-08-26 09:07:54,2026-08-26 11:15:00,I,Interruption,-74.05145185811031,45.80659362397814,L,Crew at work,61,NA,1353,,20260826100020,2026-08-26 14:13:20
12,2026-08-26 09:18:53,2026-08-26 14:15:00,I,Interruption,-70.8054323270123,46.111073749215045,L,Crew at work,62,NA,6162,,20260826100020,2026-08-26 14:13:20
10,2026-08-26 07:31:32,2026-08-26 12:15:00,P,Outage,-74.03547261869427,45.3897811162144,R,Crew en route,,NA,9344,,20260826100020,2026-08-26 14:13:20
8,2026-08-26 09:42:05,,P,Outage,-72.76090315114469,46.44356827186568,L,Crew at work,,NA,6600,,20260826100020,2026-08-26 14:13:20
215,2026-08-26 09:00:22,2026-08-26 11:00:00,I,Interruption,-76.130698408712135,46.144211916670216,L,Crew at work,61,NA,9530,,20260826100020,2026-08-26 14:13:20
53,2026-08-24 13:17:31,,P,Outage,-73.77140242471529,45.53091378672423,L,Crew at work,57,Accident or incident,1856,,20260826105013,2026-08-26 15:04:56
1,2026-08-26 05:08:11,2026-08-26 11:45:00,P,Outage,-71.55725519294344,45.46496411642679,R,Crew en route,,NA,1571,,20260826105013,2026-08-26 15:04:56
15,2026-08-26 07:18:58,2026-08-26 14:15:00,I,Interruption,-73.50486503657052,45.66201774397876,L,Crew at work,61,NA,0119,,20260826105013,2026-08-26 15:04:56
1,2026-08-26 09:04:17,2026-08-26 13:15:00,I,Interruption,-71.50455138534923,46.95840368115732,L,Crew at work,63,NA,6825,,20260826105013,2026-08-26 15:04:56
73,2026-08-26 09:02:41,2026-08-26 15:15:00,I,Interruption,-70.7392528611304,46.22150336565776,L,Crew at work,62,NA,1275,,20260826105013,2026-08-26 15:04:56
28,2026-08-26 09:03:45,2026-08-26 14:45:00,I,Interruption,-73.34419521499552,45.60117642831304,L,Crew at work,77,NA,8788,,20260826105013,2026-08-26 15:04:56
16,2026-08-26 10:10:25,2026-08-26 12:15:00,P,Outage,-70.66021024356988,46.12290234521672,N,NA,,NA,6840,,20260826105013,2026-08-26 15:04:56
67,2026-08-26 09:12:38,2026-08-26 11:00:00,P,Outage,-73.58154630593108,45.499805903720414,A,Work assigned,,NA,1000,,20260826105013,2026-08-26 15:04:56
2,2026-08-26 09:37:51,2026-08-26 15:15:00,I,Interruption,-74.12183289509049,45.84412726294414,L,Crew at work,62,NA,8497,,20260826105013,2026-08-26 15:04:56
26,2026-08-26 10:12:41,2026-08-26 14:15:00,I,Interruption,-73.86421977276197,45.31151790309274,L,Crew at work,66,NA,1290,,20260826105013,2026-08-26 15:04:56
4,2026-08-26 09:03:59,2026-08-26 14:45:00,I,Interruption,-73.8607639372118,45.42526451359396,L,Crew at work,62,NA,0203,,20260826105013,2026-08-26 15:04:56
2,2026-08-26 09:07:26,2026-08-26 13:15:00,I,Interruption,-72.5906744306508,46.32649394044541,L,Crew at work,61,NA,9239,,20260826105013,2026-08-26 15:04:56
5,2026-08-26 09:06:05,2026-08-26 11:00:00,P,Outage,-74.19389027205244,45.454861311559696,R,Crew en route,,NA,9344,,20260826105013,2026-08-26 15:04:56
3,2026-08-26 08:52:58,2026-08-26 11:00:00,P,Outage,-72.88097834534649,45.30260449051778,N,NA,,NA,1077,,20260826105013,2026-08-26 15:04:56
3,2026-08-26 09:10:04,2026-08-26 13:15:00,I,Interruption,-73.25482964661774,45.30520147605406,L,Crew at work,61,NA,7110,,20260826105013,2026-08-26 15:04:56
37,2026-08-26 09:10:29,2026-08-26 15:15:00,I,Interruption,-71.44597549020634,46.19924683175326,L,Crew at work,62,NA,7164,,20260826105013,2026-08-26 15:04:56
1,2026-08-26 09:15:31,2026-08-26 12:30:00,I,Interruption,-71.05273025224032,48.53611024920645,L,Crew at work,61,NA,7002,,20260826105013,2026-08-26 15:04:56
2,2026-08-26 10:07:32,2026-08-26 12:15:00,P,Outage,-74.5127211859099,46.11097924602529,N,NA,,NA,5802,,20260826105013,2026-08-26 15:04:56
2,2026-08-26 07:45:13,2026-08-26 12:00:00,I,Interruption,-73.19722859792374,45.66393677920335,L,Crew at work,61,NA,7518,,20260826105013,2026-08-26 15:04:56
10,2026-08-26 09:01:51,2026-08-26 15:15:00,I,Interruption,-73.51307918372395,45.510084506971054,L,Crew at work,61,NA,7335,,20260826105013,2026-08-26 15:04:56
83,2026-08-26 07:50:21,2026-08-26 16:30:00,I,Interruption,-73.61582382604365,45.511940343172455,L,Crew at work,62,NA,0117,,20260826105013,2026-08-26 15:04:56
1,2026-08-26 10:28:36,2026-08-26 12:30:00,P,Outage,-69.11860013525353,48.73325040827374,L,Crew at work,,NA,2318,,20260826105013,2026-08-26 15:04:56
9,2026-08-26 09:01:33,2026-08-26 16:15:00,I,Interruption,-73.51247667958974,45.50986605611322,L,Crew at work,61,NA,7335,,20260826105013,2026-08-26 15:04:56
23,2026-08-26 09:13:45,2026-08-26 16:15:00,I,Interruption,-72.54875100772041,46.16477154643566,L,Crew at work,62,NA,8914,,20260826105013,2026-08-26 15:04:56
8,2026-08-26 09:18:43,2026-08-26 15:30:00,I,Interruption,-72.47013979270392,45.821621991692275,L,Crew at work,61,NA,7713,,20260826105013,2026-08-26 15:04:56
4,2026-08-26 09:19:48,2026-08-26 16:00:00,I,Interruption,-72.5404478294487,46.158022955991925,L,Crew at work,64,NA,8914,,20260826105013,2026-08-26 15:04:56
10,2026-08-26 09:51:11,2026-08-26 15:45:00,I,Interruption,-73.55740499061599,45.38238348762726,L,Crew at work,62,NA,6372,,20260826105013,2026-08-26 15:04:56
2,2026-08-26 09:46:16,2026-08-26 15:30:00,I,Interruption,-73.14995888704604,46.016275115818324,L,Crew at work,61,NA,5775,,20260826105013,2026-08-26 15:04:56
8,2026-08-26 09:43:54,2026-08-26 11:45:00,P,Outage,-68.45164945885243,48.50585645395519,L,Crew at work,,NA,8515,,20260826105013,2026-08-26 15:04:56
23,2026-08-26 09:51:38,2026-08-26 15:45:00,I,Interruption,-73.55763479302041,45.381915426629114,L,Crew at work,62,NA,6372,,20260826105013,2026-08-26 15:04:56
8,2026-08-26 09:17:10,2026-08-26 12:15:00,P,Outage,-72.8259791180389,45.32425448297652,R,Crew en route,,NA,5925,,20260826105013,2026-08-26 15:04:56
3,2026-08-26 09:21:50,2026-08-26 11:45:00,I,Interruption,-61.55132282661097,47.549344519802396,L,Crew at work,61,NA,2462,,20260826105013,2026-08-26 15:04:56
47,2026-08-26 09:20:00,2026-08-26 16:30:00,I,Interruption,-72.74281158107453,46.559704073357736,L,Crew at work,62,NA,5733,,20260826105013,2026-08-26 15:04:56
2,2026-08-26 09:59:37,2026-08-26 16:00:00,I,Interruption,-72.65718010561861,46.37374278797259,L,Crew at work,63,NA,9233,,20260826105013,2026-08-26 15:04:56
69,2026-08-26 07:59:48,2026-08-26 15:00:00,I,Interruption,-74.87637045893132,46.351097511485676,L,Crew at work,77,NA,4551,,20260826105013,2026-08-26 15:04:56
3,2026-08-26 08:01:22,2026-08-26 16:45:00,I,Interruption,-70.42282921205378,46.78424306861722,L,Crew at work,62,NA,8680,,20260826105013,2026-08-26 15:04:56
6,2026-08-26 09:26:53,2026-08-26 11:30:00,I,Interruption,-72.46179464764543,46.39429836554601,L,Crew at work,63,NA,8881,,20260826105013,2026-08-26 15:04:56
43,2026-08-26 09:29:28,2026-08-26 16:45:00,I,Interruption,-73.5598661635802,45.52703372836521,L,Crew at work,62,NA,1000,,20260826105013,2026-08-26 15:04:56
23,2026-08-26 09:27:47,2026-08-26 15:15:00,I,Interruption,-73.58102722075579,45.58470113033539,L,Crew at work,61,NA,0283,,20260826105013,2026-08-26 15:04:56
76,2026-08-26 09:27:48,2026-08-26 15:15:00,I,Interruption,-73.58112835901883,45.58456492510965,L,Crew at work,61,NA,0283,,20260826105013,2026-08-26 15:04:56
12,2026-08-26 07:18:58,2026-08-26 14:15:00,I,Interruption,-73.50293081046574,45.66166764536379,L,Crew at work,61,NA,0119,,20260826105013,2026-08-26 15:04:56
282,2026-08-26 07:15:20,2026-08-26 16:30:00,I,Interruption,-73.72538435824218,45.53779060212047,L,Crew at work,67,NA,1856,,20260826105013,2026-08-26 15:04:56
76,2026-08-26 07:46:06,2026-08-26 16:00:00,I,Interruption,-72.22865387427443,45.28827156456562,L,Crew at work,61,NA,4497,,20260826105013,2026-08-26 15:04:56
113,2026-08-26 08:01:34,2026-08-26 15:45:00,I,Interruption,-72.26082650086374,45.4416898661663,L,Crew at work,61,NA,4305,,20260826105013,2026-08-26 15:04:56
248,2026-08-26 08:26:11,2026-08-26 15:15:00,I,Interruption,-73.59257858364998,45.5953564510927,L,Crew at work,66,NA,0283,,20260826105013,2026-08-26 15:04:56
116,2026-08-26 08:06:06,2026-08-26 12:15:00,P,Outage,-71.41995757513283,46.846695062564756,L,Crew at work,58,Equipment failure,9305,,20260826105013,2026-08-26 15:04:56
208,2026-08-26 09:31:11,2026-08-26 11:30:00,I,Interruption,-73.18059550365655,45.529484564174105,L,Crew at work,61,NA,4713,,20260826105013,2026-08-26 15:04:56
15,2026-08-26 10:04:35,2026-08-26 12:15:00,I,Interruption,-75.79177990527971,45.71875234412297,L,Crew at work,61,NA,9431,,20260826105013,2026-08-26 15:04:56
20,2026-08-26 09:36:01,2026-08-26 14:45:00,I,Interruption,-73.57681459225722,45.491580328446915,L,Crew at work,61,NA,1000,,20260826105013,2026-08-26 15:04:56
69,2026-08-26 09:01:13,2026-08-26 11:15:00,I,Interruption,-71.43742245813546,46.86282098474148,L,Crew at work,63,NA,9305,,20260826105013,2026-08-26 15:04:56
1,2026-08-26 10:15:50,2026-08-26 12:15:00,I,Interruption,-73.56558509904121,45.24249364808665,L,Crew at work,63,NA,7650,,20260826105013,2026-08-26 15:04:56
73,2026-08-26 08:09:05,2026-08-26 12:15:00,I,Interruption,-73.81386916816432,45.625999342738865,L,Crew at work,77,NA,5629,,20260826105013,2026-08-26 15:04:56
250,2026-08-26 08:11:47,2026-08-26 12:15:00,I,Interruption,-73.89920133794618,45.54672375456397,L,Crew at work,77,NA,1877,,20260826105013,2026-08-26 15:04:56
1,2026-08-26 08:12:11,,P,Outage,-68.45309874030735,49.354357874951575,R,Crew en route,,NA,4515,,20260826105013,2026-08-26 15:04:56
2,2026-08-26 10:12:07,2026-08-26 12:15:00,I,Interruption,-76.27291224520621,45.52076320881111,L,Crew at work,61,NA,2192,,20260826105013,2026-08-26 15:04:56
11,2026-08-26 09:43:18,2026-08-26 11:45:00,P,Outage,-70.13689807460757,47.779818568615134,L,Crew at work,,NA,3930,,20260826105013,2026-08-26 15:04:56
55,2026-08-26 09:41:45,2026-08-26 17:15:00,I,Interruption,-71.98248334819954,46.00937837713166,L,Crew at work,61,NA,9359,,20260826105013,2026-08-26 15:04:56
7,2026-08-26 09:46:04,2026-08-26 14:00:00,I,Interruption,-75.50586415968037,46.55800484713228,L,Crew at work,61,NA,4704,,20260826105013,2026-08-26 15:04:56
1,2026-08-26 07:47:34,2026-08-26 11:45:00,P,Outage,-69.60338656898614,47.727661267533044,R,Crew en route,,NA,5895,,20260826105013,2026-08-26 15:04:56
7,2026-08-26 09:43:52,2026-08-26 11:45:00,P,Outage,-72.5425445821382,46.37055264836806,R,Crew en route,,NA,1652,,20260826105013,2026-08-26 15:04:56
1,2026-08-26 09:47:19,2026-08-26 11:45:00,P,Outage,-70.73253937794951,46.48417324715125,R,Crew en route,,NA,6513,,20260826105013,2026-08-26 15:04:56
207,2026-08-26 08:07:19,2026-08-26 16:15:00,I,Interruption,-75.88429620782462,45.613541352816526,L,Crew at work,62,NA,2648,,20260826105013,2026-08-26 15:04:56
22,2026-08-26 08:12:02,,I,Interruption,-71.25291796748574,46.78148714302049,L,Crew at work,61,NA,5769,,20260826105013,2026-08-26 15:04:56
15,2026-08-26 10:06:06,2026-08-26 11:45:00,I,Interruption,-72.74276233751304,45.20424880131056,L,Crew at work,61,NA,1982,,20260826105013,2026-08-26 15:04:56
16,2026-08-26 10:06:26,2026-08-26 11:45:00,I,Interruption,-72.74280940590526,45.20458488576704,L,Crew at work,61,NA,1982,,20260826105013,2026-08-26 15:04:56
5,2026-08-26 10:08:24,2026-08-26 14:15:00,I,Interruption,-71.46977637652675,45.70384541675616,L,Crew at work,61,NA,9461,,20260826105013,2026-08-26 15:04:56
114,2026-08-26 10:07:52,2026-08-26 14:45:00,I,Interruption,-71.22174989099551,46.76212524964376,L,Crew at work,63,NA,8044,,20260826105013,2026-08-26 15:04:56
1,2026-08-26 08:17:01,2026-08-26 13:15:00,I,Interruption,-72.53447365856702,45.337278206734304,L,Crew at work,62,NA,9455,,20260826105013,2026-08-26 15:04:56
364,2026-08-26 08:16:27,2026-08-26 16:15:00,I,Interruption,-73.42910767645056,45.769994033504055,L,Crew at work,61,NA,5482,,20260826105013,2026-08-26 15:04:56
3,2026-08-26 10:21:08,2026-08-26 14:30:00,I,Interruption,-72.59264726007468,45.11697107828227,L,Crew at work,62,NA,9106,,20260826105013,2026-08-26 15:04:56
2,2026-08-26 10:18:46,2026-08-26 12:15:00,P,Outage,-73.11648191626288,45.95490855073501,R,Crew en route,,NA,9049,,20260826105013,2026-08-26 15:04:56
261,2026-08-26 07:58:40,2026-08-26 12:30:00,I,Interruption,-73.82832156686194,45.468853701130534,L,Crew at work,62,NA,0255,,20260826105013,2026-08-26 15:04:56
235,2026-08-26 08:31:16,2026-08-26 13:45:00,I,Interruption,-71.42476495818184,46.85131498573323,L,Crew at work,63,NA,9305,,20260826105013,2026-08-26 15:04:56
8,2026-08-26 10:38:25,2026-08-26 16:45:00,I,Interruption,-77.24884184302633,48.387476735626414,L,Crew at work,61,NA,5715,,20260826105013,2026-08-26 15:04:56
1,2026-08-26 10:32:21,2026-08-26 13:45:00,I,Interruption,-73.13762935202183,46.226571826888055,L,Crew at work,63,NA,7332,,20260826105013,2026-08-26 15:04:56
17,2026-08-26 10:17:37,2026-08-26 18:30:00,I,Interruption,-71.25749527100268,46.720078038034266,L,Crew at work,61,NA,1778,,20260826105013,2026-08-26 15:04:56
194,2026-08-26 10:37:54,,P,Outage,-74.07577240390643,50.04184334350994,N,NA,,NA,1964,,20260826105013,2026-08-26 15:04:56
3,2026-08-25 23:04:00,2026-08-26 18:00:00,P,Outage,-57.413742521652736,51.46715022703333,L,Crew at work,21,Weather conditions,9787,,20260826105013,2026-08-26 15:04:56
36,2026-08-26 09:38:46,2026-08-26 13:15:00,I,Interruption,-73.58034584771033,45.4807736196961,L,Crew at work,67,NA,1000,,20260826105013,2026-08-26 15:04:56
33,2026-08-26 08:22:42,2026-08-26 14:30:00,I,Interruption,-73.58323031642848,45.498193081284754,L,Crew at work,61,NA,1000,,20260826105013,2026-08-26 15:04:56
167,2026-08-26 08:35:21,,I,Interruption,-73.61362590643628,45.523349064450635,L,Crew at work,61,NA,0117,,20260826105013,2026-08-26 15:04:56
1,2026-08-26 08:38:25,2026-08-26 12:15:00,I,Interruption,-73.50017459430424,45.763462203995445,L,Crew at work,63,NA,7842,,20260826105013,2026-08-26 15:04:56
2,2026-08-26 08:35:55,2026-08-26 12:45:00,I,Interruption,-73.93786891711551,45.42405921666202,L,Crew at work,61,NA,0265,,20260826105013,2026-08-26 15:04:56
105,2026-08-26 08:37:36,2026-08-26 15:45:00,I,Interruption,-73.74972175383584,45.54803640892304,L,Crew at work,61,NA,1856,,20260826105013,2026-08-26 15:04:56
615,2026-08-26 08:39:47,2026-08-26 15:45:00,I,Interruption,-73.83937108911606,45.60688061108843,L,Crew at work,62,NA,9371,,20260826105013,2026-08-26 15:04:56
9,2026-08-26 10:34:16,,P,Outage,-74.39944730001439,45.78148310219677,R,Crew en route,,NA,9470,,20260826105013,2026-08-26 15:04:56
8,2026-08-26 10:23:16,2026-08-26 14:30:00,I,Interruption,-70.07373601655256,47.960071501634495,L,Crew at work,61,NA,9647,,20260826105013,2026-08-26 15:04:56
47,2026-08-26 10:40:35,,P,Outage,-71.21794105632601,46.76217338422001,N,NA,,NA,8044,,20260826105013,2026-08-26 15:04:56
1,2026-08-26 10:28:28,2026-08-26 12:45:00,P,Outage,-74.86785708541,45.901012675291305,N,NA,,NA,4869,,20260826105013,2026-08-26 15:04:56
222,2026-08-26 10:30:40,,I,Interruption,-71.27699661738113,46.722585150596856,L,Crew at work,63,NA,1778,,20260826105013,2026-08-26 15:04:56
353,2026-08-26 10:30:40,,I,Interruption,-71.2779674914179,46.72015703061342,L,Crew at work,63,NA,1778,,20260826105013,2026-08-26 15:04:56
20,2026-08-26 08:43:30,2026-08-26 16:45:00,I,Interruption,-74.27920900237051,46.055738846027175,L,Crew at work,62,NA,8401,,20260826105013,2026-08-26 15:04:56
7,2026-08-26 08:43:54,2026-08-26 16:45:00,I,Interruption,-74.27922739050516,46.05556200272687,L,Crew at work,62,NA,8401,,20260826105013,2026-08-26 15:04:56
21,2026-08-26 08:42:21,2026-08-26 15:45:00,I,Interruption,-73.5749428652836,45.66839634104789,L,Crew at work,61,NA,6717,,20260826105013,2026-08-26 15:04:56
4,2026-08-26 08:44:55,2026-08-26 13:15:00,I,Interruption,-73.59453705853254,45.769952701557415,L,Crew at work,61,NA,6972,,20260826105013,2026-08-26 15:04:56
9,2026-08-26 08:44:34,2026-08-26 14:15:00,I,Interruption,-74.10891083229468,45.26230427988377,L,Crew at work,61,NA,5707,,20260826105013,2026-08-26 15:04:56
41,2026-08-26 08:04:46,2026-08-26 14:15:00,I,Interruption,-71.36493181881524,46.75418913305035,L,Crew at work,77,NA,6687,,20260826105013,2026-08-26 15:04:56
2,2026-08-26 08:07:34,2026-08-26 15:15:00,I,Interruption,-75.01814570690954,46.37478688135661,L,Crew at work,63,NA,4926,,20260826105013,2026-08-26 15:04:56
2,2026-08-26 08:54:45,2026-08-26 16:00:00,I,Interruption,-71.05373510594906,48.41026774717237,L,Crew at work,67,NA,1850,,20260826105013,2026-08-26 15:04:56
1,2026-08-26 08:54:53,,P,Outage,-75.51471516894732,46.61274175123007,L,Crew at work,11,Equipment failure,5593,,20260826105013,2026-08-26 15:04:56
16,2026-08-26 08:55:16,2026-08-26 11:00:00,P,Outage,-71.24219154657261,46.822854738575316,L,Crew at work,44,Accident or incident,5410,,20260826105013,2026-08-26 15:04:56
1,2026-08-26 08:49:31,2026-08-26 14:30:00,I,Interruption,-73.81510466976778,45.449413609879855,L,Crew at work,61,NA,0255,,20260826105013,2026-08-26 15:04:56
78,2026-08-26 08:46:46,2026-08-26 15:30:00,I,Interruption,-73.32495233532859,45.53053180971795,L,Crew at work,61,NA,6210,,20260826105013,2026-08-26 15:04:56
7,2026-08-26 08:48:52,2026-08-26 13:30:00,I,Interruption,-75.65407215457388,45.4846491886733,L,Crew at work,61,NA,2375,,20260826105013,2026-08-26 15:04:56
128,2026-08-26 09:00:46,2026-08-26 11:00:00,I,Interruption,-74.37115998392548,49.91607527257595,L,Crew at work,61,NA,1844,,20260826105013,2026-08-26 15:04:56
449,2026-08-26 09:07:54,2026-08-26 11:15:00,I,Interruption,-74.05145185811031,45.80659362397814,L,Crew at work,61,NA,1353,,20260826105013,2026-08-26 15:04:56
12,2026-08-26 09:18:53,2026-08-26 14:15:00,I,Interruption,-70.8054323270123,46.111073749215045,L,Crew at work,62,NA,6162,,20260826105013,2026-08-26 15:04:56
8,2026-08-26 09:42:05,2026-08-26 11:45:00,P,Outage,-72.76090315114469,46.44356827186568,L,Crew at work,,NA,6600,,20260826105013,2026-08-26 15:04:56
215,2026-08-26 09:00:22,2026-08-26 11:00:00,I,Interruption,-76.130698408712135,46.144211916670216,L,Crew at work,61,NA,9530,,20260826105013,2026-08-26 15:04:56
53,2026-08-24 13:17:31,,P,Outage,-73.77140242471529,45.53091378672423,L,Crew at work,57,Accident or incident,1856,,20260826122014,2026-08-26 16:36:33
15,2026-08-26 07:18:58,2026-08-26 14:15:00,I,Interruption,-73.50486503657052,45.66201774397876,L,Crew at work,61,NA,0119,,20260826122014,2026-08-26 16:36:33
73,2026-08-26 09:02:41,2026-08-26 15:15:00,I,Interruption,-70.7392528611304,46.22150336565776,L,Crew at work,62,NA,1275,,20260826122014,2026-08-26 16:36:33
28,2026-08-26 09:03:45,2026-08-26 14:45:00,I,Interruption,-73.34419521499552,45.60117642831304,L,Crew at work,77,NA,8788,,20260826122014,2026-08-26 16:36:33
16,2026-08-26 10:10:25,2026-08-26 16:15:00,P,Outage,-70.66021024356988,46.12290234521672,N,NA,,NA,6840,,20260826122014,2026-08-26 16:36:33
67,2026-08-26 09:12:38,,P,Outage,-73.58154630593108,45.499805903720414,A,Work assigned,,NA,1000,,20260826122014,2026-08-26 16:36:33
2,2026-08-26 09:37:51,2026-08-26 15:15:00,I,Interruption,-74.12183289509049,45.84412726294414,L,Crew at work,62,NA,8497,,20260826122014,2026-08-26 16:36:33
26,2026-08-26 10:12:41,2026-08-26 14:15:00,I,Interruption,-73.86421977276197,45.31151790309274,L,Crew at work,66,NA,1290,,20260826122014,2026-08-26 16:36:33
2,2026-08-26 10:58:07,2026-08-26 17:00:00,I,Interruption,-71.0623666829368,48.453076354562,L,Crew at work,61,NA,1850,,20260826122014,2026-08-26 16:36:33
4,2026-08-26 09:03:59,2026-08-26 14:45:00,I,Interruption,-73.8607639372118,45.42526451359396,L,Crew at work,62,NA,0203,,20260826122014,2026-08-26 16:36:33
3,2026-08-26 08:52:58,2026-08-26 14:00:00,P,Outage,-72.88097834534649,45.30260449051778,A,Work assigned,,NA,1077,,20260826122014,2026-08-26 16:36:33
9,2026-08-26 11:44:37,2026-08-26 13:45:00,P,Outage,-73.46039186587592,45.472472963909915,N,NA,,NA,1535,,20260826122014,2026-08-26 16:36:33
3,2026-08-26 09:10:04,2026-08-26 13:15:00,I,Interruption,-73.25482964661774,45.30520147605406,L,Crew at work,61,NA,7110,,20260826122014,2026-08-26 16:36:33
37,2026-08-26 09:10:29,2026-08-26 15:15:00,I,Interruption,-71.44597549020634,46.19924683175326,L,Crew at work,62,NA,7164,,20260826122014,2026-08-26 16:36:33
1,2026-08-26 09:15:31,2026-08-26 12:30:00,I,Interruption,-71.05273025224032,48.53611024920645,L,Crew at work,61,NA,7002,,20260826122014,2026-08-26 16:36:33
10,2026-08-26 09:01:51,2026-08-26 15:15:00,I,Interruption,-73.51307918372395,45.510084506971054,L,Crew at work,61,NA,7335,,20260826122014,2026-08-26 16:36:33
83,2026-08-26 07:50:21,2026-08-26 16:30:00,I,Interruption,-73.61582382604365,45.511940343172455,L,Crew at work,62,NA,0117,,20260826122014,2026-08-26 16:36:33
9,2026-08-26 09:01:33,2026-08-26 16:15:00,I,Interruption,-73.51247667958974,45.50986605611322,L,Crew at work,61,NA,7335,,20260826122014,2026-08-26 16:36:33
23,2026-08-26 09:13:45,2026-08-26 16:15:00,I,Interruption,-72.54875100772041,46.16477154643566,L,Crew at work,62,NA,8914,,20260826122014,2026-08-26 16:36:33
8,2026-08-26 09:18:43,2026-08-26 15:30:00,I,Interruption,-72.47013979270392,45.821621991692275,L,Crew at work,61,NA,7713,,20260826122014,2026-08-26 16:36:33
4,2026-08-26 09:19:48,2026-08-26 16:00:00,I,Interruption,-72.5404478294487,46.158022955991925,L,Crew at work,64,NA,8914,,20260826122014,2026-08-26 16:36:33
3,2026-08-26 11:34:51,2026-08-26 13:30:00,P,Outage,-71.71037862767915,46.676636831342556,L,Crew at work,,NA,2102,,20260826122014,2026-08-26 16:36:33
3,2026-08-26 11:16:41,2026-08-26 13:15:00,P,Outage,-75.7883552652532,45.71846812351556,R,Crew en route,,NA,9431,,20260826122014,2026-08-26 16:36:33
10,2026-08-26 09:51:11,2026-08-26 15:45:00,I,Interruption,-73.55740499061599,45.38238348762726,L,Crew at work,62,NA,6372,,20260826122014,2026-08-26 16:36:33
2,2026-08-26 09:46:16,2026-08-26 15:30:00,I,Interruption,-73.14995888704604,46.016275115818324,L,Crew at work,61,NA,5775,,20260826122014,2026-08-26 16:36:33
23,2026-08-26 09:51:38,2026-08-26 15:45:00,I,Interruption,-73.55763479302041,45.381915426629114,L,Crew at work,62,NA,6372,,20260826122014,2026-08-26 16:36:33
47,2026-08-26 09:20:00,2026-08-26 16:30:00,I,Interruption,-72.74281158107453,46.559704073357736,L,Crew at work,62,NA,5733,,20260826122014,2026-08-26 16:36:33
2,2026-08-26 09:59:37,2026-08-26 16:00:00,I,Interruption,-72.65718010561861,46.37374278797259,L,Crew at work,63,NA,9233,,20260826122014,2026-08-26 16:36:33
69,2026-08-26 07:59:48,2026-08-26 15:00:00,I,Interruption,-74.87637045893132,46.351097511485676,L,Crew at work,77,NA,4551,,20260826122014,2026-08-26 16:36:33
3,2026-08-26 08:01:22,2026-08-26 16:45:00,I,Interruption,-70.42282921205378,46.78424306861722,L,Crew at work,62,NA,8680,,20260826122014,2026-08-26 16:36:33
6,2026-08-26 09:26:53,,I,Interruption,-72.46179464764543,46.39429836554601,L,Crew at work,63,NA,8881,,20260826122014,2026-08-26 16:36:33
43,2026-08-26 09:29:28,2026-08-26 16:45:00,I,Interruption,-73.5598661635802,45.52703372836521,L,Crew at work,62,NA,1000,,20260826122014,2026-08-26 16:36:33
2,2026-08-26 11:03:02,2026-09-26 14:15:00,I,Interruption,-73.8639484040079,45.311316584393886,L,Crew at work,66,NA,1290,,20260826122014,2026-08-26 16:36:33
23,2026-08-26 09:27:47,2026-08-26 15:15:00,I,Interruption,-73.58102722075579,45.58470113033539,L,Crew at work,61,NA,0283,,20260826122014,2026-08-26 16:36:33
76,2026-08-26 09:27:48,2026-08-26 15:15:00,I,Interruption,-73.58112835901883,45.58456492510965,L,Crew at work,61,NA,0283,,20260826122014,2026-08-26 16:36:33
12,2026-08-26 07:18:58,2026-08-26 14:15:00,I,Interruption,-73.50293081046574,45.66166764536379,L,Crew at work,61,NA,0119,,20260826122014,2026-08-26 16:36:33
282,2026-08-26 07:15:20,2026-08-26 16:30:00,I,Interruption,-73.72538435824218,45.53779060212047,L,Crew at work,67,NA,1856,,20260826122014,2026-08-26 16:36:33
76,2026-08-26 07:46:06,2026-08-26 16:00:00,I,Interruption,-72.22865387427443,45.28827156456562,L,Crew at work,61,NA,4497,,20260826122014,2026-08-26 16:36:33
113,2026-08-26 08:01:34,2026-08-26 15:45:00,I,Interruption,-72.26082650086374,45.4416898661663,L,Crew at work,61,NA,4305,,20260826122014,2026-08-26 16:36:33
248,2026-08-26 08:26:11,2026-08-26 15:15:00,I,Interruption,-73.59257858364998,45.5953564510927,L,Crew at work,66,NA,0283,,20260826122014,2026-08-26 16:36:33
208,2026-08-26 09:31:11,2026-08-26 13:15:00,I,Interruption,-73.18059550365655,45.529484564174105,L,Crew at work,61,NA,4713,,20260826122014,2026-08-26 16:36:33
20,2026-08-26 09:36:01,2026-08-26 14:45:00,I,Interruption,-73.57681459225722,45.491580328446915,L,Crew at work,61,NA,1000,,20260826122014,2026-08-26 16:36:33
1,2026-08-26 11:24:52,2026-08-26 13:15:00,P,Outage,-69.18779080074309,48.123457129473636,R,Crew en route,,NA,9230,,20260826122014,2026-08-26 16:36:33
73,2026-08-26 08:09:05,,I,Interruption,-73.81386916816432,45.625999342738865,L,Crew at work,77,NA,5629,,20260826122014,2026-08-26 16:36:33
2,2026-08-26 10:12:07,,I,Interruption,-76.27291224520621,45.52076320881111,L,Crew at work,61,NA,2192,,20260826122014,2026-08-26 16:36:33
11,2026-08-26 09:43:18,,P,Outage,-70.13689807460757,47.779818568615134,L,Crew at work,,NA,3930,,20260826122014,2026-08-26 16:36:33
55,2026-08-26 09:41:45,2026-08-26 17:15:00,I,Interruption,-71.98248334819954,46.00937837713166,L,Crew at work,61,NA,9359,,20260826122014,2026-08-26 16:36:33
14,2026-08-26 11:03:42,2026-08-26 14:15:00,I,Interruption,-73.86286626417862,45.310504379920225,L,Crew at work,62,NA,1290,,20260826122014,2026-08-26 16:36:33
1,2026-08-26 09:47:19,2026-08-26 14:15:00,P,Outage,-70.73253937794951,46.48417324715125,R,Crew en route,,NA,6513,,20260826122014,2026-08-26 16:36:33
207,2026-08-26 08:07:19,2026-08-26 16:15:00,I,Interruption,-75.88429620782462,45.613541352816526,L,Crew at work,62,NA,2648,,20260826122014,2026-08-26 16:36:33
22,2026-08-26 08:12:02,2026-08-26 13:45:00,I,Interruption,-71.25291796748574,46.78148714302049,L,Crew at work,61,NA,5769,,20260826122014,2026-08-26 16:36:33
15,2026-08-26 10:06:06,,I,Interruption,-72.74276233751304,45.20424880131056,L,Crew at work,61,NA,1982,,20260826122014,2026-08-26 16:36:33
16,2026-08-26 10:06:26,,I,Interruption,-72.74280940590526,45.20458488576704,L,Crew at work,61,NA,1982,,20260826122014,2026-08-26 16:36:33
114,2026-08-26 10:07:52,2026-08-26 14:45:00,I,Interruption,-71.22174989099551,46.76212524964376,L,Crew at work,63,NA,8044,,20260826122014,2026-08-26 16:36:33
1,2026-08-26 08:17:01,2026-08-26 13:15:00,I,Interruption,-72.53447365856702,45.337278206734304,L,Crew at work,62,NA,9455,,20260826122014,2026-08-26 16:36:33
6,2026-08-26 11:38:58,2026-08-26 17:45:00,I,Interruption,-72.59422131620722,46.31399600971224,L,Crew at work,61,NA,9239,,20260826122014,2026-08-26 16:36:33
364,2026-08-26 08:16:27,2026-08-26 16:15:00,I,Interruption,-73.42910767645056,45.769994033504055,L,Crew at work,61,NA,5482,,20260826122014,2026-08-26 16:36:33
3,2026-08-26 10:21:08,2026-08-26 14:30:00,I,Interruption,-72.59264726007468,45.11697107828227,L,Crew at work,62,NA,9106,,20260826122014,2026-08-26 16:36:33
2,2026-08-26 10:18:46,,P,Outage,-73.11648191626288,45.95490855073501,R,Crew en route,,NA,9049,,20260826122014,2026-08-26 16:36:33
261,2026-08-26 07:58:40,2026-08-26 12:30:00,I,Interruption,-73.82832156686194,45.468853701130534,L,Crew at work,62,NA,0255,,20260826122014,2026-08-26 16:36:33
235,2026-08-26 08:31:16,2026-08-26 13:45:00,I,Interruption,-71.42476495818184,46.85131498573323,L,Crew at work,63,NA,9305,,20260826122014,2026-08-26 16:36:33
8,2026-08-26 10:38:25,2026-08-26 16:45:00,I,Interruption,-77.24884184302633,48.387476735626414,L,Crew at work,61,NA,5715,,20260826122014,2026-08-26 16:36:33
1,2026-08-26 10:32:21,2026-08-26 13:45:00,I,Interruption,-73.13762935202183,46.226571826888055,L,Crew at work,63,NA,7332,,20260826122014,2026-08-26 16:36:33
17,2026-08-26 10:17:37,2026-08-26 18:30:00,I,Interruption,-71.25749527100268,46.720078038034266,L,Crew at work,61,NA,1778,,20260826122014,2026-08-26 16:36:33
194,2026-08-26 10:37:54,2026-08-26 12:30:00,P,Outage,-74.07577240390643,50.04184334350994,A,Work assigned,,NA,1964,,20260826122014,2026-08-26 16:36:33
3,2026-08-25 23:04:00,2026-08-26 18:00:00,P,Outage,-57.413742521652736,51.46715022703333,L,Crew at work,21,Weather conditions,9787,,20260826122014,2026-08-26 16:36:33
36,2026-08-26 09:38:46,2026-08-26 13:15:00,I,Interruption,-73.58034584771033,45.4807736196961,L,Crew at work,67,NA,1000,,20260826122014,2026-08-26 16:36:33
33,2026-08-26 08:22:42,2026-08-26 14:30:00,I,Interruption,-73.58323031642848,45.498193081284754,L,Crew at work,61,NA,1000,,20260826122014,2026-08-26 16:36:33
167,2026-08-26 08:35:21,,I,Interruption,-73.61362590643628,45.523349064450635,L,Crew at work,61,NA,0117,,20260826122014,2026-08-26 16:36:33
2,2026-08-26 08:35:55,2026-08-26 12:45:00,I,Interruption,-73.93786891711551,45.42405921666202,L,Crew at work,61,NA,0265,,20260826122014,2026-08-26 16:36:33
105,2026-08-26 08:37:36,2026-08-26 15:45:00,I,Interruption,-73.74972175383584,45.54803640892304,L,Crew at work,61,NA,1856,,20260826122014,2026-08-26 16:36:33
615,2026-08-26 08:39:47,2026-08-26 15:45:00,I,Interruption,-73.83937108911606,45.60688061108843,L,Crew at work,62,NA,9371,,20260826122014,2026-08-26 16:36:33
9,2026-08-26 10:34:16,2026-08-26 15:45:00,I,Interruption,-74.39944730001439,45.78148310219677,L,Crew at work,62,NA,9470,,20260826122014,2026-08-26 16:36:33
8,2026-08-26 10:23:16,2026-08-26 14:30:00,I,Interruption,-70.07373601655256,47.960071501634495,L,Crew at work,61,NA,9647,,20260826122014,2026-08-26 16:36:33
47,2026-08-26 10:40:35,2026-08-26 12:45:00,I,Interruption,-71.21794105632601,46.76217338422001,L,Crew at work,63,NA,8044,,20260826122014,2026-08-26 16:36:33
1,2026-08-26 10:28:28,2026-08-26 12:45:00,P,Outage,-74.86785708541,45.901012675291305,L,Crew at work,44,Accident or incident,4869,,20260826122014,2026-08-26 16:36:33
222,2026-08-26 10:30:40,2026-08-26 12:30:00,I,Interruption,-71.27699661738113,46.722585150596856,L,Crew at work,63,NA,1778,,20260826122014,2026-08-26 16:36:33
353,2026-08-26 10:30:40,2026-08-26 12:30:00,I,Interruption,-71.2779674914179,46.72015703061342,L,Crew at work,63,NA,1778,,20260826122014,2026-08-26 16:36:33
20,2026-08-26 08:43:30,2026-08-26 16:45:00,I,Interruption,-74.27920900237051,46.055738846027175,L,Crew at work,62,NA,8401,,20260826122014,2026-08-26 16:36:33
7,2026-08-26 08:43:54,2026-08-26 16:45:00,I,Interruption,-74.27922739050516,46.05556200272687,L,Crew at work,62,NA,8401,,20260826122014,2026-08-26 16:36:33
21,2026-08-26 08:42:21,2026-08-26 15:45:00,I,Interruption,-73.5749428652836,45.66839634104789,L,Crew at work,61,NA,6717,,20260826122014,2026-08-26 16:36:33
4,2026-08-26 08:44:55,2026-08-26 13:15:00,I,Interruption,-73.59453705853254,45.769952701557415,L,Crew at work,61,NA,6972,,20260826122014,2026-08-26 16:36:33
9,2026-08-26 08:44:34,2026-08-26 14:15:00,I,Interruption,-74.10891083229468,45.26230427988377,L,Crew at work,61,NA,5707,,20260826122014,2026-08-26 16:36:33
2292,2026-08-26 11:13:39,2026-08-26 13:15:00,P,Outage,-73.5953375863203,45.54081137278883,R,Crew en route,34,Accident or incident,1000,,20260826122014,2026-08-26 16:36:33
20,2026-08-26 11:05:36,2026-08-26 14:15:00,P,Outage,-74.18685824435441,45.35247009189757,L,Crew at work,54,Accident or incident,1967,,20260826122014,2026-08-26 16:36:33
41,2026-08-26 08:04:46,2026-08-26 14:15:00,I,Interruption,-71.36493181881524,46.75418913305035,L,Crew at work,77,NA,6687,,20260826122014,2026-08-26 16:36:33
2,2026-08-26 08:07:34,2026-08-26 15:15:00,I,Interruption,-75.01814570690954,46.37478688135661,L,Crew at work,63,NA,4926,,20260826122014,2026-08-26 16:36:33
2,2026-08-26 08:54:45,2026-08-26 16:00:00,I,Interruption,-71.05373510594906,48.41026774717237,L,Crew at work,67,NA,1850,,20260826122014,2026-08-26 16:36:33
1,2026-08-26 08:54:53,,P,Outage,-75.51471516894732,46.61274175123007,L,Crew at work,11,Equipment failure,5593,,20260826122014,2026-08-26 16:36:33
30,2026-08-26 11:42:52,2026-08-26 13:45:00,P,Outage,-73.79793238541367,45.66799277817781,N,NA,,NA,4428,,20260826122014,2026-08-26 16:36:33
1,2026-08-26 11:05:34,2026-08-26 14:15:00,P,Outage,-74.18825455565715,45.353347247740544,L,Crew at work,54,Accident or incident,6348,,20260826122014,2026-08-26 16:36:33
1,2026-08-26 08:49:31,2026-08-26 14:30:00,I,Interruption,-73.81510466976778,45.449413609879855,L,Crew at work,61,NA,0255,,20260826122014,2026-08-26 16:36:33
78,2026-08-26 08:46:46,2026-08-26 15:30:00,I,Interruption,-73.32495233532859,45.53053180971795,L,Crew at work,61,NA,6210,,20260826122014,2026-08-26 16:36:33
7,2026-08-26 08:48:52,2026-08-26 13:30:00,I,Interruption,-75.65407215457388,45.4846491886733,L,Crew at work,61,NA,2375,,20260826122014,2026-08-26 16:36:33
12,2026-08-26 10:51:06,2026-08-26 16:15:00,I,Interruption,-73.64933034210044,45.5116678290116,L,Crew at work,63,NA,0115,,20260826122014,2026-08-26 16:36:33
449,2026-08-26 09:07:54,,I,Interruption,-74.05145185811031,45.80659362397814,L,Crew at work,61,NA,1353,,20260826122014,2026-08-26 16:36:33
1,2026-08-26 11:39:33,2026-08-26 15:45:00,I,Interruption,-75.14346317929741,45.726577087143454,L,Crew at work,61,NA,5518,,20260826122014,2026-08-26 16:36:33
12,2026-08-26 09:18:53,2026-08-26 14:15:00,I,Interruption,-70.8054323270123,46.111073749215045,L,Crew at work,62,NA,6162,,20260826122014,2026-08-26 16:36:33
8,2026-08-26 09:42:05,,P,Outage,-72.76090315114469,46.44356827186568,L,Crew at work,,NA,6600,,20260826122014,2026-08-26 16:36:33
53,2026-08-24 13:17:31,,P,Outage,-73.77140242471529,45.53091378672423,L,Crew at work,57,Accident or incident,1856,,20260826141002,2026-08-26 18:22:02
1,2026-08-26 10:34:17,2026-08-26 15:15:00,P,Outage,-72.07470731633475,46.49257803355642,R,Crew en route,,NA,7101,,20260826141002,2026-08-26 18:22:02
1,2026-07-08 16:49:25,,P,Outage,-75.62916997745083,45.9632228844004,L,Crew at work,11,Equipment failure,1484,,20260826141002,2026-08-26 18:22:02
73,2026-08-26 09:02:41,2026-08-26 15:15:00,I,Interruption,-70.7392528611304,46.22150336565776,L,Crew at work,62,NA,1275,,20260826141002,2026-08-26 18:22:02
28,2026-08-26 09:03:45,2026-08-26 14:45:00,I,Interruption,-73.34419521499552,45.60117642831304,L,Crew at work,77,NA,8788,,20260826141002,2026-08-26 18:22:02
16,2026-08-26 10:10:25,2026-08-26 16:15:00,P,Outage,-70.66021024356988,46.12290234521672,R,Crew en route,,NA,6840,,20260826141002,2026-08-26 18:22:02
67,2026-08-26 09:12:38,,P,Outage,-73.58154630593108,45.499805903720414,A,Work assigned,,NA,1000,,20260826141002,2026-08-26 18:22:02
2,2026-08-26 09:37:51,2026-08-26 15:15:00,I,Interruption,-74.12183289509049,45.84412726294414,L,Crew at work,62,NA,8497,,20260826141002,2026-08-26 18:22:02
26,2026-08-26 10:12:41,2026-08-26 14:15:00,I,Interruption,-73.86421977276197,45.31151790309274,L,Crew at work,66,NA,1290,,20260826141002,2026-08-26 18:22:02
4,2026-08-26 09:03:59,2026-08-26 14:45:00,I,Interruption,-73.8607639372118,45.42526451359396,L,Crew at work,62,NA,0203,,20260826141002,2026-08-26 18:22:02
1,2026-08-26 10:37:54,2026-08-26 15:15:00,P,Outage,-74.28596317367105,49.89439342515809,A,Work assigned,,NA,1844,,20260826141002,2026-08-26 18:22:02
9,2026-08-26 11:44:37,2026-08-26 16:45:00,P,Outage,-73.46039186587592,45.472472963909915,R,Crew en route,,NA,1535,,20260826141002,2026-08-26 18:22:02
37,2026-08-26 09:10:29,2026-08-26 15:15:00,I,Interruption,-71.44597549020634,46.19924683175326,L,Crew at work,62,NA,7164,,20260826141002,2026-08-26 18:22:02
1,2026-08-26 09:15:31,2026-08-26 14:45:00,I,Interruption,-71.05273025224032,48.53611024920645,L,Crew at work,61,NA,7002,,20260826141002,2026-08-26 18:22:02
10,2026-08-26 09:01:51,2026-08-26 15:15:00,I,Interruption,-73.51307918372395,45.510084506971054,L,Crew at work,61,NA,7335,,20260826141002,2026-08-26 18:22:02
83,2026-08-26 07:50:21,2026-08-26 16:30:00,I,Interruption,-73.61582382604365,45.511940343172455,L,Crew at work,62,NA,0117,,20260826141002,2026-08-26 18:22:02
2,2026-08-26 13:04:22,2026-08-26 18:15:00,I,Interruption,-70.9281841355443,46.51717885248526,L,Crew at work,61,NA,8833,,20260826141002,2026-08-26 18:22:02
9,2026-08-26 09:01:33,2026-08-26 16:15:00,I,Interruption,-73.51247667958974,45.50986605611322,L,Crew at work,61,NA,7335,,20260826141002,2026-08-26 18:22:02
3,2026-08-26 13:30:31,2026-08-26 16:15:00,I,Interruption,-73.56235915242131,45.568420951488484,L,Crew at work,62,NA,1000,,20260826141002,2026-08-26 18:22:02
7,2026-08-26 13:30:49,2026-08-26 14:45:00,I,Interruption,-73.22968605678689,45.22987622501976,L,Crew at work,62,NA,8446,,20260826141002,2026-08-26 18:22:02
2,2026-08-26 13:54:55,2026-08-26 17:00:00,I,Interruption,-75.46917098699943,46.54011602858275,L,Crew at work,61,NA,4704,,20260826141002,2026-08-26 18:22:02
36,2026-08-26 12:39:46,2026-08-26 14:45:00,P,Outage,-73.62199712824776,45.54552053289427,R,Crew en route,,NA,1000,,20260826141002,2026-08-26 18:22:02
1,2026-08-26 13:53:53,,P,Outage,-73.82555169030009,46.144902160563795,N,NA,,NA,1814,,20260826141002,2026-08-26 18:22:02
47,2026-08-26 13:23:18,2026-08-26 21:15:00,I,Interruption,-73.61855288477608,45.48675580208569,L,Crew at work,62,NA,1000,,20260826141002,2026-08-26 18:22:02
1,2026-08-26 12:28:21,2026-08-26 15:15:00,P,Outage,-71.92078811059585,46.22755182809524,N,NA,,NA,6633,,20260826141002,2026-08-26 18:22:02
5,2026-08-26 13:16:53,2026-08-26 16:30:00,I,Interruption,-74.06926690610229,45.2810618752511,L,Crew at work,61,NA,8206,,20260826141002,2026-08-26 18:22:02
47,2026-08-26 09:20:00,2026-08-26 16:30:00,I,Interruption,-72.74281158107453,46.559704073357736,L,Crew at work,62,NA,5733,,20260826141002,2026-08-26 18:22:02
2,2026-08-26 09:59:37,2026-08-26 16:00:00,I,Interruption,-72.65718010561861,46.37374278797259,L,Crew at work,63,NA,9233,,20260826141002,2026-08-26 18:22:02
1,2026-08-26 09:47:19,2026-08-26 14:15:00,P,Outage,-70.73253937794951,46.48417324715125,L,Crew at work,,NA,6513,,20260826141002,2026-08-26 18:22:02
69,2026-08-26 07:59:48,2026-08-26 15:00:00,I,Interruption,-74.87637045893132,46.351097511485676,L,Crew at work,77,NA,4551,,20260826141002,2026-08-26 18:22:02
3,2026-08-26 08:01:22,2026-08-26 16:45:00,I,Interruption,-70.42282921205378,46.78424306861722,L,Crew at work,62,NA,8680,,20260826141002,2026-08-26 18:22:02
6,2026-08-26 09:26:53,2026-08-26 15:15:00,I,Interruption,-72.46179464764543,46.39429836554601,L,Crew at work,63,NA,8881,,20260826141002,2026-08-26 18:22:02
43,2026-08-26 09:29:28,2026-08-26 16:45:00,I,Interruption,-73.5598661635802,45.52703372836521,L,Crew at work,62,NA,1000,,20260826141002,2026-08-26 18:22:02
2,2026-08-26 11:03:02,2026-09-26 14:15:00,I,Interruption,-73.8639484040079,45.311316584393886,L,Crew at work,66,NA,1290,,20260826141002,2026-08-26 18:22:02
23,2026-08-26 09:27:47,2026-08-26 15:15:00,I,Interruption,-73.58102722075579,45.58470113033539,L,Crew at work,61,NA,0283,,20260826141002,2026-08-26 18:22:02
76,2026-08-26 09:27:48,2026-08-26 15:15:00,I,Interruption,-73.58112835901883,45.58456492510965,L,Crew at work,61,NA,0283,,20260826141002,2026-08-26 18:22:02
282,2026-08-26 07:15:20,2026-08-26 16:30:00,I,Interruption,-73.72538435824218,45.53779060212047,L,Crew at work,67,NA,1856,,20260826141002,2026-08-26 18:22:02
15,2026-08-26 13:56:19,,P,Outage,-72.74276233751304,45.20424880131056,R,Crew en route,,NA,1982,,20260826141002,2026-08-26 18:22:02
113,2026-08-26 08:01:34,2026-08-26 15:45:00,I,Interruption,-72.26082650086374,45.4416898661663,L,Crew at work,61,NA,4305,,20260826141002,2026-08-26 18:22:02
5,2026-08-26 12:45:26,2026-08-26 16:00:00,I,Interruption,-73.17263890984738,46.084733202789856,L,Crew at work,63,NA,1389,,20260826141002,2026-08-26 18:22:02
17,2026-08-26 12:46:00,2026-08-26 16:00:00,I,Interruption,-73.17175419483709,46.08433540400712,L,Crew at work,63,NA,1389,,20260826141002,2026-08-26 18:22:02
2,2026-08-26 13:07:07,2026-08-26 15:00:00,P,Outage,-71.9452510134789,45.46765546015414,L,Crew at work,11,Equipment failure,1529,,20260826141002,2026-08-26 18:22:02
5,2026-08-26 13:35:08,2026-08-26 15:15:00,I,Interruption,-64.57257248604435,48.3970344670857,L,Crew at work,68,NA,5203,,20260826141002,2026-08-26 18:22:02
8,2026-08-26 13:35:16,2026-08-26 15:15:00,I,Interruption,-73.15106438686519,45.988909069255534,L,Crew at work,61,NA,5775,,20260826141002,2026-08-26 18:22:02
20,2026-08-26 09:36:01,2026-08-26 14:45:00,I,Interruption,-73.57681459225722,45.491580328446915,L,Crew at work,61,NA,1000,,20260826141002,2026-08-26 18:22:02
21,2026-08-26 13:37:13,2026-08-26 16:45:00,I,Interruption,-71.22988943340813,46.81529436034653,L,Crew at work,63,NA,5410,,20260826141002,2026-08-26 18:22:02
29,2026-08-26 13:24:30,2026-08-26 21:15:00,I,Interruption,-73.6199229925717,45.487375841388264,L,Crew at work,62,NA,1000,,20260826141002,2026-08-26 18:22:02
32,2026-08-26 13:08:44,2026-08-26 15:00:00,P,Outage,-73.95278290097976,45.404818125445075,N,NA,,NA,0265,,20260826141002,2026-08-26 18:22:02
55,2026-08-26 09:41:45,2026-08-26 17:15:00,I,Interruption,-71.98248334819954,46.00937837713166,L,Crew at work,61,NA,9359,,20260826141002,2026-08-26 18:22:02
14,2026-08-26 11:03:42,2026-08-26 14:15:00,I,Interruption,-73.86286626417862,45.310504379920225,L,Crew at work,62,NA,1290,,20260826141002,2026-08-26 18:22:02
3,2026-08-26 13:42:54,2026-08-26 15:45:00,P,Outage,-76.01319463593495,46.35995912792597,N,NA,,NA,4524,,20260826141002,2026-08-26 18:22:02
43,2026-08-26 13:39:29,2026-08-26 15:30:00,P,Outage,-73.79575188819842,45.66990073663054,L,Crew at work,,NA,4428,,20260826141002,2026-08-26 18:22:02
207,2026-08-26 08:07:19,2026-08-26 16:15:00,I,Interruption,-75.88429620782462,45.613541352816526,L,Crew at work,62,NA,2648,,20260826141002,2026-08-26 18:22:02
5,2026-08-26 13:48:51,2026-08-26 15:45:00,P,Outage,-73.65496086843672,46.05302093290144,N,NA,,NA,5458,,20260826141002,2026-08-26 18:22:02
114,2026-08-26 10:07:52,2026-08-26 14:45:00,I,Interruption,-71.22174989099551,46.76212524964376,L,Crew at work,63,NA,8044,,20260826141002,2026-08-26 18:22:02
1,2026-08-26 11:27:07,2026-08-26 16:00:00,P,Outage,-72.16125319906631,45.152546235352034,N,NA,,NA,8356,,20260826141002,2026-08-26 18:22:02
1,2026-08-26 08:17:01,,I,Interruption,-72.53447365856702,45.337278206734304,L,Crew at work,62,NA,9455,,20260826141002,2026-08-26 18:22:02
6,2026-08-26 11:38:58,2026-08-26 17:45:00,I,Interruption,-72.59422131620722,46.31399600971224,L,Crew at work,61,NA,9239,,20260826141002,2026-08-26 18:22:02
364,2026-08-26 08:16:27,2026-08-26 16:15:00,I,Interruption,-73.42910767645056,45.769994033504055,L,Crew at work,61,NA,5482,,20260826141002,2026-08-26 18:22:02
261,2026-08-26 07:58:40,,I,Interruption,-73.82832156686194,45.468853701130534,L,Crew at work,62,NA,0255,,20260826141002,2026-08-26 18:22:02
8,2026-08-26 10:38:25,2026-08-26 16:45:00,I,Interruption,-77.24884184302633,48.387476735626414,L,Crew at work,61,NA,5715,,20260826141002,2026-08-26 18:22:02
1,2026-08-26 10:32:21,,I,Interruption,-73.13762935202183,46.226571826888055,L,Crew at work,63,NA,7332,,20260826141002,2026-08-26 18:22:02
17,2026-08-26 10:17:37,2026-08-26 18:30:00,I,Interruption,-71.25749527100268,46.720078038034266,L,Crew at work,61,NA,1778,,20260826141002,2026-08-26 18:22:02
3,2026-08-25 23:04:00,2026-08-26 18:00:00,P,Outage,-57.413742521652736,51.46715022703333,L,Crew at work,21,Weather conditions,9787,,20260826141002,2026-08-26 18:22:02
33,2026-08-26 08:22:42,2026-08-26 14:30:00,I,Interruption,-73.58323031642848,45.498193081284754,L,Crew at work,61,NA,1000,,20260826141002,2026-08-26 18:22:02
167,2026-08-26 08:35:21,2026-08-26 16:15:00,I,Interruption,-73.61362590643628,45.523349064450635,L,Crew at work,61,NA,0117,,20260826141002,2026-08-26 18:22:02
2,2026-08-26 08:35:55,,I,Interruption,-73.93786891711551,45.42405921666202,L,Crew at work,61,NA,0265,,20260826141002,2026-08-26 18:22:02
105,2026-08-26 08:37:36,2026-08-26 15:45:00,I,Interruption,-73.74972175383584,45.54803640892304,L,Crew at work,61,NA,1856,,20260826141002,2026-08-26 18:22:02
615,2026-08-26 08:39:47,2026-08-26 15:45:00,I,Interruption,-73.83937108911606,45.60688061108843,L,Crew at work,62,NA,9371,,20260826141002,2026-08-26 18:22:02
9,2026-08-26 10:34:16,2026-08-26 15:45:00,I,Interruption,-74.39944730001439,45.78148310219677,L,Crew at work,62,NA,9470,,20260826141002,2026-08-26 18:22:02
8,2026-08-26 10:23:16,2026-08-26 14:30:00,I,Interruption,-70.07373601655256,47.960071501634495,L,Crew at work,61,NA,9647,,20260826141002,2026-08-26 18:22:02
47,2026-08-26 10:40:35,,I,Interruption,-71.21794105632601,46.76217338422001,L,Crew at work,63,NA,8044,,20260826141002,2026-08-26 18:22:02
222,2026-08-26 10:30:40,,I,Interruption,-71.27699661738113,46.722585150596856,L,Crew at work,63,NA,1778,,20260826141002,2026-08-26 18:22:02
353,2026-08-26 10:30:40,,I,Interruption,-71.2779674914179,46.72015703061342,L,Crew at work,63,NA,1778,,20260826141002,2026-08-26 18:22:02
21,2026-08-26 08:42:21,2026-08-26 15:45:00,I,Interruption,-73.5749428652836,45.66839634104789,L,Crew at work,61,NA,6717,,20260826141002,2026-08-26 18:22:02
2,2026-08-26 13:01:13,2026-08-26 15:15:00,I,Interruption,-73.44160543992373,45.759046561005796,L,Crew at work,63,NA,5482,,20260826141002,2026-08-26 18:22:02
9,2026-08-26 08:44:34,2026-08-26 14:15:00,I,Interruption,-74.10891083229468,45.26230427988377,L,Crew at work,61,NA,5707,,20260826141002,2026-08-26 18:22:02
2,2026-08-26 08:07:34,2026-08-26 15:15:00,I,Interruption,-75.01814570690954,46.37478688135661,L,Crew at work,63,NA,4926,,20260826141002,2026-08-26 18:22:02
5,2026-08-26 13:29:12,2026-08-26 15:00:00,I,Interruption,-71.60413044034055,46.8707415563506,L,Crew at work,62,NA,2330,,20260826141002,2026-08-26 18:22:02
2,2026-08-26 08:54:45,2026-08-26 16:00:00,I,Interruption,-71.05373510594906,48.41026774717237,L,Crew at work,67,NA,1850,,20260826141002,2026-08-26 18:22:02
30,2026-08-26 11:42:52,2026-08-26 18:00:00,P,Outage,-73.79793238541367,45.66799277817781,L,Crew at work,,NA,4428,,20260826141002,2026-08-26 18:22:02
1,2026-08-26 11:05:34,2026-08-26 14:15:00,P,Outage,-74.18825455565715,45.353347247740544,L,Crew at work,54,Accident or incident,6348,,20260826141002,2026-08-26 18:22:02
78,2026-08-26 08:46:46,2026-08-26 15:30:00,I,Interruption,-73.32495233532859,45.53053180971795,L,Crew at work,61,NA,6210,,20260826141002,2026-08-26 18:22:02
12,2026-08-26 10:51:06,2026-08-26 16:15:00,I,Interruption,-73.64933034210044,45.5116678290116,L,Crew at work,63,NA,0115,,20260826141002,2026-08-26 18:22:02
449,2026-08-26 09:07:54,2026-08-26 15:45:00,I,Interruption,-74.05145185811031,45.80659362397814,L,Crew at work,61,NA,1353,,20260826141002,2026-08-26 18:22:02
6,2026-08-26 13:05:08,2026-08-26 15:15:00,I,Interruption,-75.71638989133896,45.47993506349679,L,Crew at work,63,NA,2375,,20260826141002,2026-08-26 18:22:02
12,2026-08-26 09:18:53,2026-08-26 14:15:00,I,Interruption,-70.80542022751105,46.11107761547299,L,Crew at work,62,NA,6162,,20260826141002,2026-08-26 18:22:02
8,2026-08-26 09:42:05,,P,Outage,-72.76090315114469,46.44356827186568,L,Crew at work,,NA,6600,,20260826141002,2026-08-26 18:22:02
156,2026-08-26 11:13:39,2026-08-26 15:45:00,P,Outage,-73.58653983387056,45.53931969755807,R,Crew en route,34,Accident or incident,1000,,20260826141002,2026-08-26 18:22:02
27,2026-08-26 11:13:39,2026-08-26 15:15:00,P,Outage,-73.58772047629513,45.54015613347427,L,Crew at work,34,Accident or incident,1000,,20260826141002,2026-08-26 18:22:02
