customers_affected,start_time,estimated_end_time,type_code,type,longitude,latitude,status_code,status,cause_code,cause,municipality_id,message_id,bis_version,pulled_at
22,2026-08-10 14:59:51,2026-08-10 23:15:00,P,Outage,-73.63050436994237,45.32757957646284,L,Crew at work,,NA,7992,,20260810204007,2026-08-11 00:46:36
6,2026-08-10 19:24:33,2026-08-10 21:30:00,P,Outage,-75.67300055254424,46.17242760083955,A,Work assigned,,NA,5064,,20260810204007,2026-08-11 00:46:36
1,2026-08-10 18:49:08,2026-08-10 21:30:00,P,Outage,-73.45713664416202,45.06768063038607,N,NA,,NA,6171,,20260810204007,2026-08-11 00:46:36
13,2026-08-10 19:20:34,2026-08-10 23:45:00,P,Outage,-73.896332174968,45.031173161373886,N,NA,,NA,2345,,20260810204007,2026-08-11 00:46:36
23,2026-08-10 19:22:36,2026-08-10 23:15:00,P,Outage,-73.59593307113919,45.56351926078295,A,Work assigned,,NA,1000,,20260810204007,2026-08-11 00:46:36
1,2026-08-10 18:07:20,2026-08-10 21:30:00,P,Outage,-74.13468956647804,45.07963740805431,N,NA,,NA,2615,,20260810204007,2026-08-11 00:46:36
1,2026-08-04 19:44:54,2026-08-10 23:15:00,P,Outage,-74.91164804166988,46.459674051286626,A,Work assigned,24,Weather conditions,4551,,20260810204007,2026-08-11 00:46:36
2,2026-08-10 13:46:44,2026-08-10 23:15:00,P,Outage,-72.84409820545949,46.45911372155571,L,Crew at work,11,Equipment failure,6195,,20260810204007,2026-08-11 00:46:36
23,2026-08-10 19:18:43,2026-08-10 21:30:00,P,Outage,-73.08872651788293,45.026806598098254,N,NA,,NA,6063,,20260810204007,2026-08-11 00:46:36
4,2026-08-10 20:12:04,2026-08-10 22:15:00,P,Outage,-71.89512825346605,45.130732697560404,R,Crew en route,,NA,1251,,20260810204007,2026-08-11 00:46:36
9,2026-08-10 20:31:03,,P,Outage,-75.83110448264613,45.404847256071854,N,NA,,NA,1185,,20260810204007,2026-08-11 00:46:36
4,2026-08-10 20:34:49,,P,Outage,-74.38979967182773,45.12499223226979,N,NA,,NA,5994,,20260810204007,2026-08-11 00:46:36
4,2026-08-10 19:31:44,2026-08-10 21:30:00,P,Outage,-72.65781539476997,46.297685314602134,L,Crew at work,11,Equipment failure,3987,,20260810204007,2026-08-11 00:46:36
1,2026-08-10 17:54:57,2026-08-10 21:30:00,P,Outage,-72.93481797287951,47.47004544799091,L,Crew at work,11,Equipment failure,4179,,20260810204007,2026-08-11 00:46:36
759,2026-08-10 17:04:41,,P,Outage,-76.37244787525435,45.53114441595337,L,Crew at work,,NA,1499,,20260810204007,2026-08-11 00:46:36
786,2026-08-10 16:37:40,,P,Outage,-76.54883983252437,45.583859148764446,R,Crew en route,,NA,1499,,20260810204007,2026-08-11 00:46:36
11,2026-08-10 20:26:36,,P,Outage,-73.42459899336276,46.130782595303444,N,NA,,NA,6678,,20260810204007,2026-08-11 00:46:36
5,2026-08-10 19:51:46,2026-08-10 22:00:00,P,Outage,-77.0223732780414,45.92704023826821,N,NA,,NA,9437,,20260810204007,2026-08-11 00:46:36
1,2026-08-10 16:01:14,,P,Outage,-69.94812543905364,46.96723012873382,R,Crew en route,,NA,8686,,20260810204007,2026-08-11 00:46:36
4940,2026-08-10 19:45:14,2026-08-10 21:45:00,P,Outage,-73.62449647127558,45.54603272300933,R,Crew en route,44,Accident or incident,1000,,20260810204007,2026-08-11 00:46:36
7,2026-08-10 19:40:08,2026-08-10 21:45:00,P,Outage,-72.59486220165083,45.315896047894576,N,NA,,NA,1508,,20260810204007,2026-08-11 00:46:36
2,2026-08-10 14:33:28,2026-08-10 22:30:00,P,Outage,-79.03249844744808,48.49574799814137,L,Crew at work,54,Accident or incident,2081,,20260810204007,2026-08-11 00:46:36
5,2026-08-10 15:53:19,2026-08-10 21:15:00,P,Outage,-73.92208488272225,46.67821237001726,R,Crew en route,,NA,7671,,20260810204007,2026-08-11 00:46:36
1,2026-08-10 19:55:39,2026-08-10 22:00:00,P,Outage,-75.0634978600493,46.01788375070906,A,Work assigned,,NA,2138,,20260810204007,2026-08-11 00:46:36
213,2026-08-10 17:22:42,2026-08-10 21:00:00,P,Outage,-69.75912233941978,48.07523341104057,L,Crew at work,58,Equipment failure,6702,,20260810204007,2026-08-11 00:46:36
3,2026-08-10 19:56:03,2026-08-10 22:15:00,P,Outage,-76.76881940291403,45.871112090950945,N,NA,,NA,4539,,20260810204007,2026-08-11 00:46:36
14,2026-08-10 20:07:54,2026-08-10 22:15:00,P,Outage,-73.46007615007493,45.73725346168273,A,Work assigned,,NA,5482,,20260810204007,2026-08-11 00:46:36
8,2026-08-10 20:12:32,2026-08-10 22:15:00,P,Outage,-73.68277856562818,45.589695168362574,N,NA,,NA,2180,,20260810204007,2026-08-11 00:46:36
4,2026-08-10 20:08:45,2026-08-10 22:15:00,P,Outage,-76.20240193186108,46.203517722827094,A,Work assigned,,NA,2108,,20260810204007,2026-08-11 00:46:36
7,2026-08-10 16:38:04,,P,Outage,-76.52660379647804,45.59184231260593,N,NA,,NA,1889,,20260810204007,2026-08-11 00:46:36
1,2026-08-10 18:02:08,2026-08-10 22:00:00,P,Outage,-74.04088771745353,45.19645227986674,N,NA,,NA,7452,,20260810204007,2026-08-11 00:46:36
10,2026-08-10 20:11:55,2026-08-10 22:15:00,P,Outage,-71.32723914116781,46.81245466387461,L,Crew at work,12,Equipment failure,5411,,20260810204007,2026-08-11 00:46:36
9,2026-08-10 11:56:29,2026-08-11 00:15:00,P,Outage,-72.86109325187249,45.45676343794102,A,Work assigned,51,Vegetation damage,7809,,20260810204007,2026-08-11 00:46:36
1,2026-08-10 08:36:58,2026-08-13 13:45:00,I,Interruption,-76.0686934084436,53.698106250128895,L,Crew at work,62,NA,9165,,20260810204007,2026-08-11 00:46:36
20,2026-08-10 20:38:12,,P,Outage,-73.64755563269328,45.58612050399502,L,Crew at work,,NA,0111,,20260810204007,2026-08-11 00:46:36
13,2026-08-10 18:55:17,2026-08-10 21:00:00,P,Outage,-73.76442102527656,45.52898086650179,R,Crew en route,,NA,1856,,20260810204007,2026-08-11 00:46:36
12,2026-08-10 18:27:15,,P,Outage,-73.29833033923613,45.3535027157908,N,NA,,NA,7470,,20260810204007,2026-08-11 00:46:36
2,2026-08-10 18:33:18,,P,Outage,-73.29002481280297,45.24383053143918,N,NA,,NA,6186,,20260810204007,2026-08-11 00:46:36
11,2026-08-10 16:46:34,,P,Outage,-76.46600464253434,45.59452408000616,R,Crew en route,,NA,5739,,20260810204007,2026-08-11 00:46:36
15,2026-08-10 16:45:59,,P,Outage,-76.53914486038859,45.622057505726445,R,Crew en route,,NA,1889,,20260810204007,2026-08-11 00:46:36
368,2026-08-10 19:02:18,2026-08-10 21:00:00,P,Outage,-73.42428341523498,45.09513542601789,R,Crew en route,,NA,4128,,20260810204007,2026-08-11 00:46:36
20,2026-08-10 18:02:35,2026-08-10 23:45:00,P,Outage,-74.00494033093015,45.06623856015072,N,NA,,NA,5128,,20260810204007,2026-08-11 00:46:36
91,2026-08-10 18:02:35,2026-08-10 23:15:00,P,Outage,-73.94951737677678,45.00957947997017,R,Crew en route,,NA,2345,,20260810204007,2026-08-11 00:46:36
94,2026-08-10 13:46:44,2026-08-10 23:15:00,P,Outage,-72.84058273944791,46.45464984752896,L,Crew at work,21,Weather conditions,6195,,20260810204007,2026-08-11 00:46:36
3,2026-08-10 17:35:15,2026-08-10 22:45:00,P,Outage,-74.32366164108701,45.19874771467129,R,Crew en route,,NA,5564,,20260810204007,2026-08-11 00:46:36
9,2026-08-10 18:02:35,2026-08-10 23:45:00,P,Outage,-73.9864543418871,45.03419430134008,N,NA,,NA,2345,,20260810204007,2026-08-11 00:46:36
214,2026-08-10 18:02:35,2026-08-10 23:45:00,P,Outage,-74.00587157788114,45.02358361484133,R,Crew en route,,NA,2345,,20260810204007,2026-08-11 00:46:36
71,2026-08-10 18:02:35,2026-08-10 23:45:00,P,Outage,-73.88236342788448,45.01428758008102,N,NA,,NA,2576,,20260810204007,2026-08-11 00:46:36
15,2026-08-10 16:50:43,,P,Outage,-76.49014338827612,45.60801472272324,N,NA,51,Vegetation damage,5739,,20260810204007,2026-08-11 00:46:36
118,2026-08-10 18:02:55,,P,Outage,-75.83373371396732,45.40382441650528,R,Crew en route,,NA,1185,,20260810204007,2026-08-11 00:46:36
1,2026-08-10 18:46:52,2026-08-10 20:45:00,P,Outage,-73.97122298085557,45.0291301479573,N,NA,,NA,2345,,20260810204007,2026-08-11 00:46:36
2,2026-08-10 18:56:07,2026-08-10 21:00:00,P,Outage,-74.03747302302747,45.19618324092449,N,NA,,NA,7452,,20260810204007,2026-08-11 00:46:36
38,2026-08-10 18:02:32,2026-08-10 23:45:00,P,Outage,-74.03232133691006,45.04082035072075,N,NA,,NA,2615,,20260810204007,2026-08-11 00:46:36
35,2026-08-10 18:20:29,2026-08-10 23:45:00,P,Outage,-73.82548472052014,45.06459024263161,N,NA,,NA,2345,,20260810204007,2026-08-11 00:46:36
59,2026-08-10 17:14:51,2026-08-10 22:45:00,P,Outage,-74.26089459221895,46.164992945253736,R,Crew en route,44,Accident or incident,4197,,20260810204007,2026-08-11 00:46:36
134,2026-08-10 18:02:35,2026-08-10 23:45:00,P,Outage,-74.02098801293856,45.08520653647725,R,Crew en route,,NA,5128,,20260810204007,2026-08-11 00:46:36
5,2026-08-10 18:09:13,2026-08-10 23:45:00,P,Outage,-73.99773062563457,45.126142216387976,N,NA,,NA,5128,,20260810204007,2026-08-11 00:46:36
66,2026-08-10 17:03:33,2026-08-11 07:15:00,P,Outage,-71.95236764574214,46.055431549491445,L,Crew at work,44,Accident or incident,9359,,20260810204007,2026-08-11 00:46:36
101,2026-08-10 18:59:05,2026-08-10 21:45:00,P,Outage,-73.73892278968071,45.45003617720187,N,NA,,NA,0223,,20260810204007,2026-08-11 00:46:36
215,2026-08-10 17:27:52,2026-08-10 21:00:00,P,Outage,-71.19838773457909,46.88329661262409,L,Crew at work,51,Vegetation damage,1302,,20260810204007,2026-08-11 00:46:36
17,2026-08-10 18:32:34,2026-08-10 23:45:00,P,Outage,-74.1551617717097,44.997508430564885,N,NA,,NA,2615,,20260810204007,2026-08-11 00:46:36
61,2026-08-10 18:07:16,2026-08-10 23:45:00,P,Outage,-74.07748245504877,45.05839345408972,N,NA,,NA,2615,,20260810204007,2026-08-11 00:46:36
20,2026-08-10 18:57:12,2026-08-10 21:00:00,P,Outage,-75.61423462776364,45.49755355017122,R,Crew en route,,NA,2375,,20260810204007,2026-08-11 00:46:36
1,2026-08-10 19:06:14,2026-08-10 23:15:00,P,Outage,-79.19987374524597,47.38837063903721,A,Work assigned,,NA,2357,,20260810204007,2026-08-11 00:46:36
1,2026-08-10 19:06:15,2026-08-10 22:30:00,P,Outage,-74.18629256660186,45.09216065333839,N,NA,,NA,2657,,20260810204007,2026-08-11 00:46:36
2,2026-08-10 19:13:18,2026-08-10 21:15:00,P,Outage,-74.34639980432561,45.31772525550884,N,NA,,NA,7950,,20260810204007,2026-08-11 00:46:36
4,2026-08-10 17:07:15,2026-08-10 22:15:00,P,Outage,-72.56070701980715,45.29144249841685,N,NA,,NA,1505,,20260810204007,2026-08-11 00:46:36
3,2026-08-10 14:44:34,2026-08-10 21:15:00,P,Outage,-72.65741186102431,46.29638104501071,L,Crew at work,11,Equipment failure,3987,,20260810204007,2026-08-11 00:46:36
132,2026-08-10 17:52:10,2026-08-10 22:45:00,P,Outage,-74.18124216370168,45.08414776227317,R,Crew en route,,NA,2657,,20260810204007,2026-08-11 00:46:36
55,2026-08-10 17:57:26,2026-08-10 21:45:00,P,Outage,-73.67133002634222,45.55143384032465,A,Work assigned,,NA,1000,,20260810204007,2026-08-11 00:46:36
1,2026-08-07 15:13:26,2026-08-11 17:15:00,P,Outage,-74.59805003474581,46.03249840271805,L,Crew at work,11,Equipment failure,1119,,20260810204007,2026-08-11 00:46:36
22,2026-08-10 14:59:51,2026-08-10 23:15:00,P,Outage,-73.63050436994237,45.32757957646284,L,Crew at work,,NA,7992,,20260810225015,2026-08-11 02:54:10
2,2026-08-10 21:54:26,2026-08-11 00:00:00,P,Outage,-71.21600406530516,46.8460896321986,L,Crew at work,51,Vegetation damage,5410,,20260810225015,2026-08-11 02:54:10
6,2026-08-10 19:24:33,,P,Outage,-75.67300055254424,46.17242760083955,N,NA,,NA,5064,,20260810225015,2026-08-11 02:54:10
1,2026-08-10 18:49:08,2026-08-10 23:45:00,P,Outage,-73.45713664416202,45.06768063038607,N,NA,,NA,6171,,20260810225015,2026-08-11 02:54:10
13,2026-08-10 19:20:34,2026-08-10 23:45:00,P,Outage,-73.896332174968,45.031173161373886,N,NA,,NA,2345,,20260810225015,2026-08-11 02:54:10
23,2026-08-10 19:22:36,2026-08-10 23:15:00,P,Outage,-73.59593307113919,45.56351926078295,A,Work assigned,,NA,1000,,20260810225015,2026-08-11 02:54:10
1,2026-08-10 18:07:20,2026-08-10 23:45:00,P,Outage,-74.13468956647804,45.07963740805431,N,NA,,NA,2615,,20260810225015,2026-08-11 02:54:10
1,2026-08-04 19:44:54,2026-08-10 23:15:00,P,Outage,-74.91164804166988,46.459674051286626,A,Work assigned,24,Weather conditions,4551,,20260810225015,2026-08-11 02:54:10
2,2026-08-10 13:46:44,2026-08-10 23:15:00,P,Outage,-72.84409820545949,46.45911372155571,L,Crew at work,11,Equipment failure,6195,,20260810225015,2026-08-11 02:54:10
23,2026-08-10 19:18:43,2026-08-11 00:15:00,P,Outage,-73.08872651788293,45.026806598098254,R,Crew en route,,NA,6063,,20260810225015,2026-08-11 02:54:10
4,2026-08-10 20:12:04,2026-08-11 00:45:00,P,Outage,-71.89512825346605,45.130732697560404,N,NA,,NA,1251,,20260810225015,2026-08-11 02:54:10
4,2026-08-10 20:34:49,,P,Outage,-74.38979967182773,45.12499223226979,N,NA,,NA,5994,,20260810225015,2026-08-11 02:54:10
4,2026-08-10 19:31:44,2026-08-11 01:15:00,P,Outage,-72.65781539476997,46.297685314602134,N,NA,11,Equipment failure,3987,,20260810225015,2026-08-11 02:54:10
759,2026-08-10 17:04:41,,P,Outage,-76.37244787525435,45.53114441595337,R,Crew en route,,NA,1499,,20260810225015,2026-08-11 02:54:10
786,2026-08-10 16:37:40,2026-08-11 02:15:00,P,Outage,-76.54883983252437,45.583859148764446,R,Crew en route,,NA,1499,,20260810225015,2026-08-11 02:54:10
5,2026-08-10 19:51:46,2026-08-11 12:15:00,P,Outage,-77.0223732780414,45.92704023826821,N,NA,,NA,9437,,20260810225015,2026-08-11 02:54:10
63,2026-08-10 22:44:14,,P,Outage,-73.27303160671455,45.323455131971734,L,Crew at work,54,Accident or incident,7110,,20260810225015,2026-08-11 02:54:10
7,2026-08-10 22:36:52,,P,Outage,-72.78947664723212,47.42603708177083,N,NA,,NA,3975,,20260810225015,2026-08-11 02:54:10
17,2026-08-10 22:36:52,,P,Outage,-72.78475201309298,47.41356657764164,N,NA,,NA,3975,,20260810225015,2026-08-11 02:54:10
28,2026-08-10 22:19:03,2026-08-11 00:30:00,P,Outage,-75.56292044996289,45.8555956884689,N,NA,,NA,9275,,20260810225015,2026-08-11 02:54:10
7,2026-08-10 19:40:08,2026-08-10 23:45:00,P,Outage,-72.59486220165083,45.315896047894576,N,NA,,NA,1508,,20260810225015,2026-08-11 02:54:10
31,2026-08-10 18:02:35,2026-08-10 23:15:00,P,Outage,-73.942133552431,45.005496010672665,L,Crew at work,58,Equipment failure,2345,,20260810225015,2026-08-11 02:54:10
12,2026-08-10 21:51:28,2026-08-11 00:30:00,P,Outage,-73.88903398863458,45.57509134547533,N,NA,,NA,6639,,20260810225015,2026-08-11 02:54:10
1,2026-08-10 19:55:39,,P,Outage,-75.0634978600493,46.01788375070906,A,Work assigned,,NA,2138,,20260810225015,2026-08-11 02:54:10
20,2026-08-10 19:56:03,2026-08-11 12:15:00,P,Outage,-76.76864185763559,45.87166650618665,N,NA,,NA,4539,,20260810225015,2026-08-11 02:54:10
8,2026-08-10 20:12:32,,P,Outage,-73.68277856562818,45.589695168362574,R,Crew en route,,NA,2180,,20260810225015,2026-08-11 02:54:10
4,2026-08-10 20:08:45,,P,Outage,-76.20240193186108,46.203517722827094,A,Work assigned,,NA,2108,,20260810225015,2026-08-11 02:54:10
7,2026-08-10 16:38:04,2026-08-11 12:15:00,P,Outage,-76.52660379647804,45.59184231260593,N,NA,,NA,1889,,20260810225015,2026-08-11 02:54:10
1,2026-08-10 18:02:08,2026-08-11 02:15:00,P,Outage,-74.04088771745353,45.19645227986674,N,NA,,NA,7452,,20260810225015,2026-08-11 02:54:10
1,2026-08-10 19:13:00,2026-08-10 23:15:00,P,Outage,-77.2104430551639,45.98898890456334,N,NA,,NA,5750,,20260810225015,2026-08-11 02:54:10
3,2026-08-10 18:02:35,2026-08-10 23:45:00,P,Outage,-74.0194974214109,45.077312765146175,R,Crew en route,,NA,5128,,20260810225015,2026-08-11 02:54:10
5,2026-08-10 20:55:18,2026-08-10 23:00:00,P,Outage,-74.07148993422285,44.997815684155945,N,NA,,NA,2615,,20260810225015,2026-08-11 02:54:10
213,2026-08-10 17:22:42,,P,Outage,-69.75912233941978,48.07523341104057,L,Crew at work,58,Equipment failure,6702,,20260810225015,2026-08-11 02:54:10
5,2026-08-10 20:50:18,2026-08-10 23:00:00,P,Outage,-75.85860857719808,46.06969197536161,N,NA,,NA,4956,,20260810225015,2026-08-11 02:54:10
4,2026-08-10 21:26:18,2026-08-10 23:30:00,P,Outage,-74.07653818273742,45.00173023757736,N,NA,,NA,2615,,20260810225015,2026-08-11 02:54:10
501,2026-08-10 22:15:44,2026-08-11 05:15:00,P,Outage,-73.95925271374085,45.8257328715434,L,Crew at work,11,Equipment failure,9013,,20260810225015,2026-08-11 02:54:10
52,2026-08-10 21:42:49,2026-08-10 23:45:00,P,Outage,-75.58321221729196,45.87450173503297,N,NA,,NA,9275,,20260810225015,2026-08-11 02:54:10
4,2026-08-10 21:24:35,2026-08-10 23:30:00,P,Outage,-76.1250762729733,45.94314025813517,N,NA,,NA,1194,,20260810225015,2026-08-11 02:54:10
7,2026-08-10 21:56:58,2026-08-11 00:00:00,P,Outage,-75.92206768298092,45.99718049868491,N,NA,,NA,2618,,20260810225015,2026-08-11 02:54:10
29,2026-08-10 21:33:44,2026-08-10 23:45:00,P,Outage,-74.31174947561665,44.99625921033037,N,NA,,NA,2405,,20260810225015,2026-08-11 02:54:10
9,2026-08-10 11:56:29,2026-08-11 00:15:00,P,Outage,-72.86109325187249,45.45676343794102,A,Work assigned,51,Vegetation damage,7809,,20260810225015,2026-08-11 02:54:10
23,2026-08-10 22:04:03,2026-08-11 02:30:00,P,Outage,-71.20570622642487,46.90866409841533,L,Crew at work,54,Accident or incident,1302,,20260810225015,2026-08-11 02:54:10
17,2026-08-10 21:16:04,2026-08-10 23:15:00,P,Outage,-73.93784704692537,45.00470450828428,N,NA,44,Accident or incident,2345,,20260810225015,2026-08-11 02:54:10
1,2026-08-10 21:26:00,2026-08-10 23:30:00,P,Outage,-74.12960367634084,45.061420006424996,N,NA,,NA,2615,,20260810225015,2026-08-11 02:54:10
1,2026-08-10 08:36:58,2026-08-13 13:45:00,I,Interruption,-76.0686934084436,53.698106250128895,L,Crew at work,62,NA,9165,,20260810225015,2026-08-11 02:54:10
2,2026-08-10 20:59:04,2026-08-10 23:00:00,P,Outage,-73.97287196443203,45.02921882295524,N,NA,,NA,2345,,20260810225015,2026-08-11 02:54:10
22,2026-08-10 21:05:26,2026-08-11 02:15:00,P,Outage,-72.75395676870875,45.20931699386407,L,Crew at work,,NA,1982,,20260810225015,2026-08-11 02:54:10
50,2026-08-10 20:53:28,2026-08-11 02:15:00,P,Outage,-72.0811582476088,45.00770738144703,R,Crew en route,,NA,8362,,20260810225015,2026-08-11 02:54:10
9,2026-08-10 22:09:34,2026-08-11 00:15:00,P,Outage,-73.27301667949365,45.30306703049855,N,NA,,NA,7110,,20260810225015,2026-08-11 02:54:10
1,2026-08-10 18:02:35,2026-08-10 23:45:00,P,Outage,-74.00808910350318,45.08684767516427,R,Crew en route,,NA,5128,,20260810225015,2026-08-11 02:54:10
4,2026-08-10 21:07:39,2026-08-10 23:15:00,P,Outage,-71.97794985943757,45.11698271223152,N,NA,,NA,1254,,20260810225015,2026-08-11 02:54:10
12,2026-08-10 18:27:15,2026-08-11 03:15:00,P,Outage,-73.29833033923613,45.3535027157908,N,NA,,NA,7470,,20260810225015,2026-08-11 02:54:10
2,2026-08-10 18:33:18,2026-08-11 02:15:00,P,Outage,-73.29002481280297,45.24383053143918,N,NA,,NA,6186,,20260810225015,2026-08-11 02:54:10
11,2026-08-10 16:46:34,2026-08-11 12:15:00,P,Outage,-76.46600464253434,45.59452408000616,N,NA,,NA,5739,,20260810225015,2026-08-11 02:54:10
15,2026-08-10 16:45:59,2026-08-10 23:15:00,P,Outage,-76.53914486038859,45.622057505726445,L,Crew at work,51,Vegetation damage,1889,,20260810225015,2026-08-11 02:54:10
20,2026-08-10 18:02:35,2026-08-10 23:45:00,P,Outage,-74.00494033093015,45.06623856015072,N,NA,,NA,5128,,20260810225015,2026-08-11 02:54:10
35,2026-08-10 18:02:35,2026-08-10 23:15:00,P,Outage,-73.95502971565219,45.01254442612278,R,Crew en route,,NA,2345,,20260810225015,2026-08-11 02:54:10
94,2026-08-10 13:46:44,2026-08-10 23:15:00,P,Outage,-72.84058273944791,46.45464984752896,L,Crew at work,21,Weather conditions,6195,,20260810225015,2026-08-11 02:54:10
9,2026-08-10 18:02:35,2026-08-10 23:45:00,P,Outage,-73.9864543418871,45.03419430134008,N,NA,,NA,2345,,20260810225015,2026-08-11 02:54:10
214,2026-08-10 18:02:35,2026-08-10 23:45:00,P,Outage,-74.00587157788114,45.02358361484133,R,Crew en route,,NA,2345,,20260810225015,2026-08-11 02:54:10
71,2026-08-10 18:02:35,2026-08-10 23:45:00,P,Outage,-73.88236342788448,45.01428758008102,N,NA,,NA,2576,,20260810225015,2026-08-11 02:54:10
15,2026-08-10 16:50:43,,P,Outage,-76.49014338827612,45.60801472272324,N,NA,51,Vegetation damage,5739,,20260810225015,2026-08-11 02:54:10
1,2026-08-10 18:46:52,2026-08-10 23:45:00,P,Outage,-73.97122298085557,45.0291301479573,N,NA,,NA,2345,,20260810225015,2026-08-11 02:54:10
2,2026-08-10 18:56:07,2026-08-10 23:45:00,P,Outage,-74.03747302302747,45.19618324092449,N,NA,,NA,7452,,20260810225015,2026-08-11 02:54:10
38,2026-08-10 18:02:32,2026-08-10 23:45:00,P,Outage,-74.03232133691006,45.04082035072075,N,NA,,NA,2615,,20260810225015,2026-08-11 02:54:10
35,2026-08-10 18:20:29,2026-08-10 23:45:00,P,Outage,-73.82548472052014,45.06459024263161,N,NA,,NA,2345,,20260810225015,2026-08-11 02:54:10
59,2026-08-10 17:14:51,,P,Outage,-74.26089459221895,46.164992945253736,R,Crew en route,44,Accident or incident,4197,,20260810225015,2026-08-11 02:54:10
5,2026-08-10 18:09:13,2026-08-10 23:45:00,P,Outage,-73.99773062563457,45.126142216387976,N,NA,,NA,5128,,20260810225015,2026-08-11 02:54:10
66,2026-08-10 17:03:33,2026-08-11 07:15:00,P,Outage,-71.95236764574214,46.055431549491445,L,Crew at work,44,Accident or incident,9359,,20260810225015,2026-08-11 02:54:10
17,2026-08-10 18:32:34,2026-08-10 23:45:00,P,Outage,-74.1551617717097,44.997508430564885,N,NA,,NA,2615,,20260810225015,2026-08-11 02:54:10
61,2026-08-10 18:07:16,2026-08-10 23:45:00,P,Outage,-74.07748245504877,45.05839345408972,N,NA,,NA,2615,,20260810225015,2026-08-11 02:54:10
1,2026-08-10 19:06:15,,P,Outage,-74.18629256660186,45.09216065333839,N,NA,,NA,2657,,20260810225015,2026-08-11 02:54:10
2,2026-08-10 19:13:18,2026-08-10 23:45:00,P,Outage,-74.34639980432561,45.31772525550884,R,Crew en route,,NA,7950,,20260810225015,2026-08-11 02:54:10
4,2026-08-10 17:07:15,2026-08-11 02:15:00,P,Outage,-72.56070701980715,45.29144249841685,N,NA,,NA,1505,,20260810225015,2026-08-11 02:54:10
1,2026-08-07 15:13:26,2026-08-11 17:15:00,P,Outage,-74.59805003474581,46.03249840271805,L,Crew at work,11,Equipment failure,1119,,20260810225015,2026-08-11 02:54:10
22,2026-08-10 14:59:51,2026-08-11 05:15:00,P,Outage,-73.63050436994237,45.32757957646284,L,Crew at work,,NA,7992,,20260811000011,2026-08-11 04:10:22
5,2026-08-10 23:18:01,2026-08-11 01:15:00,P,Outage,-75.42800914503408,45.582827039485245,A,Work assigned,,NA,1562,,20260811000011,2026-08-11 04:10:22
9,2026-08-10 23:06:53,2026-08-11 01:15:00,P,Outage,-75.72206079561785,45.47068790022365,A,Work assigned,,NA,2375,,20260811000011,2026-08-11 04:10:22
6,2026-08-10 19:24:33,,P,Outage,-75.67300055254424,46.17242760083955,N,NA,,NA,5064,,20260811000011,2026-08-11 04:10:22
1,2026-08-10 18:49:08,,P,Outage,-73.45713664416202,45.06768063038607,N,NA,,NA,6171,,20260811000011,2026-08-11 04:10:22
13,2026-08-10 19:20:34,,P,Outage,-73.896332174968,45.031173161373886,N,NA,,NA,2345,,20260811000011,2026-08-11 04:10:22
23,2026-08-10 19:22:36,,P,Outage,-73.59593307113919,45.56351926078295,A,Work assigned,,NA,1000,,20260811000011,2026-08-11 04:10:22
1,2026-08-10 18:07:20,,P,Outage,-74.13468956647804,45.07963740805431,N,NA,,NA,2615,,20260811000011,2026-08-11 04:10:22
1,2026-08-04 19:44:54,,P,Outage,-74.91164804166988,46.459674051286626,A,Work assigned,24,Weather conditions,4551,,20260811000011,2026-08-11 04:10:22
1,2026-08-10 22:44:35,2026-08-11 01:00:00,P,Outage,-70.0550342643862,47.333135582174336,R,Crew en route,,NA,8470,,20260811000011,2026-08-11 04:10:22
2,2026-08-10 13:46:44,2026-08-11 02:15:00,P,Outage,-72.84409820545949,46.45911372155571,L,Crew at work,11,Equipment failure,6195,,20260811000011,2026-08-11 04:10:22
23,2026-08-10 19:18:43,2026-08-11 00:15:00,P,Outage,-73.08872651788293,45.026806598098254,R,Crew en route,,NA,6063,,20260811000011,2026-08-11 04:10:22
4,2026-08-10 20:12:04,2026-08-11 00:45:00,P,Outage,-71.89512825346605,45.130732697560404,R,Crew en route,,NA,1251,,20260811000011,2026-08-11 04:10:22
759,2026-08-10 17:04:41,2026-08-11 01:30:00,P,Outage,-76.37244787525435,45.53114441595337,R,Crew en route,,NA,1499,,20260811000011,2026-08-11 04:10:22
4,2026-08-10 20:34:49,,P,Outage,-74.38979967182773,45.12499223226979,N,NA,,NA,5994,,20260811000011,2026-08-11 04:10:22
4,2026-08-10 19:31:44,2026-08-11 03:15:00,P,Outage,-72.65781539476997,46.297685314602134,N,NA,11,Equipment failure,3987,,20260811000011,2026-08-11 04:10:22
56,2026-08-10 23:54:01,,P,Outage,-72.73571778525098,45.40329069538811,N,NA,,NA,2423,,20260811000011,2026-08-11 04:10:22
118,2026-08-10 21:18:20,2026-08-11 00:45:00,P,Outage,-75.59469016677257,45.71992505087632,L,Crew at work,58,Equipment failure,3807,,20260811000011,2026-08-11 04:10:22
786,2026-08-10 16:37:40,2026-08-11 02:15:00,P,Outage,-76.54883983252437,45.583859148764446,R,Crew en route,,NA,1499,,20260811000011,2026-08-11 04:10:22
4,2026-08-10 23:51:13,,P,Outage,-66.58514750071014,50.149919792124194,A,Work assigned,,NA,5721,,20260811000011,2026-08-11 04:10:22
5,2026-08-10 19:51:46,2026-08-11 12:15:00,P,Outage,-77.0223732780414,45.92704023826821,N,NA,,NA,9437,,20260811000011,2026-08-11 04:10:22
63,2026-08-10 22:44:14,2026-08-11 02:00:00,P,Outage,-73.27303160671455,45.323455131971734,L,Crew at work,54,Accident or incident,7110,,20260811000011,2026-08-11 04:10:22
7,2026-08-10 22:36:52,2026-08-11 00:45:00,P,Outage,-72.78947664723212,47.42603708177083,R,Crew en route,,NA,3975,,20260811000011,2026-08-11 04:10:22
1,2026-08-10 18:02:35,2026-08-11 12:15:00,P,Outage,-74.00808910350318,45.08684767516427,N,NA,,NA,5128,,20260811000011,2026-08-11 04:10:22
28,2026-08-10 22:19:03,2026-08-11 00:30:00,P,Outage,-75.56292044996289,45.8555956884689,N,NA,,NA,9275,,20260811000011,2026-08-11 04:10:22
7,2026-08-10 19:40:08,2026-08-11 04:15:00,P,Outage,-72.59486220165083,45.315896047894576,N,NA,,NA,1508,,20260811000011,2026-08-11 04:10:22
12,2026-08-10 21:51:28,2026-08-11 00:30:00,P,Outage,-73.88903398863458,45.57509134547533,R,Crew en route,,NA,6639,,20260811000011,2026-08-11 04:10:22
1,2026-08-10 19:55:39,2026-08-11 03:15:00,P,Outage,-75.0634978600493,46.01788375070906,L,Crew at work,11,Equipment failure,2138,,20260811000011,2026-08-11 04:10:22
20,2026-08-10 19:56:03,2026-08-11 12:15:00,P,Outage,-76.76864185763559,45.87166650618665,N,NA,,NA,4539,,20260811000011,2026-08-11 04:10:22
4,2026-08-10 20:08:45,2026-08-11 09:15:00,P,Outage,-76.20240193186108,46.203517722827094,N,NA,11,Equipment failure,2108,,20260811000011,2026-08-11 04:10:22
1,2026-08-10 18:02:08,2026-08-11 02:15:00,P,Outage,-74.04088771745353,45.19645227986674,N,NA,,NA,7452,,20260811000011,2026-08-11 04:10:22
1,2026-08-10 19:13:00,,P,Outage,-77.2104430551639,45.98898890456334,N,NA,,NA,5750,,20260811000011,2026-08-11 04:10:22
3,2026-08-10 18:02:35,,P,Outage,-74.0194974214109,45.077312765146175,N,NA,,NA,5128,,20260811000011,2026-08-11 04:10:22
5,2026-08-10 20:55:18,,P,Outage,-74.07148993422285,44.997815684155945,N,NA,,NA,2615,,20260811000011,2026-08-11 04:10:22
5,2026-08-10 20:50:18,,P,Outage,-75.85860857719808,46.06969197536161,R,Crew en route,,NA,4956,,20260811000011,2026-08-11 04:10:22
4,2026-08-10 21:26:18,,P,Outage,-74.07653818273742,45.00173023757736,N,NA,,NA,2615,,20260811000011,2026-08-11 04:10:22
501,2026-08-10 22:15:44,2026-08-11 05:15:00,P,Outage,-73.95925271374085,45.8257328715434,R,Crew en route,11,Equipment failure,9013,,20260811000011,2026-08-11 04:10:22
52,2026-08-10 21:42:49,,P,Outage,-75.58321221729196,45.87450173503297,N,NA,,NA,9275,,20260811000011,2026-08-11 04:10:22
4,2026-08-10 21:24:35,,P,Outage,-76.1250762729733,45.94314025813517,N,NA,,NA,1194,,20260811000011,2026-08-11 04:10:22
7,2026-08-10 21:56:58,,P,Outage,-75.92206768298092,45.99718049868491,N,NA,,NA,2618,,20260811000011,2026-08-11 04:10:22
29,2026-08-10 21:33:44,,P,Outage,-74.31174947561665,44.99625921033037,N,NA,,NA,2405,,20260811000011,2026-08-11 04:10:22
1,2026-08-10 22:01:24,2026-08-11 01:45:00,P,Outage,-74.27315695780617,45.0989664278655,N,NA,,NA,5994,,20260811000011,2026-08-11 04:10:22
9,2026-08-10 11:56:29,2026-08-11 00:15:00,P,Outage,-72.86109325187249,45.45676343794102,A,Work assigned,51,Vegetation damage,7809,,20260811000011,2026-08-11 04:10:22
23,2026-08-10 22:04:03,2026-08-11 02:30:00,P,Outage,-71.20570622642487,46.90866409841533,L,Crew at work,54,Accident or incident,1302,,20260811000011,2026-08-11 04:10:22
17,2026-08-10 21:16:04,2026-08-11 11:15:00,P,Outage,-73.93784704692537,45.00470450828428,R,Crew en route,44,Accident or incident,2345,,20260811000011,2026-08-11 04:10:22
1,2026-08-10 21:26:00,,P,Outage,-74.12960367634084,45.061420006424996,N,NA,,NA,2615,,20260811000011,2026-08-11 04:10:22
1,2026-08-10 08:36:58,2026-08-13 13:45:00,I,Interruption,-76.0686934084436,53.698106250128895,L,Crew at work,62,NA,9165,,20260811000011,2026-08-11 04:10:22
2,2026-08-10 20:59:04,2026-08-11 05:15:00,P,Outage,-73.97287196443203,45.02921882295524,N,NA,,NA,2345,,20260811000011,2026-08-11 04:10:22
22,2026-08-10 21:05:26,2026-08-11 02:15:00,P,Outage,-72.75395676870875,45.20931699386407,L,Crew at work,,NA,1982,,20260811000011,2026-08-11 04:10:22
50,2026-08-10 20:53:28,2026-08-11 05:15:00,P,Outage,-72.0811582476088,45.00770738144703,L,Crew at work,,NA,8362,,20260811000011,2026-08-11 04:10:22
4,2026-08-10 21:07:39,2026-08-11 04:15:00,P,Outage,-71.97794985943757,45.11698271223152,N,NA,,NA,1254,,20260811000011,2026-08-11 04:10:22
12,2026-08-10 18:27:15,2026-08-11 03:15:00,P,Outage,-73.29833033923613,45.3535027157908,N,NA,,NA,7470,,20260811000011,2026-08-11 04:10:22
2,2026-08-10 18:33:18,2026-08-11 02:15:00,P,Outage,-73.29002481280297,45.24383053143918,N,NA,,NA,6186,,20260811000011,2026-08-11 04:10:22
11,2026-08-10 16:46:34,2026-08-11 12:15:00,P,Outage,-76.46600464253434,45.59452408000616,R,Crew en route,,NA,5739,,20260811000011,2026-08-11 04:10:22
20,2026-08-10 18:02:35,,P,Outage,-74.00494033093015,45.06623856015072,N,NA,,NA,5128,,20260811000011,2026-08-11 04:10:22
94,2026-08-10 13:46:44,2026-08-11 02:15:00,P,Outage,-72.84058273944791,46.45464984752896,L,Crew at work,21,Weather conditions,6195,,20260811000011,2026-08-11 04:10:22
9,2026-08-10 18:02:35,2026-08-11 11:15:00,P,Outage,-73.9864543418871,45.03419430134008,N,NA,,NA,2345,,20260811000011,2026-08-11 04:10:22
214,2026-08-10 18:02:35,2026-08-11 05:15:00,P,Outage,-74.00587157788114,45.02358361484133,L,Crew at work,,NA,2345,,20260811000011,2026-08-11 04:10:22
71,2026-08-10 18:02:35,2026-08-11 03:15:00,P,Outage,-73.88236342788448,45.01428758008102,L,Crew at work,,NA,2576,,20260811000011,2026-08-11 04:10:22
15,2026-08-10 16:50:43,,P,Outage,-76.49014338827612,45.60801472272324,N,NA,51,Vegetation damage,5739,,20260811000011,2026-08-11 04:10:22
1,2026-08-10 18:46:52,2026-08-11 04:15:00,P,Outage,-73.97122298085557,45.0291301479573,N,NA,,NA,2345,,20260811000011,2026-08-11 04:10:22
2,2026-08-10 18:56:07,,P,Outage,-74.03747302302747,45.19618324092449,N,NA,,NA,7452,,20260811000011,2026-08-11 04:10:22
38,2026-08-10 18:02:32,2026-08-11 03:15:00,P,Outage,-74.03232133691006,45.04082035072075,R,Crew en route,,NA,2615,,20260811000011,2026-08-11 04:10:22
35,2026-08-10 18:20:29,,P,Outage,-73.82548472052014,45.06459024263161,N,NA,,NA,2345,,20260811000011,2026-08-11 04:10:22
59,2026-08-10 17:14:51,,P,Outage,-74.26089459221895,46.164992945253736,R,Crew en route,44,Accident or incident,4197,,20260811000011,2026-08-11 04:10:22
5,2026-08-10 18:09:13,,P,Outage,-73.99773062563457,45.126142216387976,N,NA,,NA,5128,,20260811000011,2026-08-11 04:10:22
66,2026-08-10 17:03:33,2026-08-11 07:15:00,P,Outage,-71.95236764574214,46.055431549491445,L,Crew at work,44,Accident or incident,9359,,20260811000011,2026-08-11 04:10:22
17,2026-08-10 18:32:34,,P,Outage,-74.1551617717097,44.997508430564885,N,NA,,NA,2615,,20260811000011,2026-08-11 04:10:22
61,2026-08-10 18:07:16,2026-08-11 03:45:00,P,Outage,-74.07748245504877,45.05839345408972,R,Crew en route,,NA,2615,,20260811000011,2026-08-11 04:10:22
1,2026-08-10 19:06:15,2026-08-11 05:15:00,P,Outage,-74.18629256660186,45.09216065333839,N,NA,,NA,2657,,20260811000011,2026-08-11 04:10:22
2,2026-08-10 19:13:18,,P,Outage,-74.34639980432561,45.31772525550884,R,Crew en route,,NA,7950,,20260811000011,2026-08-11 04:10:22
4,2026-08-10 17:07:15,2026-08-11 02:15:00,P,Outage,-72.56070701980715,45.29144249841685,N,NA,,NA,1505,,20260811000011,2026-08-11 04:10:22
1,2026-08-07 15:13:26,2026-08-11 17:15:00,P,Outage,-74.59805003474581,46.03249840271805,L,Crew at work,11,Equipment failure,1119,,20260811000011,2026-08-11 04:10:22
22,2026-08-10 14:59:51,2026-08-11 05:15:00,P,Outage,-73.63050436994237,45.32757957646284,L,Crew at work,,NA,7992,,20260811011007,2026-08-11 05:21:04
5,2026-08-10 23:18:01,2026-08-11 01:15:00,P,Outage,-75.42800914503408,45.582827039485245,A,Work assigned,,NA,1562,,20260811011007,2026-08-11 05:21:04
6,2026-08-10 19:24:33,,P,Outage,-75.67300055254424,46.17242760083955,N,NA,,NA,5064,,20260811011007,2026-08-11 05:21:04
1,2026-08-10 18:49:08,2026-08-11 05:15:00,P,Outage,-73.45713664416202,45.06768063038607,N,NA,,NA,6171,,20260811011007,2026-08-11 05:21:04
13,2026-08-10 19:20:34,2026-08-11 05:15:00,P,Outage,-73.896332174968,45.031173161373886,N,NA,,NA,2345,,20260811011007,2026-08-11 05:21:04
1,2026-08-10 18:07:20,2026-08-11 05:15:00,P,Outage,-74.13468956647804,45.07963740805431,N,NA,,NA,2615,,20260811011007,2026-08-11 05:21:04
1,2026-08-04 19:44:54,,P,Outage,-74.91164804166988,46.459674051286626,A,Work assigned,24,Weather conditions,4551,,20260811011007,2026-08-11 05:21:04
1,2026-08-10 22:44:35,,P,Outage,-70.0550342643862,47.333135582174336,R,Crew en route,,NA,8470,,20260811011007,2026-08-11 05:21:04
23,2026-08-10 19:18:43,2026-08-11 09:15:00,P,Outage,-73.08872651788293,45.026806598098254,L,Crew at work,58,Equipment failure,6063,,20260811011007,2026-08-11 05:21:04
4,2026-08-10 20:12:04,2026-08-11 04:15:00,P,Outage,-71.89512825346605,45.130732697560404,R,Crew en route,,NA,1251,,20260811011007,2026-08-11 05:21:04
4,2026-08-10 20:34:49,2026-08-11 05:15:00,P,Outage,-74.38979967182773,45.12499223226979,N,NA,,NA,5994,,20260811011007,2026-08-11 05:21:04
4,2026-08-10 19:31:44,2026-08-11 03:15:00,P,Outage,-72.65781539476997,46.297685314602134,N,NA,11,Equipment failure,3987,,20260811011007,2026-08-11 05:21:04
725,2026-08-10 17:04:41,2026-08-11 01:30:00,P,Outage,-76.3858267427607,45.53114293925836,L,Crew at work,58,Equipment failure,1499,,20260811011007,2026-08-11 05:21:04
786,2026-08-10 16:37:40,2026-08-11 02:15:00,P,Outage,-76.54883983252437,45.583859148764446,R,Crew en route,,NA,1499,,20260811011007,2026-08-11 05:21:04
5,2026-08-10 19:51:46,2026-08-11 12:15:00,P,Outage,-77.0223732780414,45.92704023826821,N,NA,,NA,9437,,20260811011007,2026-08-11 05:21:04
63,2026-08-10 22:44:14,2026-08-11 02:00:00,P,Outage,-73.27303160671455,45.323455131971734,L,Crew at work,54,Accident or incident,7110,,20260811011007,2026-08-11 05:21:04
7,2026-08-10 22:36:52,2026-08-11 05:15:00,P,Outage,-72.78947664723212,47.42603708177083,L,Crew at work,,NA,3975,,20260811011007,2026-08-11 05:21:04
1,2026-08-10 18:02:35,2026-08-11 12:15:00,P,Outage,-74.00808910350318,45.08684767516427,N,NA,,NA,5128,,20260811011007,2026-08-11 05:21:04
28,2026-08-10 22:19:03,,P,Outage,-75.56292044996289,45.8555956884689,N,NA,,NA,9275,,20260811011007,2026-08-11 05:21:04
7,2026-08-10 19:40:08,2026-08-11 04:15:00,P,Outage,-72.59486220165083,45.315896047894576,N,NA,,NA,1508,,20260811011007,2026-08-11 05:21:04
1,2026-08-10 19:55:39,2026-08-11 03:15:00,P,Outage,-75.0634978600493,46.01788375070906,L,Crew at work,11,Equipment failure,2138,,20260811011007,2026-08-11 05:21:04
20,2026-08-10 19:56:03,2026-08-11 12:15:00,P,Outage,-76.76864185763559,45.87166650618665,N,NA,,NA,4539,,20260811011007,2026-08-11 05:21:04
4,2026-08-10 20:08:45,2026-08-11 09:15:00,P,Outage,-76.20240193186108,46.203517722827094,N,NA,11,Equipment failure,2108,,20260811011007,2026-08-11 05:21:04
1,2026-08-10 18:02:08,2026-08-11 02:15:00,P,Outage,-74.04088771745353,45.19645227986674,N,NA,,NA,7452,,20260811011007,2026-08-11 05:21:04
1,2026-08-10 19:13:00,,P,Outage,-77.2104430551639,45.98898890456334,N,NA,,NA,5750,,20260811011007,2026-08-11 05:21:04
3,2026-08-10 18:02:35,2026-08-11 12:15:00,P,Outage,-74.0194974214109,45.077312765146175,N,NA,,NA,5128,,20260811011007,2026-08-11 05:21:04
5,2026-08-10 20:55:18,2026-08-11 05:15:00,P,Outage,-74.07148993422285,44.997815684155945,N,NA,,NA,2615,,20260811011007,2026-08-11 05:21:04
4,2026-08-10 21:26:18,2026-08-11 05:15:00,P,Outage,-74.07653818273742,45.00173023757736,N,NA,,NA,2615,,20260811011007,2026-08-11 05:21:04
501,2026-08-10 22:15:44,2026-08-11 03:15:00,P,Outage,-73.95925271374085,45.8257328715434,R,Crew en route,11,Equipment failure,9013,,20260811011007,2026-08-11 05:21:04
52,2026-08-10 21:42:49,,P,Outage,-75.58321221729196,45.87450173503297,A,Work assigned,,NA,9275,,20260811011007,2026-08-11 05:21:04
4,2026-08-10 21:24:35,,P,Outage,-76.1250762729733,45.94314025813517,N,NA,,NA,1194,,20260811011007,2026-08-11 05:21:04
7,2026-08-10 21:56:58,,P,Outage,-75.92206768298092,45.99718049868491,R,Crew en route,,NA,2618,,20260811011007,2026-08-11 05:21:04
29,2026-08-10 21:33:44,2026-08-11 05:15:00,P,Outage,-74.31174947561665,44.99625921033037,N,NA,,NA,2405,,20260811011007,2026-08-11 05:21:04
1,2026-08-10 22:01:24,2026-08-11 01:45:00,P,Outage,-74.27315695780617,45.0989664278655,N,NA,,NA,5994,,20260811011007,2026-08-11 05:21:04
9,2026-08-10 11:56:29,2026-08-11 07:15:00,P,Outage,-72.86109325187249,45.45676343794102,R,Crew en route,51,Vegetation damage,7809,,20260811011007,2026-08-11 05:21:04
23,2026-08-10 22:04:03,2026-08-11 02:30:00,P,Outage,-71.20570622642487,46.90866409841533,L,Crew at work,54,Accident or incident,1302,,20260811011007,2026-08-11 05:21:04
17,2026-08-10 21:16:04,2026-08-11 11:15:00,P,Outage,-73.93784704692537,45.00470450828428,N,NA,44,Accident or incident,2345,,20260811011007,2026-08-11 05:21:04
30,2026-08-10 23:57:30,2026-08-11 02:15:00,P,Outage,-69.28763964941076,48.489025320539156,A,Work assigned,,NA,7839,,20260811011007,2026-08-11 05:21:04
81,2026-08-10 21:18:20,2026-08-11 02:15:00,P,Outage,-75.62694264719052,45.73548417362455,L,Crew at work,58,Equipment failure,9431,,20260811011007,2026-08-11 05:21:04
1,2026-08-10 21:26:00,2026-08-11 05:15:00,P,Outage,-74.12960367634084,45.061420006424996,N,NA,,NA,2615,,20260811011007,2026-08-11 05:21:04
1,2026-08-10 08:36:58,2026-08-13 13:45:00,I,Interruption,-76.0686934084436,53.698106250128895,L,Crew at work,62,NA,9165,,20260811011007,2026-08-11 05:21:04
2,2026-08-10 20:59:04,2026-08-11 05:15:00,P,Outage,-73.97287196443203,45.02921882295524,N,NA,,NA,2345,,20260811011007,2026-08-11 05:21:04
50,2026-08-10 20:53:28,2026-08-11 05:15:00,P,Outage,-72.0811582476088,45.00770738144703,L,Crew at work,,NA,8362,,20260811011007,2026-08-11 05:21:04
4,2026-08-10 21:07:39,2026-08-11 04:15:00,P,Outage,-71.97794985943757,45.11698271223152,N,NA,,NA,1254,,20260811011007,2026-08-11 05:21:04
4,2026-08-11 00:10:57,2026-08-11 02:15:00,P,Outage,-75.79858149668551,46.27913143879175,N,NA,,NA,8392,,20260811011007,2026-08-11 05:21:04
12,2026-08-10 18:27:15,2026-08-11 03:15:00,P,Outage,-73.29833033923613,45.3535027157908,N,NA,,NA,7470,,20260811011007,2026-08-11 05:21:04
2,2026-08-10 18:33:18,2026-08-11 02:15:00,P,Outage,-73.29002481280297,45.24383053143918,R,Crew en route,,NA,6186,,20260811011007,2026-08-11 05:21:04
11,2026-08-10 16:46:34,2026-08-11 02:15:00,P,Outage,-76.46600464253434,45.59452408000616,L,Crew at work,11,Equipment failure,5739,,20260811011007,2026-08-11 05:21:04
20,2026-08-10 18:02:35,2026-08-11 11:15:00,P,Outage,-74.00494033093015,45.06623856015072,N,NA,,NA,5128,,20260811011007,2026-08-11 05:21:04
9,2026-08-10 18:02:35,2026-08-11 11:15:00,P,Outage,-73.9864543418871,45.03419430134008,N,NA,,NA,2345,,20260811011007,2026-08-11 05:21:04
214,2026-08-10 18:02:35,2026-08-11 05:15:00,P,Outage,-74.00587157788114,45.02358361484133,L,Crew at work,,NA,2345,,20260811011007,2026-08-11 05:21:04
71,2026-08-10 18:02:35,2026-08-11 03:15:00,P,Outage,-73.88236342788448,45.01428758008102,N,NA,,NA,2576,,20260811011007,2026-08-11 05:21:04
2,2026-08-11 00:36:25,2026-08-11 02:30:00,P,Outage,-72.84409820545949,46.45911372155571,N,NA,,NA,6195,,20260811011007,2026-08-11 05:21:04
2,2026-08-10 22:26:14,,P,Outage,-74.7571958315122,46.15230992783254,L,Crew at work,,NA,3915,,20260811011007,2026-08-11 05:21:04
15,2026-08-10 16:50:43,,P,Outage,-76.49014338827612,45.60801472272324,N,NA,51,Vegetation damage,5739,,20260811011007,2026-08-11 05:21:04
1,2026-08-10 18:46:52,2026-08-11 04:15:00,P,Outage,-73.97122298085557,45.0291301479573,N,NA,,NA,2345,,20260811011007,2026-08-11 05:21:04
2,2026-08-10 18:56:07,2026-08-11 05:15:00,P,Outage,-74.03747302302747,45.19618324092449,N,NA,,NA,7452,,20260811011007,2026-08-11 05:21:04
38,2026-08-10 18:02:32,2026-08-11 03:15:00,P,Outage,-74.03232133691006,45.04082035072075,R,Crew en route,,NA,2615,,20260811011007,2026-08-11 05:21:04
35,2026-08-10 18:20:29,2026-08-11 04:15:00,P,Outage,-73.82548472052014,45.06459024263161,R,Crew en route,,NA,2345,,20260811011007,2026-08-11 05:21:04
59,2026-08-10 17:14:51,,P,Outage,-74.26089459221895,46.164992945253736,R,Crew en route,44,Accident or incident,4197,,20260811011007,2026-08-11 05:21:04
5,2026-08-10 18:09:13,2026-08-11 05:15:00,P,Outage,-73.99773062563457,45.126142216387976,N,NA,,NA,5128,,20260811011007,2026-08-11 05:21:04
66,2026-08-10 17:03:33,2026-08-11 07:15:00,P,Outage,-71.95236764574214,46.055431549491445,L,Crew at work,44,Accident or incident,9359,,20260811011007,2026-08-11 05:21:04
17,2026-08-10 18:32:34,2026-08-11 05:15:00,P,Outage,-74.1551617717097,44.997508430564885,N,NA,,NA,2615,,20260811011007,2026-08-11 05:21:04
61,2026-08-10 18:07:16,2026-08-11 03:45:00,P,Outage,-74.07748245504877,45.05839345408972,R,Crew en route,,NA,2615,,20260811011007,2026-08-11 05:21:04
1,2026-08-10 19:06:15,2026-08-11 05:15:00,P,Outage,-74.18629256660186,45.09216065333839,N,NA,,NA,2657,,20260811011007,2026-08-11 05:21:04
2,2026-08-10 19:13:18,2026-08-11 05:15:00,P,Outage,-74.34639980432561,45.31772525550884,R,Crew en route,,NA,7950,,20260811011007,2026-08-11 05:21:04
4,2026-08-10 17:07:15,2026-08-11 02:15:00,P,Outage,-72.56070701980715,45.29144249841685,N,NA,,NA,1505,,20260811011007,2026-08-11 05:21:04
1,2026-08-07 15:13:26,2026-08-11 17:15:00,P,Outage,-74.59805003474581,46.03249840271805,L,Crew at work,11,Equipment failure,1119,,20260811011007,2026-08-11 05:21:04
22,2026-08-10 14:59:51,2026-08-11 05:15:00,P,Outage,-73.63050436994237,45.32757957646284,L,Crew at work,,NA,7992,,20260811020018,2026-08-11 06:12:54
5,2026-08-10 23:18:01,,P,Outage,-75.42800914503408,45.582827039485245,A,Work assigned,,NA,1562,,20260811020018,2026-08-11 06:12:54
6,2026-08-10 19:24:33,,P,Outage,-75.67300055254424,46.17242760083955,R,Crew en route,,NA,5064,,20260811020018,2026-08-11 06:12:54
1,2026-08-10 18:49:08,2026-08-11 05:15:00,P,Outage,-73.45713664416202,45.06768063038607,N,NA,,NA,6171,,20260811020018,2026-08-11 06:12:54
13,2026-08-10 19:20:34,2026-08-11 05:15:00,P,Outage,-73.896332174968,45.031173161373886,N,NA,,NA,2345,,20260811020018,2026-08-11 06:12:54
1,2026-08-10 18:07:20,2026-08-11 05:15:00,P,Outage,-74.13468956647804,45.07963740805431,N,NA,,NA,2615,,20260811020018,2026-08-11 06:12:54
1,2026-08-04 19:44:54,2026-08-11 12:15:00,P,Outage,-74.91164804166988,46.459674051286626,A,Work assigned,24,Weather conditions,4551,,20260811020018,2026-08-11 06:12:54
1,2026-08-10 22:44:35,2026-08-11 02:15:00,P,Outage,-70.0550342643862,47.333135582174336,L,Crew at work,,NA,8470,,20260811020018,2026-08-11 06:12:54
4,2026-08-10 20:12:04,2026-08-11 04:15:00,P,Outage,-71.89512825346605,45.130732697560404,R,Crew en route,,NA,1251,,20260811020018,2026-08-11 06:12:54
4,2026-08-10 20:34:49,2026-08-11 05:15:00,P,Outage,-74.38979967182773,45.12499223226979,N,NA,,NA,5994,,20260811020018,2026-08-11 06:12:54
4,2026-08-10 19:31:44,2026-08-11 03:15:00,P,Outage,-72.65781539476997,46.297685314602134,N,NA,11,Equipment failure,3987,,20260811020018,2026-08-11 06:12:54
725,2026-08-10 17:04:41,2026-08-11 03:15:00,P,Outage,-76.3858267427607,45.53114293925836,L,Crew at work,58,Equipment failure,1499,,20260811020018,2026-08-11 06:12:54
786,2026-08-10 16:37:40,2026-08-11 03:15:00,P,Outage,-76.54883983252437,45.583859148764446,R,Crew en route,,NA,1499,,20260811020018,2026-08-11 06:12:54
5,2026-08-10 19:51:46,2026-08-11 12:15:00,P,Outage,-77.0223732780414,45.92704023826821,N,NA,,NA,9437,,20260811020018,2026-08-11 06:12:54
63,2026-08-10 22:44:14,,P,Outage,-73.27303160671455,45.323455131971734,L,Crew at work,54,Accident or incident,7110,,20260811020018,2026-08-11 06:12:54
7,2026-08-10 22:36:52,2026-08-11 08:15:00,P,Outage,-72.78947664723212,47.42603708177083,N,NA,,NA,3975,,20260811020018,2026-08-11 06:12:54
1,2026-08-10 18:02:35,2026-08-11 12:15:00,P,Outage,-74.00808910350318,45.08684767516427,N,NA,,NA,5128,,20260811020018,2026-08-11 06:12:54
28,2026-08-10 22:19:03,,P,Outage,-75.56292044996289,45.8555956884689,N,NA,,NA,9275,,20260811020018,2026-08-11 06:12:54
7,2026-08-10 19:40:08,2026-08-11 04:15:00,P,Outage,-72.59486220165083,45.315896047894576,N,NA,,NA,1508,,20260811020018,2026-08-11 06:12:54
1,2026-08-10 19:55:39,2026-08-11 03:15:00,P,Outage,-75.0634978600493,46.01788375070906,L,Crew at work,11,Equipment failure,2138,,20260811020018,2026-08-11 06:12:54
20,2026-08-10 19:56:03,2026-08-11 12:15:00,P,Outage,-76.76864185763559,45.87166650618665,R,Crew en route,,NA,4539,,20260811020018,2026-08-11 06:12:54
4,2026-08-10 20:08:45,2026-08-11 09:15:00,P,Outage,-76.20240193186108,46.203517722827094,A,Work assigned,11,Equipment failure,2108,,20260811020018,2026-08-11 06:12:54
1,2026-08-10 18:02:08,2026-08-11 02:15:00,P,Outage,-74.04088771745353,45.19645227986674,N,NA,,NA,7452,,20260811020018,2026-08-11 06:12:54
1,2026-08-10 19:13:00,,P,Outage,-77.2104430551639,45.98898890456334,N,NA,,NA,5750,,20260811020018,2026-08-11 06:12:54
3,2026-08-10 18:02:35,2026-08-11 12:15:00,P,Outage,-74.0194974214109,45.077312765146175,N,NA,,NA,5128,,20260811020018,2026-08-11 06:12:54
5,2026-08-10 20:55:18,2026-08-11 05:15:00,P,Outage,-74.07148993422285,44.997815684155945,N,NA,,NA,2615,,20260811020018,2026-08-11 06:12:54
4,2026-08-10 21:26:18,2026-08-11 05:15:00,P,Outage,-74.07653818273742,45.00173023757736,N,NA,,NA,2615,,20260811020018,2026-08-11 06:12:54
501,2026-08-10 22:15:44,2026-08-11 03:15:00,P,Outage,-73.95925271374085,45.8257328715434,R,Crew en route,11,Equipment failure,9013,,20260811020018,2026-08-11 06:12:54
52,2026-08-10 21:42:49,,P,Outage,-75.58321221729196,45.87450173503297,A,Work assigned,,NA,9275,,20260811020018,2026-08-11 06:12:54
29,2026-08-10 21:33:44,2026-08-11 05:15:00,P,Outage,-74.31174947561665,44.99625921033037,R,Crew en route,,NA,2405,,20260811020018,2026-08-11 06:12:54
1,2026-08-10 22:01:24,,P,Outage,-74.27315695780617,45.0989664278655,N,NA,,NA,5994,,20260811020018,2026-08-11 06:12:54
9,2026-08-10 11:56:29,2026-08-11 05:15:00,P,Outage,-72.86109325187249,45.45676343794102,R,Crew en route,51,Vegetation damage,7809,,20260811020018,2026-08-11 06:12:54
23,2026-08-10 22:04:03,2026-08-11 02:30:00,P,Outage,-71.20570622642487,46.90866409841533,L,Crew at work,54,Accident or incident,1302,,20260811020018,2026-08-11 06:12:54
17,2026-08-10 21:16:04,2026-08-11 11:15:00,P,Outage,-73.93784704692537,45.00470450828428,N,NA,44,Accident or incident,2345,,20260811020018,2026-08-11 06:12:54
30,2026-08-10 23:57:30,2026-08-11 04:30:00,P,Outage,-69.28763964941076,48.489025320539156,R,Crew en route,,NA,7839,,20260811020018,2026-08-11 06:12:54
1,2026-08-10 21:26:00,2026-08-11 05:15:00,P,Outage,-74.12960367634084,45.061420006424996,N,NA,,NA,2615,,20260811020018,2026-08-11 06:12:54
1,2026-08-10 08:36:58,2026-08-13 13:45:00,I,Interruption,-76.0686934084436,53.698106250128895,L,Crew at work,62,NA,9165,,20260811020018,2026-08-11 06:12:54
2,2026-08-10 20:59:04,2026-08-11 05:15:00,P,Outage,-73.97287196443203,45.02921882295524,N,NA,,NA,2345,,20260811020018,2026-08-11 06:12:54
50,2026-08-10 20:53:28,2026-08-11 05:15:00,P,Outage,-72.0811582476088,45.00770738144703,L,Crew at work,,NA,8362,,20260811020018,2026-08-11 06:12:54
4,2026-08-10 21:07:39,2026-08-11 04:15:00,P,Outage,-71.97794985943757,45.11698271223152,N,NA,,NA,1254,,20260811020018,2026-08-11 06:12:54
4,2026-08-11 00:10:57,2026-08-11 02:15:00,P,Outage,-75.79858149668551,46.27913143879175,R,Crew en route,,NA,8392,,20260811020018,2026-08-11 06:12:54
12,2026-08-10 18:27:15,2026-08-11 03:15:00,P,Outage,-73.29833033923613,45.3535027157908,N,NA,,NA,7470,,20260811020018,2026-08-11 06:12:54
2,2026-08-10 18:33:18,2026-08-11 02:15:00,P,Outage,-73.29002481280297,45.24383053143918,R,Crew en route,,NA,6186,,20260811020018,2026-08-11 06:12:54
20,2026-08-10 18:02:35,2026-08-11 11:15:00,P,Outage,-74.00494033093015,45.06623856015072,N,NA,,NA,5128,,20260811020018,2026-08-11 06:12:54
9,2026-08-10 18:02:35,2026-08-11 11:15:00,P,Outage,-73.9864543418871,45.03419430134008,N,NA,,NA,2345,,20260811020018,2026-08-11 06:12:54
214,2026-08-10 18:02:35,2026-08-11 05:15:00,P,Outage,-74.00587157788114,45.02358361484133,L,Crew at work,,NA,2345,,20260811020018,2026-08-11 06:12:54
71,2026-08-10 18:02:35,2026-08-11 03:15:00,P,Outage,-73.88236342788448,45.01428758008102,N,NA,,NA,2576,,20260811020018,2026-08-11 06:12:54
2,2026-08-11 00:36:25,2026-08-11 02:30:00,P,Outage,-72.84409820545949,46.45911372155571,N,NA,,NA,6195,,20260811020018,2026-08-11 06:12:54
3,2026-08-11 01:56:28,,P,Outage,-71.7434748881717,46.94387443093027,N,NA,,NA,7980,,20260811020018,2026-08-11 06:12:54
2,2026-08-10 22:26:14,,P,Outage,-74.7571958315122,46.15230992783254,L,Crew at work,,NA,3915,,20260811020018,2026-08-11 06:12:54
15,2026-08-10 16:50:43,,P,Outage,-76.49014338827612,45.60801472272324,N,NA,51,Vegetation damage,5739,,20260811020018,2026-08-11 06:12:54
1,2026-08-10 18:46:52,2026-08-11 04:15:00,P,Outage,-73.97122298085557,45.0291301479573,N,NA,,NA,2345,,20260811020018,2026-08-11 06:12:54
2,2026-08-10 18:56:07,2026-08-11 05:15:00,P,Outage,-74.03747302302747,45.19618324092449,N,NA,,NA,7452,,20260811020018,2026-08-11 06:12:54
38,2026-08-10 18:02:32,2026-08-11 03:15:00,P,Outage,-74.03232133691006,45.04082035072075,N,NA,,NA,2615,,20260811020018,2026-08-11 06:12:54
59,2026-08-10 17:14:51,2026-08-11 03:15:00,P,Outage,-74.26089459221895,46.164992945253736,R,Crew en route,44,Accident or incident,4197,,20260811020018,2026-08-11 06:12:54
5,2026-08-10 18:09:13,2026-08-11 05:15:00,P,Outage,-73.99773062563457,45.126142216387976,N,NA,,NA,5128,,20260811020018,2026-08-11 06:12:54
66,2026-08-10 17:03:33,2026-08-11 07:15:00,P,Outage,-71.95236764574214,46.055431549491445,L,Crew at work,44,Accident or incident,9359,,20260811020018,2026-08-11 06:12:54
17,2026-08-10 18:32:34,2026-08-11 05:15:00,P,Outage,-74.1551617717097,44.997508430564885,N,NA,,NA,2615,,20260811020018,2026-08-11 06:12:54
61,2026-08-10 18:07:16,2026-08-11 03:45:00,P,Outage,-74.07748245504877,45.05839345408972,N,NA,,NA,2615,,20260811020018,2026-08-11 06:12:54
1,2026-08-10 19:06:15,2026-08-11 05:15:00,P,Outage,-74.18629256660186,45.09216065333839,N,NA,,NA,2657,,20260811020018,2026-08-11 06:12:54
2,2026-08-10 19:13:18,2026-08-11 05:15:00,P,Outage,-74.34639980432561,45.31772525550884,R,Crew en route,,NA,7950,,20260811020018,2026-08-11 06:12:54
4,2026-08-10 17:07:15,2026-08-11 02:15:00,P,Outage,-72.56070701980715,45.29144249841685,N,NA,,NA,1505,,20260811020018,2026-08-11 06:12:54
5,2026-08-11 01:07:41,2026-08-11 03:15:00,P,Outage,-73.76461035287338,45.78840423783269,N,NA,,NA,7203,,20260811020018,2026-08-11 06:12:54
7,2026-08-11 01:51:49,,P,Outage,-73.93000634423194,45.668706195675085,L,Crew at work,,NA,6238,,20260811020018,2026-08-11 06:12:54
12,2026-08-11 01:45:30,,P,Outage,-75.16835221430719,45.66921344750932,N,NA,,NA,4401,,20260811020018,2026-08-11 06:12:54
1,2026-08-07 15:13:26,2026-08-11 17:15:00,P,Outage,-74.59805003474581,46.03249840271805,L,Crew at work,11,Equipment failure,1119,,20260811020018,2026-08-11 06:12:54
6,2026-08-10 19:24:33,2026-08-11 04:45:00,P,Outage,-75.67300055254424,46.17242760083955,L,Crew at work,51,Vegetation damage,5064,,20260811032016,2026-08-11 07:35:01
1,2026-08-10 18:49:08,2026-08-11 05:15:00,P,Outage,-73.45713664416202,45.06768063038607,N,NA,,NA,6171,,20260811032016,2026-08-11 07:35:01
13,2026-08-10 19:20:34,2026-08-11 05:15:00,P,Outage,-73.896332174968,45.031173161373886,N,NA,,NA,2345,,20260811032016,2026-08-11 07:35:01
1,2026-08-10 18:07:20,2026-08-11 05:15:00,P,Outage,-74.13468956647804,45.07963740805431,N,NA,,NA,2615,,20260811032016,2026-08-11 07:35:01
1,2026-08-04 19:44:54,2026-08-11 12:15:00,P,Outage,-74.91164804166988,46.459674051286626,A,Work assigned,24,Weather conditions,4551,,20260811032016,2026-08-11 07:35:01
1,2026-08-10 22:44:35,,P,Outage,-70.0550342643862,47.333135582174336,L,Crew at work,,NA,8470,,20260811032016,2026-08-11 07:35:01
4,2026-08-10 20:12:04,2026-08-11 04:15:00,P,Outage,-71.89512825346605,45.130732697560404,R,Crew en route,,NA,1251,,20260811032016,2026-08-11 07:35:01
4,2026-08-10 20:34:49,2026-08-11 05:15:00,P,Outage,-74.38979967182773,45.12499223226979,N,NA,,NA,5994,,20260811032016,2026-08-11 07:35:01
4,2026-08-10 19:31:44,,P,Outage,-72.65781539476997,46.297685314602134,N,NA,11,Equipment failure,3987,,20260811032016,2026-08-11 07:35:01
786,2026-08-10 16:37:40,,P,Outage,-76.54883983252437,45.583859148764446,R,Crew en route,,NA,1499,,20260811032016,2026-08-11 07:35:01
5,2026-08-10 19:51:46,2026-08-11 12:15:00,P,Outage,-77.0223732780414,45.92704023826821,R,Crew en route,,NA,9437,,20260811032016,2026-08-11 07:35:01
7,2026-08-10 22:36:52,2026-08-11 08:15:00,P,Outage,-72.78947664723212,47.42603708177083,N,NA,,NA,3975,,20260811032016,2026-08-11 07:35:01
1,2026-08-10 18:02:35,2026-08-11 12:15:00,P,Outage,-74.00808910350318,45.08684767516427,N,NA,,NA,5128,,20260811032016,2026-08-11 07:35:01
28,2026-08-10 22:19:03,,P,Outage,-75.56292044996289,45.8555956884689,R,Crew en route,,NA,9275,,20260811032016,2026-08-11 07:35:01
7,2026-08-10 19:40:08,2026-08-11 04:15:00,P,Outage,-72.59486220165083,45.315896047894576,R,Crew en route,,NA,1508,,20260811032016,2026-08-11 07:35:01
4,2026-08-10 20:08:45,2026-08-11 09:15:00,P,Outage,-76.20240193186108,46.203517722827094,A,Work assigned,11,Equipment failure,2108,,20260811032016,2026-08-11 07:35:01
1,2026-08-10 18:02:08,2026-08-11 05:15:00,P,Outage,-74.04088771745353,45.19645227986674,N,NA,,NA,7452,,20260811032016,2026-08-11 07:35:01
1,2026-08-10 19:13:00,,P,Outage,-77.2104430551639,45.98898890456334,N,NA,,NA,5750,,20260811032016,2026-08-11 07:35:01
3,2026-08-10 18:02:35,2026-08-11 12:15:00,P,Outage,-74.0194974214109,45.077312765146175,N,NA,,NA,5128,,20260811032016,2026-08-11 07:35:01
5,2026-08-10 20:55:18,2026-08-11 05:15:00,P,Outage,-74.07148993422285,44.997815684155945,N,NA,,NA,2615,,20260811032016,2026-08-11 07:35:01
4,2026-08-10 21:26:18,2026-08-11 05:15:00,P,Outage,-74.07653818273742,45.00173023757736,N,NA,,NA,2615,,20260811032016,2026-08-11 07:35:01
501,2026-08-10 22:15:44,,P,Outage,-73.95925271374085,45.8257328715434,R,Crew en route,11,Equipment failure,9013,,20260811032016,2026-08-11 07:35:01
1,2026-08-10 22:01:24,2026-08-11 06:15:00,P,Outage,-74.27315695780617,45.0989664278655,N,NA,,NA,5994,,20260811032016,2026-08-11 07:35:01
9,2026-08-10 11:56:29,2026-08-11 05:15:00,P,Outage,-72.86109325187249,45.45676343794102,R,Crew en route,51,Vegetation damage,7809,,20260811032016,2026-08-11 07:35:01
23,2026-08-10 22:04:03,2026-08-11 04:00:00,P,Outage,-71.20570622642487,46.90866409841533,L,Crew at work,54,Accident or incident,1302,,20260811032016,2026-08-11 07:35:01
17,2026-08-10 21:16:04,2026-08-11 11:15:00,P,Outage,-73.93784704692537,45.00470450828428,N,NA,44,Accident or incident,2345,,20260811032016,2026-08-11 07:35:01
30,2026-08-10 23:57:30,2026-08-11 04:30:00,P,Outage,-69.28763964941076,48.489025320539156,R,Crew en route,,NA,7839,,20260811032016,2026-08-11 07:35:01
1,2026-08-10 21:26:00,2026-08-11 05:15:00,P,Outage,-74.12960367634084,45.061420006424996,N,NA,,NA,2615,,20260811032016,2026-08-11 07:35:01
1,2026-08-10 08:36:58,2026-08-13 13:45:00,I,Interruption,-76.0686934084436,53.698106250128895,L,Crew at work,62,NA,9165,,20260811032016,2026-08-11 07:35:01
2,2026-08-10 20:59:04,2026-08-11 05:15:00,P,Outage,-73.97287196443203,45.02921882295524,N,NA,,NA,2345,,20260811032016,2026-08-11 07:35:01
50,2026-08-10 20:53:28,2026-08-11 05:15:00,P,Outage,-72.0811582476088,45.00770738144703,L,Crew at work,,NA,8362,,20260811032016,2026-08-11 07:35:01
4,2026-08-10 21:07:39,2026-08-11 04:15:00,P,Outage,-71.97794985943757,45.11698271223152,N,NA,,NA,1254,,20260811032016,2026-08-11 07:35:01
4,2026-08-11 00:10:57,,P,Outage,-75.79858149668551,46.27913143879175,L,Crew at work,58,Equipment failure,8392,,20260811032016,2026-08-11 07:35:01
10,2026-08-10 17:04:39,2026-08-11 09:15:00,P,Outage,-76.38647385329713,45.523053848150475,N,NA,,NA,1499,,20260811032016,2026-08-11 07:35:01
12,2026-08-10 18:27:15,,P,Outage,-73.29833033923613,45.3535027157908,R,Crew en route,,NA,7470,,20260811032016,2026-08-11 07:35:01
2,2026-08-10 18:33:18,,P,Outage,-73.29002481280297,45.24383053143918,R,Crew en route,,NA,6186,,20260811032016,2026-08-11 07:35:01
20,2026-08-10 18:02:35,2026-08-11 11:15:00,P,Outage,-74.00494033093015,45.06623856015072,N,NA,,NA,5128,,20260811032016,2026-08-11 07:35:01
553,2026-08-11 02:48:40,,P,Outage,-71.59925423741394,46.651826210455496,N,NA,,NA,6036,,20260811032016,2026-08-11 07:35:01
9,2026-08-10 18:02:35,2026-08-11 11:15:00,P,Outage,-73.9864543418871,45.03419430134008,N,NA,,NA,2345,,20260811032016,2026-08-11 07:35:01
214,2026-08-10 18:02:35,2026-08-11 05:15:00,P,Outage,-74.00587157788114,45.02358361484133,L,Crew at work,,NA,2345,,20260811032016,2026-08-11 07:35:01
71,2026-08-10 18:02:35,2026-08-11 12:15:00,P,Outage,-73.88236342788448,45.01428758008102,N,NA,,NA,2576,,20260811032016,2026-08-11 07:35:01
2,2026-08-11 00:36:25,,P,Outage,-72.84409820545949,46.45911372155571,N,NA,,NA,6195,,20260811032016,2026-08-11 07:35:01
3,2026-08-11 01:56:28,2026-08-11 04:00:00,P,Outage,-71.7434748881717,46.94387443093027,R,Crew en route,,NA,7980,,20260811032016,2026-08-11 07:35:01
2,2026-08-11 02:28:16,2026-08-11 04:30:00,P,Outage,-72.98666718604088,45.153704998377336,N,NA,,NA,7035,,20260811032016,2026-08-11 07:35:01
31,2026-08-11 02:53:41,2026-08-11 04:15:00,P,Outage,-71.95175936572694,46.05438634083701,L,Crew at work,,NA,9359,,20260811032016,2026-08-11 07:35:01
4,2026-08-11 03:03:38,,P,Outage,-74.18441726531577,45.42807102769028,N,NA,,NA,7368,,20260811032016,2026-08-11 07:35:01
15,2026-08-10 16:50:43,,P,Outage,-76.49014338827612,45.60801472272324,N,NA,51,Vegetation damage,5739,,20260811032016,2026-08-11 07:35:01
1,2026-08-10 18:46:52,2026-08-11 04:15:00,P,Outage,-73.97122298085557,45.0291301479573,N,NA,,NA,2345,,20260811032016,2026-08-11 07:35:01
2,2026-08-10 18:56:07,2026-08-11 05:15:00,P,Outage,-74.03747302302747,45.19618324092449,N,NA,,NA,7452,,20260811032016,2026-08-11 07:35:01
38,2026-08-10 18:02:32,2026-08-11 12:15:00,P,Outage,-74.03232133691006,45.04082035072075,N,NA,,NA,2615,,20260811032016,2026-08-11 07:35:01
5,2026-08-10 18:09:13,2026-08-11 05:15:00,P,Outage,-73.99773062563457,45.126142216387976,N,NA,,NA,5128,,20260811032016,2026-08-11 07:35:01
66,2026-08-10 17:03:33,2026-08-11 07:15:00,P,Outage,-71.95236764574214,46.055431549491445,L,Crew at work,44,Accident or incident,9359,,20260811032016,2026-08-11 07:35:01
17,2026-08-10 18:32:34,2026-08-11 05:15:00,P,Outage,-74.1551617717097,44.997508430564885,N,NA,,NA,2615,,20260811032016,2026-08-11 07:35:01
61,2026-08-10 18:07:16,2026-08-11 03:45:00,P,Outage,-74.07748245504877,45.05839345408972,N,NA,,NA,2615,,20260811032016,2026-08-11 07:35:01
1,2026-08-10 19:06:15,2026-08-11 05:15:00,P,Outage,-74.18629256660186,45.09216065333839,N,NA,,NA,2657,,20260811032016,2026-08-11 07:35:01
2,2026-08-10 19:13:18,2026-08-11 05:15:00,P,Outage,-74.34639980432561,45.31772525550884,R,Crew en route,,NA,7950,,20260811032016,2026-08-11 07:35:01
4,2026-08-10 17:07:15,2026-08-11 04:45:00,P,Outage,-72.56070701980715,45.29144249841685,N,NA,,NA,1505,,20260811032016,2026-08-11 07:35:01
12,2026-08-11 02:58:36,2026-08-11 05:00:00,P,Outage,-71.09098805391783,46.776258014247766,A,Work assigned,,NA,7458,,20260811032016,2026-08-11 07:35:01
12,2026-08-11 01:45:30,2026-08-11 03:45:00,P,Outage,-75.16835221430719,45.66921344750932,A,Work assigned,,NA,4401,,20260811032016,2026-08-11 07:35:01
1,2026-08-07 15:13:26,2026-08-11 17:15:00,P,Outage,-74.59805003474581,46.03249840271805,L,Crew at work,11,Equipment failure,1119,,20260811032016,2026-08-11 07:35:01
1,2026-08-10 18:49:08,2026-08-11 05:15:00,P,Outage,-73.45713664416202,45.06768063038607,R,Crew en route,,NA,6171,,20260811042010,2026-08-11 08:35:59
13,2026-08-10 19:20:34,2026-08-11 05:15:00,P,Outage,-73.896332174968,45.031173161373886,N,NA,,NA,2345,,20260811042010,2026-08-11 08:35:59
1,2026-08-10 18:07:20,2026-08-11 05:15:00,P,Outage,-74.13468956647804,45.07963740805431,N,NA,,NA,2615,,20260811042010,2026-08-11 08:35:59
1,2026-08-04 19:44:54,2026-08-11 12:15:00,P,Outage,-74.91164804166988,46.459674051286626,A,Work assigned,24,Weather conditions,4551,,20260811042010,2026-08-11 08:35:59
4,2026-08-10 20:12:04,,P,Outage,-71.89512825346605,45.130732697560404,L,Crew at work,58,Equipment failure,1251,,20260811042010,2026-08-11 08:35:59
4,2026-08-10 20:34:49,2026-08-11 05:15:00,P,Outage,-74.38979967182773,45.12499223226979,N,NA,,NA,5994,,20260811042010,2026-08-11 08:35:59
4,2026-08-10 19:31:44,2026-08-11 08:15:00,P,Outage,-72.65781539476997,46.297685314602134,A,Work assigned,11,Equipment failure,3987,,20260811042010,2026-08-11 08:35:59
786,2026-08-10 16:37:40,,P,Outage,-76.54883983252437,45.583859148764446,R,Crew en route,,NA,1499,,20260811042010,2026-08-11 08:35:59
3,2026-08-10 19:51:46,2026-08-11 12:15:00,P,Outage,-77.02150934747054,45.92825706391656,L,Crew at work,58,Equipment failure,9437,,20260811042010,2026-08-11 08:35:59
7,2026-08-10 22:36:52,2026-08-11 08:15:00,P,Outage,-72.78947664723212,47.42603708177083,N,NA,,NA,3975,,20260811042010,2026-08-11 08:35:59
1,2026-08-10 18:02:35,2026-08-11 12:15:00,P,Outage,-74.00808910350318,45.08684767516427,N,NA,,NA,5128,,20260811042010,2026-08-11 08:35:59
28,2026-08-10 22:19:03,2026-08-11 06:15:00,P,Outage,-75.56292044996289,45.8555956884689,L,Crew at work,51,Vegetation damage,9275,,20260811042010,2026-08-11 08:35:59
7,2026-08-10 19:40:08,2026-08-11 07:45:00,P,Outage,-72.59486220165083,45.315896047894576,A,Work assigned,,NA,1508,,20260811042010,2026-08-11 08:35:59
4,2026-08-10 20:08:45,2026-08-11 09:15:00,P,Outage,-76.20240193186108,46.203517722827094,A,Work assigned,11,Equipment failure,2108,,20260811042010,2026-08-11 08:35:59
1,2026-08-10 18:02:08,2026-08-11 05:15:00,P,Outage,-74.04088771745353,45.19645227986674,N,NA,,NA,7452,,20260811042010,2026-08-11 08:35:59
1,2026-08-10 19:13:00,,P,Outage,-77.2104430551639,45.98898890456334,N,NA,,NA,5750,,20260811042010,2026-08-11 08:35:59
3,2026-08-10 18:02:35,2026-08-11 12:15:00,P,Outage,-74.0194974214109,45.077312765146175,N,NA,,NA,5128,,20260811042010,2026-08-11 08:35:59
5,2026-08-10 20:55:18,2026-08-11 05:15:00,P,Outage,-74.07148993422285,44.997815684155945,N,NA,,NA,2615,,20260811042010,2026-08-11 08:35:59
4,2026-08-10 21:26:18,2026-08-11 05:15:00,P,Outage,-74.07653818273742,45.00173023757736,N,NA,,NA,2615,,20260811042010,2026-08-11 08:35:59
1,2026-08-10 22:01:24,2026-08-11 06:15:00,P,Outage,-74.27315695780617,45.0989664278655,N,NA,,NA,5994,,20260811042010,2026-08-11 08:35:59
9,2026-08-10 11:56:29,2026-08-11 05:15:00,P,Outage,-72.86109325187249,45.45676343794102,R,Crew en route,51,Vegetation damage,7809,,20260811042010,2026-08-11 08:35:59
17,2026-08-10 21:16:04,2026-08-11 11:15:00,P,Outage,-73.93784704692537,45.00470450828428,N,NA,44,Accident or incident,2345,,20260811042010,2026-08-11 08:35:59
1,2026-08-10 21:26:00,2026-08-11 05:15:00,P,Outage,-74.12960367634084,45.061420006424996,N,NA,,NA,2615,,20260811042010,2026-08-11 08:35:59
1,2026-08-10 08:36:58,2026-08-13 13:45:00,I,Interruption,-76.0686934084436,53.698106250128895,L,Crew at work,62,NA,9165,,20260811042010,2026-08-11 08:35:59
2,2026-08-10 20:59:04,2026-08-11 05:15:00,P,Outage,-73.97287196443203,45.02921882295524,N,NA,,NA,2345,,20260811042010,2026-08-11 08:35:59
50,2026-08-10 20:53:28,2026-08-11 05:15:00,P,Outage,-72.0811582476088,45.00770738144703,L,Crew at work,51,Vegetation damage,8362,,20260811042010,2026-08-11 08:35:59
4,2026-08-10 21:07:39,,P,Outage,-71.97794985943757,45.11698271223152,N,NA,,NA,1254,,20260811042010,2026-08-11 08:35:59
10,2026-08-10 17:04:39,2026-08-11 09:15:00,P,Outage,-76.38647385329713,45.523053848150475,N,NA,,NA,1499,,20260811042010,2026-08-11 08:35:59
12,2026-08-10 18:27:15,,P,Outage,-73.29833033923613,45.3535027157908,R,Crew en route,,NA,7470,,20260811042010,2026-08-11 08:35:59
2,2026-08-10 18:33:18,2026-08-11 07:15:00,P,Outage,-73.29002481280297,45.24383053143918,L,Crew at work,,NA,6186,,20260811042010,2026-08-11 08:35:59
20,2026-08-10 18:02:35,2026-08-11 11:15:00,P,Outage,-74.00494033093015,45.06623856015072,N,NA,,NA,5128,,20260811042010,2026-08-11 08:35:59
2,2026-08-10 19:51:46,2026-08-11 12:15:00,P,Outage,-77.02508355477414,45.92022118007618,N,NA,58,Equipment failure,9437,,20260811042010,2026-08-11 08:35:59
553,2026-08-11 02:48:40,2026-08-11 05:00:00,P,Outage,-71.59925423741394,46.651826210455496,R,Crew en route,,NA,6036,,20260811042010,2026-08-11 08:35:59
7,2026-08-11 03:32:03,2026-08-11 05:30:00,P,Outage,-73.78454166027427,45.321153401181746,R,Crew en route,,NA,1784,,20260811042010,2026-08-11 08:35:59
9,2026-08-10 18:02:35,2026-08-11 11:15:00,P,Outage,-73.9864543418871,45.03419430134008,N,NA,,NA,2345,,20260811042010,2026-08-11 08:35:59
214,2026-08-10 18:02:35,2026-08-11 05:15:00,P,Outage,-74.00587157788114,45.02358361484133,L,Crew at work,,NA,2345,,20260811042010,2026-08-11 08:35:59
71,2026-08-10 18:02:35,2026-08-11 12:15:00,P,Outage,-73.88236342788448,45.01428758008102,N,NA,,NA,2576,,20260811042010,2026-08-11 08:35:59
3,2026-08-11 01:56:28,,P,Outage,-71.7434748881717,46.94387443093027,R,Crew en route,,NA,7980,,20260811042010,2026-08-11 08:35:59
2,2026-08-11 02:28:16,2026-08-11 04:30:00,P,Outage,-72.98666718604088,45.153704998377336,N,NA,,NA,7035,,20260811042010,2026-08-11 08:35:59
4,2026-08-11 03:03:38,2026-08-11 05:00:00,P,Outage,-74.18441726531577,45.42807102769028,N,NA,,NA,7368,,20260811042010,2026-08-11 08:35:59
15,2026-08-10 16:50:43,,P,Outage,-76.49014338827612,45.60801472272324,N,NA,51,Vegetation damage,5739,,20260811042010,2026-08-11 08:35:59
2,2026-08-11 03:12:45,2026-08-11 05:45:00,P,Outage,-71.40091744573432,46.0570267864111,A,Work assigned,,NA,1410,,20260811042010,2026-08-11 08:35:59
30,2026-08-10 23:57:30,2026-08-11 05:30:00,P,Outage,-69.28763964941076,48.489025320539156,L,Crew at work,11,Equipment failure,7839,,20260811042010,2026-08-11 08:35:59
1,2026-08-10 18:46:52,,P,Outage,-73.97122298085557,45.0291301479573,N,NA,,NA,2345,,20260811042010,2026-08-11 08:35:59
2,2026-08-10 18:56:07,2026-08-11 05:15:00,P,Outage,-74.03747302302747,45.19618324092449,N,NA,,NA,7452,,20260811042010,2026-08-11 08:35:59
38,2026-08-10 18:02:32,2026-08-11 12:15:00,P,Outage,-74.03232133691006,45.04082035072075,N,NA,,NA,2615,,20260811042010,2026-08-11 08:35:59
5,2026-08-10 18:09:13,2026-08-11 05:15:00,P,Outage,-73.99773062563457,45.126142216387976,N,NA,,NA,5128,,20260811042010,2026-08-11 08:35:59
17,2026-08-10 18:32:34,2026-08-11 05:15:00,P,Outage,-74.1551617717097,44.997508430564885,N,NA,,NA,2615,,20260811042010,2026-08-11 08:35:59
61,2026-08-10 18:07:16,2026-08-11 12:15:00,P,Outage,-74.07748245504877,45.05839345408972,N,NA,,NA,2615,,20260811042010,2026-08-11 08:35:59
1,2026-08-10 19:06:15,2026-08-11 05:15:00,P,Outage,-74.18629256660186,45.09216065333839,N,NA,,NA,2657,,20260811042010,2026-08-11 08:35:59
2,2026-08-10 19:13:18,2026-08-11 05:15:00,P,Outage,-74.34639980432561,45.31772525550884,R,Crew en route,,NA,7950,,20260811042010,2026-08-11 08:35:59
4,2026-08-10 17:07:15,2026-08-11 04:45:00,P,Outage,-72.56070701980715,45.29144249841685,N,NA,,NA,1505,,20260811042010,2026-08-11 08:35:59
12,2026-08-11 02:58:36,2026-08-11 05:00:00,P,Outage,-71.09098805391783,46.776258014247766,A,Work assigned,,NA,7458,,20260811042010,2026-08-11 08:35:59
12,2026-08-11 01:45:30,,P,Outage,-75.16835221430719,45.66921344750932,A,Work assigned,,NA,4401,,20260811042010,2026-08-11 08:35:59
1,2026-08-07 15:13:26,2026-08-11 17:15:00,P,Outage,-74.59805003474581,46.03249840271805,L,Crew at work,11,Equipment failure,1119,,20260811042010,2026-08-11 08:35:59
13,2026-08-10 19:20:34,,P,Outage,-73.896332174968,45.031173161373886,N,NA,,NA,2345,,20260811053006,2026-08-11 09:39:51
1,2026-08-10 18:07:20,,P,Outage,-74.13468956647804,45.07963740805431,N,NA,,NA,2615,,20260811053006,2026-08-11 09:39:51
1,2026-08-04 19:44:54,2026-08-11 12:15:00,P,Outage,-74.91164804166988,46.459674051286626,A,Work assigned,24,Weather conditions,4551,,20260811053006,2026-08-11 09:39:51
4,2026-08-10 20:34:49,,P,Outage,-74.38979967182773,45.12499223226979,N,NA,,NA,5994,,20260811053006,2026-08-11 09:39:51
4,2026-08-10 19:31:44,2026-08-11 08:15:00,P,Outage,-72.65781539476997,46.297685314602134,A,Work assigned,11,Equipment failure,3987,,20260811053006,2026-08-11 09:39:51
7,2026-08-10 22:36:52,2026-08-11 08:15:00,P,Outage,-72.78947664723212,47.42603708177083,N,NA,,NA,3975,,20260811053006,2026-08-11 09:39:51
1,2026-08-10 18:02:35,2026-08-11 12:15:00,P,Outage,-74.00808910350318,45.08684767516427,N,NA,,NA,5128,,20260811053006,2026-08-11 09:39:51
28,2026-08-10 22:19:03,2026-08-11 06:15:00,P,Outage,-75.56292044996289,45.8555956884689,L,Crew at work,51,Vegetation damage,9275,,20260811053006,2026-08-11 09:39:51
7,2026-08-10 19:40:08,2026-08-11 07:45:00,P,Outage,-72.59486220165083,45.315896047894576,R,Crew en route,,NA,1508,,20260811053006,2026-08-11 09:39:51
1,2026-08-10 18:02:08,,P,Outage,-74.04088771745353,45.19645227986674,N,NA,,NA,7452,,20260811053006,2026-08-11 09:39:51
3,2026-08-10 18:02:35,2026-08-11 12:15:00,P,Outage,-74.0194974214109,45.077312765146175,N,NA,,NA,5128,,20260811053006,2026-08-11 09:39:51
5,2026-08-10 20:55:18,,P,Outage,-74.07148993422285,44.997815684155945,N,NA,,NA,2615,,20260811053006,2026-08-11 09:39:51
4,2026-08-10 21:26:18,,P,Outage,-74.07653818273742,45.00173023757736,N,NA,,NA,2615,,20260811053006,2026-08-11 09:39:51
1,2026-08-10 22:01:24,2026-08-11 06:15:00,P,Outage,-74.27315695780617,45.0989664278655,N,NA,,NA,5994,,20260811053006,2026-08-11 09:39:51
9,2026-08-10 11:56:29,2026-08-11 08:15:00,P,Outage,-72.86109325187249,45.45676343794102,L,Crew at work,51,Vegetation damage,7809,,20260811053006,2026-08-11 09:39:51
17,2026-08-10 21:16:04,2026-08-11 11:15:00,P,Outage,-73.93784704692537,45.00470450828428,N,NA,44,Accident or incident,2345,,20260811053006,2026-08-11 09:39:51
1,2026-08-10 21:26:00,,P,Outage,-74.12960367634084,45.061420006424996,N,NA,,NA,2615,,20260811053006,2026-08-11 09:39:51
1,2026-08-10 08:36:58,2026-08-13 13:45:00,I,Interruption,-76.0686934084436,53.698106250128895,L,Crew at work,62,NA,9165,,20260811053006,2026-08-11 09:39:51
2,2026-08-10 20:59:04,,P,Outage,-73.97287196443203,45.02921882295524,N,NA,,NA,2345,,20260811053006,2026-08-11 09:39:51
4,2026-08-10 21:07:39,2026-08-11 08:15:00,P,Outage,-71.97794985943757,45.11698271223152,R,Crew en route,,NA,1254,,20260811053006,2026-08-11 09:39:51
10,2026-08-10 17:04:39,2026-08-11 09:15:00,P,Outage,-76.38647385329713,45.523053848150475,N,NA,,NA,1499,,20260811053006,2026-08-11 09:39:51
2,2026-08-10 18:33:18,2026-08-11 07:15:00,P,Outage,-73.29002481280297,45.24383053143918,L,Crew at work,,NA,6186,,20260811053006,2026-08-11 09:39:51
20,2026-08-10 18:02:35,2026-08-11 11:15:00,P,Outage,-74.00494033093015,45.06623856015072,N,NA,,NA,5128,,20260811053006,2026-08-11 09:39:51
2,2026-08-10 19:51:46,2026-08-11 12:15:00,P,Outage,-77.02508355477414,45.92022118007618,N,NA,58,Equipment failure,9437,,20260811053006,2026-08-11 09:39:51
1,2026-08-11 04:24:30,2026-08-11 06:15:00,P,Outage,-73.19113691460446,45.59164019320137,A,Work assigned,,NA,1359,,20260811053006,2026-08-11 09:39:51
6,2026-08-11 04:35:04,2026-08-11 06:30:00,P,Outage,-73.9462969988266,45.355232159920746,N,NA,,NA,4983,,20260811053006,2026-08-11 09:39:51
517,2026-08-10 16:37:40,2026-08-11 06:15:00,P,Outage,-76.61643443634395,45.59719778214844,R,Crew en route,,NA,1889,,20260811053006,2026-08-11 09:39:51
4116,2026-08-11 04:38:50,,P,Outage,-74.09775828914105,45.98534509075963,N,NA,72,Equipment failure,8395,,20260811053006,2026-08-11 09:39:51
553,2026-08-11 02:48:40,,P,Outage,-71.59925423741394,46.651826210455496,R,Crew en route,,NA,6036,,20260811053006,2026-08-11 09:39:51
9,2026-08-10 18:02:35,2026-08-11 11:15:00,P,Outage,-73.9864543418871,45.03419430134008,N,NA,,NA,2345,,20260811053006,2026-08-11 09:39:51
214,2026-08-10 18:02:35,2026-08-11 08:15:00,P,Outage,-74.00587157788114,45.02358361484133,L,Crew at work,,NA,2345,,20260811053006,2026-08-11 09:39:51
71,2026-08-10 18:02:35,2026-08-11 12:15:00,P,Outage,-73.88236342788448,45.01428758008102,N,NA,,NA,2576,,20260811053006,2026-08-11 09:39:51
269,2026-08-10 16:37:40,2026-08-11 06:15:00,P,Outage,-76.47351869029089,45.55692640858802,L,Crew at work,,NA,1499,,20260811053006,2026-08-11 09:39:51
1,2026-08-11 05:25:35,,P,Outage,-72.1148714874949,45.04461003535453,N,NA,,NA,5082,,20260811053006,2026-08-11 09:39:51
2,2026-08-11 02:28:16,2026-08-11 05:45:00,P,Outage,-72.98666718604088,45.153704998377336,R,Crew en route,,NA,7035,,20260811053006,2026-08-11 09:39:51
4,2026-08-11 03:03:38,2026-08-11 06:45:00,P,Outage,-74.18441726531577,45.42807102769028,R,Crew en route,,NA,7368,,20260811053006,2026-08-11 09:39:51
15,2026-08-10 16:50:43,,P,Outage,-76.49014338827612,45.60801472272324,N,NA,51,Vegetation damage,5739,,20260811053006,2026-08-11 09:39:51
2,2026-08-11 03:12:45,2026-08-11 05:45:00,P,Outage,-71.40091744573432,46.0570267864111,A,Work assigned,,NA,1410,,20260811053006,2026-08-11 09:39:51
1509,2026-08-11 04:38:55,,P,Outage,-74.1074342905029,45.921847045134555,N,NA,72,Equipment failure,8395,,20260811053006,2026-08-11 09:39:51
1972,2026-08-11 04:38:55,,P,Outage,-74.12007358416366,45.90327184377476,N,NA,72,Equipment failure,8395,,20260811053006,2026-08-11 09:39:51
3365,2026-08-11 04:38:55,,P,Outage,-74.1714262657133,45.98493964318347,N,NA,72,Equipment failure,8395,,20260811053006,2026-08-11 09:39:51
1,2026-08-10 19:13:00,2026-08-11 12:15:00,P,Outage,-77.2104430551639,45.98898890456334,N,NA,,NA,5750,,20260811053006,2026-08-11 09:39:51
1,2026-08-10 18:46:52,,P,Outage,-73.97122298085557,45.0291301479573,N,NA,,NA,2345,,20260811053006,2026-08-11 09:39:51
2,2026-08-10 18:56:07,,P,Outage,-74.03747302302747,45.19618324092449,N,NA,,NA,7452,,20260811053006,2026-08-11 09:39:51
38,2026-08-10 18:02:32,2026-08-11 12:15:00,P,Outage,-74.03232133691006,45.04082035072075,N,NA,,NA,2615,,20260811053006,2026-08-11 09:39:51
5,2026-08-10 18:09:13,,P,Outage,-73.99773062563457,45.126142216387976,N,NA,,NA,5128,,20260811053006,2026-08-11 09:39:51
1436,2026-08-11 04:38:55,,P,Outage,-74.14102617884714,45.94896321265962,N,NA,72,Equipment failure,8395,,20260811053006,2026-08-11 09:39:51
1771,2026-08-11 04:38:55,,P,Outage,-74.18118070895484,45.93344595163622,N,NA,72,Equipment failure,8395,,20260811053006,2026-08-11 09:39:51
17,2026-08-10 18:32:34,,P,Outage,-74.1551617717097,44.997508430564885,N,NA,,NA,2615,,20260811053006,2026-08-11 09:39:51
61,2026-08-10 18:07:16,2026-08-11 12:15:00,P,Outage,-74.07748245504877,45.05839345408972,N,NA,,NA,2615,,20260811053006,2026-08-11 09:39:51
1,2026-08-10 19:06:15,,P,Outage,-74.18629256660186,45.09216065333839,N,NA,,NA,2657,,20260811053006,2026-08-11 09:39:51
4,2026-08-10 17:07:15,,P,Outage,-72.56070701980715,45.29144249841685,N,NA,,NA,1505,,20260811053006,2026-08-11 09:39:51
12,2026-08-11 02:58:36,,P,Outage,-71.09098805391783,46.776258014247766,A,Work assigned,,NA,7458,,20260811053006,2026-08-11 09:39:51
12,2026-08-11 01:45:30,,P,Outage,-75.16835221430719,45.66921344750932,L,Crew at work,58,Equipment failure,4401,,20260811053006,2026-08-11 09:39:51
1,2026-08-07 15:13:26,2026-08-11 17:15:00,P,Outage,-74.59805003474581,46.03249840271805,L,Crew at work,11,Equipment failure,1119,,20260811053006,2026-08-11 09:39:51
13,2026-08-10 19:20:34,2026-08-11 11:45:00,P,Outage,-73.896332174968,45.031173161373886,N,NA,,NA,2345,,20260811062016,2026-08-11 10:31:38
1,2026-08-10 18:07:20,2026-08-11 10:15:00,P,Outage,-74.13468956647804,45.07963740805431,N,NA,,NA,2615,,20260811062016,2026-08-11 10:31:38
1,2026-08-04 19:44:54,2026-08-11 12:15:00,P,Outage,-74.91164804166988,46.459674051286626,A,Work assigned,24,Weather conditions,4551,,20260811062016,2026-08-11 10:31:38
4,2026-08-10 20:34:49,2026-08-11 10:15:00,P,Outage,-74.38979967182773,45.12499223226979,N,NA,,NA,5994,,20260811062016,2026-08-11 10:31:38
7,2026-08-10 22:36:52,2026-08-11 08:15:00,P,Outage,-72.78947664723212,47.42603708177083,N,NA,,NA,3975,,20260811062016,2026-08-11 10:31:38
1,2026-08-10 18:02:35,2026-08-11 12:15:00,P,Outage,-74.00808910350318,45.08684767516427,N,NA,,NA,5128,,20260811062016,2026-08-11 10:31:38
7,2026-08-10 19:40:08,2026-08-11 07:45:00,P,Outage,-72.59486220165083,45.315896047894576,R,Crew en route,,NA,1508,,20260811062016,2026-08-11 10:31:38
1,2026-08-10 18:02:08,2026-08-11 10:45:00,P,Outage,-74.04088771745353,45.19645227986674,N,NA,,NA,7452,,20260811062016,2026-08-11 10:31:38
3,2026-08-10 18:02:35,2026-08-11 12:15:00,P,Outage,-74.0194974214109,45.077312765146175,N,NA,,NA,5128,,20260811062016,2026-08-11 10:31:38
5,2026-08-10 20:55:18,2026-08-11 10:45:00,P,Outage,-74.07148993422285,44.997815684155945,N,NA,,NA,2615,,20260811062016,2026-08-11 10:31:38
4,2026-08-10 21:26:18,2026-08-11 11:45:00,P,Outage,-74.07653818273742,45.00173023757736,N,NA,,NA,2615,,20260811062016,2026-08-11 10:31:38
1,2026-08-10 22:01:24,2026-08-11 11:45:00,P,Outage,-74.27315695780617,45.0989664278655,N,NA,,NA,5994,,20260811062016,2026-08-11 10:31:38
9,2026-08-10 11:56:29,2026-08-11 08:15:00,P,Outage,-72.86109325187249,45.45676343794102,L,Crew at work,51,Vegetation damage,7809,,20260811062016,2026-08-11 10:31:38
17,2026-08-10 21:16:04,2026-08-11 11:15:00,P,Outage,-73.93784704692537,45.00470450828428,N,NA,44,Accident or incident,2345,,20260811062016,2026-08-11 10:31:38
1,2026-08-10 21:26:00,2026-08-11 10:45:00,P,Outage,-74.12960367634084,45.061420006424996,N,NA,,NA,2615,,20260811062016,2026-08-11 10:31:38
1,2026-08-10 08:36:58,2026-08-13 13:45:00,I,Interruption,-76.0686934084436,53.698106250128895,L,Crew at work,62,NA,9165,,20260811062016,2026-08-11 10:31:38
2,2026-08-10 20:59:04,2026-08-11 10:15:00,P,Outage,-73.97287196443203,45.02921882295524,N,NA,,NA,2345,,20260811062016,2026-08-11 10:31:38
4,2026-08-10 21:07:39,2026-08-11 08:15:00,P,Outage,-71.97794985943757,45.11698271223152,R,Crew en route,,NA,1254,,20260811062016,2026-08-11 10:31:38
10,2026-08-10 17:04:39,2026-08-11 09:15:00,P,Outage,-76.38647385329713,45.523053848150475,N,NA,,NA,1499,,20260811062016,2026-08-11 10:31:38
3,2026-08-11 05:52:47,2026-08-11 08:00:00,P,Outage,-74.06180830694365,45.87364580974504,N,NA,,NA,5377,,20260811062016,2026-08-11 10:31:38
7,2026-08-11 05:52:26,2026-08-11 08:00:00,P,Outage,-71.7374786359699,46.679882481884164,N,NA,,NA,2102,,20260811062016,2026-08-11 10:31:38
1,2026-08-10 23:41:27,2026-08-11 08:00:00,P,Outage,-71.04900621222761,46.95499234686246,N,NA,,NA,1781,,20260811062016,2026-08-11 10:31:38
20,2026-08-10 18:02:35,2026-08-11 11:15:00,P,Outage,-74.00494033093015,45.06623856015072,N,NA,,NA,5128,,20260811062016,2026-08-11 10:31:38
2,2026-08-10 19:51:46,2026-08-11 12:15:00,P,Outage,-77.02508355477414,45.92022118007618,N,NA,58,Equipment failure,9437,,20260811062016,2026-08-11 10:31:38
6,2026-08-11 04:35:04,2026-08-11 06:30:00,P,Outage,-73.9462969988266,45.355232159920746,N,NA,,NA,4983,,20260811062016,2026-08-11 10:31:38
517,2026-08-10 16:37:40,2026-08-11 12:15:00,P,Outage,-76.61643443634395,45.59719778214844,N,NA,,NA,1889,,20260811062016,2026-08-11 10:31:38
4116,2026-08-11 04:38:50,,P,Outage,-74.09775828914105,45.98534509075963,N,NA,72,Equipment failure,8395,,20260811062016,2026-08-11 10:31:38
9,2026-08-10 18:02:35,2026-08-11 11:15:00,P,Outage,-73.9864543418871,45.03419430134008,N,NA,,NA,2345,,20260811062016,2026-08-11 10:31:38
214,2026-08-10 18:02:35,2026-08-11 10:15:00,P,Outage,-74.00587157788114,45.02358361484133,L,Crew at work,,NA,2345,,20260811062016,2026-08-11 10:31:38
71,2026-08-10 18:02:35,2026-08-11 12:15:00,P,Outage,-73.88236342788448,45.01428758008102,N,NA,,NA,2576,,20260811062016,2026-08-11 10:31:38
1,2026-08-11 05:25:35,2026-08-11 07:30:00,P,Outage,-72.1148714874949,45.04461003535453,N,NA,,NA,5082,,20260811062016,2026-08-11 10:31:38
2,2026-08-11 02:28:16,,P,Outage,-72.98666718604088,45.153704998377336,R,Crew en route,,NA,7035,,20260811062016,2026-08-11 10:31:38
2,2026-08-11 06:12:16,,P,Outage,-71.09023823936269,48.64496338546632,N,NA,,NA,6438,,20260811062016,2026-08-11 10:31:38
8,2026-08-11 05:34:22,2026-08-11 07:30:00,P,Outage,-67.32240295754809,48.82065430003785,R,Crew en route,,NA,5844,,20260811062016,2026-08-11 10:31:38
2,2026-08-10 16:37:40,,P,Outage,-76.47375272421884,45.52820603040872,N,NA,,NA,1499,,20260811062016,2026-08-11 10:31:38
15,2026-08-10 16:50:43,2026-08-11 12:15:00,P,Outage,-76.49014338827612,45.60801472272324,N,NA,51,Vegetation damage,5739,,20260811062016,2026-08-11 10:31:38
2,2026-08-11 03:12:45,2026-08-11 07:15:00,P,Outage,-71.40091744573432,46.0570267864111,A,Work assigned,,NA,1410,,20260811062016,2026-08-11 10:31:38
1,2026-08-10 19:13:00,2026-08-11 12:15:00,P,Outage,-77.2104430551639,45.98898890456334,N,NA,,NA,5750,,20260811062016,2026-08-11 10:31:38
1,2026-08-10 18:46:52,2026-08-11 11:15:00,P,Outage,-73.97122298085557,45.0291301479573,N,NA,,NA,2345,,20260811062016,2026-08-11 10:31:38
2,2026-08-10 18:56:07,2026-08-11 11:15:00,P,Outage,-74.03747302302747,45.19618324092449,N,NA,,NA,7452,,20260811062016,2026-08-11 10:31:38
38,2026-08-10 18:02:32,2026-08-11 12:15:00,P,Outage,-74.03232133691006,45.04082035072075,N,NA,,NA,2615,,20260811062016,2026-08-11 10:31:38
5,2026-08-10 18:09:13,2026-08-11 11:15:00,P,Outage,-73.99773062563457,45.126142216387976,N,NA,,NA,5128,,20260811062016,2026-08-11 10:31:38
553,2026-08-11 02:48:40,,P,Outage,-71.59925423741394,46.651826210455496,L,Crew at work,,NA,6036,,20260811062016,2026-08-11 10:31:38
12,2026-08-11 06:03:16,,P,Outage,-71.88968776700439,46.64983979229943,N,NA,,NA,4440,,20260811062016,2026-08-11 10:31:38
17,2026-08-10 18:32:34,2026-08-11 11:15:00,P,Outage,-74.1551617717097,44.997508430564885,N,NA,,NA,2615,,20260811062016,2026-08-11 10:31:38
61,2026-08-10 18:07:16,2026-08-11 12:15:00,P,Outage,-74.07748245504877,45.05839345408972,N,NA,,NA,2615,,20260811062016,2026-08-11 10:31:38
1,2026-08-10 19:06:15,2026-08-11 11:15:00,P,Outage,-74.18629256660186,45.09216065333839,N,NA,,NA,2657,,20260811062016,2026-08-11 10:31:38
800,2026-08-11 06:00:32,,P,Outage,-77.39644777807642,48.06155638826051,N,NA,,NA,9266,,20260811062016,2026-08-11 10:31:38
262,2026-08-11 06:00:32,,P,Outage,-77.41550172904728,47.92893721690537,N,NA,,NA,9266,,20260811062016,2026-08-11 10:31:38
4,2026-08-10 17:07:15,2026-08-11 10:45:00,P,Outage,-72.56070701980715,45.29144249841685,N,NA,,NA,1505,,20260811062016,2026-08-11 10:31:38
12,2026-08-11 01:45:30,2026-08-11 07:15:00,P,Outage,-75.16835221430719,45.66921344750932,L,Crew at work,58,Equipment failure,4401,,20260811062016,2026-08-11 10:31:38
1,2026-08-07 15:13:26,2026-08-11 17:15:00,P,Outage,-74.59805003474581,46.03249840271805,L,Crew at work,11,Equipment failure,1119,,20260811062016,2026-08-11 10:31:38
13,2026-08-10 19:20:34,2026-08-11 11:45:00,P,Outage,-73.896332174968,45.031173161373886,N,NA,,NA,2345,,20260811072010,2026-08-11 11:28:12
1,2026-08-10 18:07:20,2026-08-11 10:15:00,P,Outage,-74.13468956647804,45.07963740805431,N,NA,,NA,2615,,20260811072010,2026-08-11 11:28:12
1,2026-08-04 19:44:54,2026-08-11 12:15:00,P,Outage,-74.91164804166988,46.459674051286626,A,Work assigned,24,Weather conditions,4551,,20260811072010,2026-08-11 11:28:12
4,2026-08-10 20:34:49,2026-08-11 10:15:00,P,Outage,-74.38979967182773,45.12499223226979,N,NA,,NA,5994,,20260811072010,2026-08-11 11:28:12
7,2026-08-10 22:36:52,2026-08-11 08:15:00,P,Outage,-72.78947664723212,47.42603708177083,N,NA,,NA,3975,,20260811072010,2026-08-11 11:28:12
1,2026-08-10 18:02:35,2026-08-11 12:15:00,P,Outage,-74.00808910350318,45.08684767516427,N,NA,,NA,5128,,20260811072010,2026-08-11 11:28:12
7,2026-08-10 19:40:08,2026-08-11 07:45:00,P,Outage,-72.59486220165083,45.315896047894576,R,Crew en route,,NA,1508,,20260811072010,2026-08-11 11:28:12
1,2026-08-10 18:02:08,2026-08-11 10:45:00,P,Outage,-74.04088771745353,45.19645227986674,N,NA,,NA,7452,,20260811072010,2026-08-11 11:28:12
3,2026-08-10 18:02:35,2026-08-11 12:15:00,P,Outage,-74.0194974214109,45.077312765146175,N,NA,,NA,5128,,20260811072010,2026-08-11 11:28:12
5,2026-08-10 20:55:18,2026-08-11 10:45:00,P,Outage,-74.07148993422285,44.997815684155945,N,NA,,NA,2615,,20260811072010,2026-08-11 11:28:12
4,2026-08-10 21:26:18,2026-08-11 11:45:00,P,Outage,-74.07653818273742,45.00173023757736,N,NA,,NA,2615,,20260811072010,2026-08-11 11:28:12
1,2026-08-10 22:01:24,2026-08-11 11:45:00,P,Outage,-74.27315695780617,45.0989664278655,N,NA,,NA,5994,,20260811072010,2026-08-11 11:28:12
9,2026-08-10 11:56:29,2026-08-11 08:15:00,P,Outage,-72.86109325187249,45.45676343794102,L,Crew at work,51,Vegetation damage,7809,,20260811072010,2026-08-11 11:28:12
17,2026-08-10 21:16:04,2026-08-11 11:15:00,P,Outage,-73.93784704692537,45.00470450828428,N,NA,44,Accident or incident,2345,,20260811072010,2026-08-11 11:28:12
1,2026-08-10 21:26:00,2026-08-11 10:45:00,P,Outage,-74.12960367634084,45.061420006424996,N,NA,,NA,2615,,20260811072010,2026-08-11 11:28:12
1,2026-08-10 08:36:58,2026-08-13 13:45:00,I,Interruption,-76.0686934084436,53.698106250128895,L,Crew at work,62,NA,9165,,20260811072010,2026-08-11 11:28:12
2,2026-08-10 20:59:04,2026-08-11 10:15:00,P,Outage,-73.97287196443203,45.02921882295524,N,NA,,NA,2345,,20260811072010,2026-08-11 11:28:12
4,2026-08-10 21:07:39,2026-08-11 08:15:00,P,Outage,-71.97794985943757,45.11698271223152,R,Crew en route,,NA,1254,,20260811072010,2026-08-11 11:28:12
10,2026-08-10 17:04:39,2026-08-11 09:15:00,P,Outage,-76.38647385329713,45.523053848150475,N,NA,,NA,1499,,20260811072010,2026-08-11 11:28:12
3,2026-08-11 05:52:47,2026-08-11 08:00:00,P,Outage,-74.06180830694365,45.87364580974504,N,NA,,NA,5377,,20260811072010,2026-08-11 11:28:12
7,2026-08-11 05:52:26,2026-08-11 08:00:00,P,Outage,-71.7374786359699,46.679882481884164,N,NA,,NA,2102,,20260811072010,2026-08-11 11:28:12
1,2026-08-10 23:41:27,2026-08-11 08:00:00,P,Outage,-71.04900621222761,46.95499234686246,N,NA,,NA,1781,,20260811072010,2026-08-11 11:28:12
180,2026-08-11 07:09:06,,P,Outage,-66.81748733852838,54.80566996264117,N,NA,,NA,5714,,20260811072010,2026-08-11 11:28:12
20,2026-08-10 18:02:35,2026-08-11 11:15:00,P,Outage,-74.00494033093015,45.06623856015072,N,NA,,NA,5128,,20260811072010,2026-08-11 11:28:12
2,2026-08-10 19:51:46,2026-08-11 12:15:00,P,Outage,-77.02508355477414,45.92022118007618,N,NA,58,Equipment failure,9437,,20260811072010,2026-08-11 11:28:12
6,2026-08-11 04:35:04,,P,Outage,-73.9462969988266,45.355232159920746,N,NA,,NA,4983,,20260811072010,2026-08-11 11:28:12
517,2026-08-10 16:37:40,2026-08-11 12:15:00,P,Outage,-76.61643443634395,45.59719778214844,N,NA,,NA,1889,,20260811072010,2026-08-11 11:28:12
1,2026-08-11 06:49:48,2026-08-11 08:45:00,P,Outage,-73.97755799363277,45.16303188179603,N,NA,,NA,5128,,20260811072010,2026-08-11 11:28:12
22,2026-08-11 06:53:22,2026-08-11 09:00:00,P,Outage,-74.00357712713826,45.00621841862823,N,NA,,NA,2615,,20260811072010,2026-08-11 11:28:12
5,2026-08-11 06:53:35,2026-08-11 09:00:00,P,Outage,-71.61289160169417,46.86737211258861,N,NA,,NA,2330,,20260811072010,2026-08-11 11:28:12
9,2026-08-10 18:02:35,2026-08-11 11:15:00,P,Outage,-73.9864543418871,45.03419430134008,N,NA,,NA,2345,,20260811072010,2026-08-11 11:28:12
214,2026-08-10 18:02:35,2026-08-11 10:15:00,P,Outage,-74.00587157788114,45.02358361484133,L,Crew at work,,NA,2345,,20260811072010,2026-08-11 11:28:12
71,2026-08-10 18:02:35,2026-08-11 12:15:00,P,Outage,-73.88236342788448,45.01428758008102,N,NA,,NA,2576,,20260811072010,2026-08-11 11:28:12
1,2026-08-11 05:25:35,2026-08-11 07:30:00,P,Outage,-72.1148714874949,45.04461003535453,N,NA,,NA,5082,,20260811072010,2026-08-11 11:28:12
3,2026-08-11 06:44:51,2026-08-11 08:45:00,P,Outage,-72.91140642430474,45.11894179967656,N,NA,,NA,8344,,20260811072010,2026-08-11 11:28:12
2,2026-08-11 06:12:16,2026-08-11 08:15:00,P,Outage,-71.09023823936269,48.64496338546632,N,NA,,NA,6438,,20260811072010,2026-08-11 11:28:12
8,2026-08-11 05:34:22,2026-08-11 07:30:00,P,Outage,-67.32240295754809,48.82065430003785,L,Crew at work,,NA,5844,,20260811072010,2026-08-11 11:28:12
8,2026-08-10 16:37:40,2026-08-11 08:15:00,P,Outage,-76.472531253987,45.52656089351841,N,NA,,NA,1499,,20260811072010,2026-08-11 11:28:12
15,2026-08-10 16:50:43,2026-08-11 12:15:00,P,Outage,-76.49014338827612,45.60801472272324,N,NA,51,Vegetation damage,5739,,20260811072010,2026-08-11 11:28:12
25,2026-08-11 06:47:17,2026-08-11 08:45:00,P,Outage,-73.90658547064545,45.455729778624836,N,NA,,NA,0253,,20260811072010,2026-08-11 11:28:12
244,2026-08-11 04:38:50,2026-08-11 10:15:00,P,Outage,-74.11072630383782,45.961392438104426,N,NA,72,Equipment failure,8395,,20260811072010,2026-08-11 11:28:12
17,2026-08-11 06:19:02,2026-08-11 08:15:00,P,Outage,-72.63278019303382,45.31245905375836,N,NA,,NA,1508,,20260811072010,2026-08-11 11:28:12
1,2026-08-10 19:13:00,2026-08-11 12:15:00,P,Outage,-77.2104430551639,45.98898890456334,N,NA,,NA,5750,,20260811072010,2026-08-11 11:28:12
1,2026-08-10 18:46:52,2026-08-11 11:15:00,P,Outage,-73.97122298085557,45.0291301479573,N,NA,,NA,2345,,20260811072010,2026-08-11 11:28:12
2,2026-08-10 18:56:07,2026-08-11 11:15:00,P,Outage,-74.03747302302747,45.19618324092449,N,NA,,NA,7452,,20260811072010,2026-08-11 11:28:12
38,2026-08-10 18:02:32,2026-08-11 12:15:00,P,Outage,-74.03232133691006,45.04082035072075,N,NA,,NA,2615,,20260811072010,2026-08-11 11:28:12
5,2026-08-10 18:09:13,2026-08-11 11:15:00,P,Outage,-73.99773062563457,45.126142216387976,N,NA,,NA,5128,,20260811072010,2026-08-11 11:28:12
1,2026-08-11 06:24:47,2026-08-11 08:15:00,P,Outage,-71.8484191280885,45.83321329936133,N,NA,,NA,8004,,20260811072010,2026-08-11 11:28:12
3,2026-08-11 06:28:43,2026-08-11 08:30:00,P,Outage,-70.82072189698546,47.07004462088958,N,NA,,NA,7209,,20260811072010,2026-08-11 11:28:12
282,2026-08-11 02:48:40,2026-08-11 08:00:00,P,Outage,-71.61189920588626,46.649198156542624,L,Crew at work,,NA,6036,,20260811072010,2026-08-11 11:28:12
12,2026-08-11 06:03:16,2026-08-11 08:00:00,P,Outage,-71.88968776700439,46.64983979229943,N,NA,,NA,4440,,20260811072010,2026-08-11 11:28:12
17,2026-08-10 18:32:34,2026-08-11 11:15:00,P,Outage,-74.1551617717097,44.997508430564885,R,Crew en route,,NA,2615,,20260811072010,2026-08-11 11:28:12
61,2026-08-10 18:07:16,2026-08-11 12:15:00,P,Outage,-74.07748245504877,45.05839345408972,N,NA,,NA,2615,,20260811072010,2026-08-11 11:28:12
804,2026-08-11 07:05:56,,P,Outage,-66.79610977812001,54.82873525179416,N,NA,,NA,5714,,20260811072010,2026-08-11 11:28:12
17,2026-08-11 07:09:22,,P,Outage,-70.57666034953526,46.97425787984393,N,NA,,NA,4755,,20260811072010,2026-08-11 11:28:12
5,2026-08-11 07:11:12,,P,Outage,-72.10147770546014,45.29750638722398,N,NA,,NA,5107,,20260811072010,2026-08-11 11:28:12
1,2026-08-11 07:15:47,,P,Outage,-73.54483070944957,45.539163000671294,N,NA,,NA,1000,,20260811072010,2026-08-11 11:28:12
800,2026-08-11 06:00:32,2026-08-11 08:00:00,P,Outage,-77.39644777807642,48.06155638826051,N,NA,,NA,9266,,20260811072010,2026-08-11 11:28:12
262,2026-08-11 06:00:32,2026-08-11 08:00:00,P,Outage,-77.41550172904728,47.92893721690537,N,NA,,NA,9266,,20260811072010,2026-08-11 11:28:12
4,2026-08-10 17:07:15,2026-08-11 10:45:00,P,Outage,-72.56070701980715,45.29144249841685,N,NA,,NA,1505,,20260811072010,2026-08-11 11:28:12
28,2026-08-11 06:40:53,2026-08-11 08:45:00,P,Outage,-73.51462954905132,45.59520669792001,R,Crew en route,,NA,1000,,20260811072010,2026-08-11 11:28:12
1,2026-08-07 15:13:26,2026-08-11 17:15:00,P,Outage,-74.59805003474581,46.03249840271805,L,Crew at work,11,Equipment failure,1119,,20260811072010,2026-08-11 11:28:12
408,2026-08-11 07:30:46,2026-08-11 13:15:00,I,Interruption,-73.77508901580732,45.61870264364385,L,Crew at work,77,NA,8389,,20260811080018,2026-08-11 12:05:48
2,2026-08-11 07:34:20,2026-08-11 09:30:00,P,Outage,-75.77057745211356,45.443880239050955,N,NA,,NA,2642,,20260811080018,2026-08-11 12:05:48
2,2026-08-11 07:50:59,2026-08-11 09:00:00,I,Interruption,-71.45069082811023,46.76859455346616,L,Crew at work,69,NA,6099,,20260811080018,2026-08-11 12:05:48
10,2026-08-11 07:58:40,2026-08-11 12:00:00,I,Interruption,-74.02282844904049,45.5376142210294,L,Crew at work,61,NA,7299,,20260811080018,2026-08-11 12:05:48
51,2026-08-11 07:33:43,2026-08-11 09:30:00,I,Interruption,-73.31064374292895,45.36047020939689,L,Crew at work,61,NA,7470,,20260811080018,2026-08-11 12:05:48
14,2026-08-11 07:39:02,2026-08-11 08:45:00,I,Interruption,-71.32252943879047,46.816337490763296,L,Crew at work,61,NA,5411,,20260811080018,2026-08-11 12:05:48
25,2026-08-11 07:42:54,,I,Interruption,-73.69918809928521,45.96815079847497,L,Crew at work,62,NA,8377,,20260811080018,2026-08-11 12:05:48
3,2026-08-11 07:45:14,,P,Outage,-71.36308317468482,45.86134959031017,N,NA,,NA,2369,,20260811080018,2026-08-11 12:05:48
9,2026-08-11 07:47:54,2026-08-11 09:00:00,I,Interruption,-71.31166613210375,46.80153168784369,L,Crew at work,69,NA,5411,,20260811080018,2026-08-11 12:05:48
116,2026-08-11 07:24:09,2026-08-11 14:30:00,I,Interruption,-73.70301210199045,45.96874656102486,L,Crew at work,62,NA,8377,,20260811080018,2026-08-11 12:05:48
13,2026-08-11 07:28:04,2026-08-11 09:30:00,P,Outage,-74.03923285983892,45.80030781553873,R,Crew en route,,NA,1353,,20260811080018,2026-08-11 12:05:48
13,2026-08-10 19:20:34,2026-08-11 11:45:00,P,Outage,-73.896332174968,45.031173161373886,N,NA,,NA,2345,,20260811080018,2026-08-11 12:05:48
1,2026-08-10 18:07:20,2026-08-11 10:15:00,P,Outage,-74.13468956647804,45.07963740805431,N,NA,,NA,2615,,20260811080018,2026-08-11 12:05:48
1,2026-08-04 19:44:54,2026-08-11 12:15:00,P,Outage,-74.91164804166988,46.459674051286626,A,Work assigned,24,Weather conditions,4551,,20260811080018,2026-08-11 12:05:48
4,2026-08-10 20:34:49,2026-08-11 10:15:00,P,Outage,-74.38979967182773,45.12499223226979,N,NA,,NA,5994,,20260811080018,2026-08-11 12:05:48
7,2026-08-10 22:36:52,2026-08-11 08:15:00,P,Outage,-72.78947664723212,47.42603708177083,R,Crew en route,,NA,3975,,20260811080018,2026-08-11 12:05:48
1,2026-08-10 18:02:35,2026-08-11 12:15:00,P,Outage,-74.00808910350318,45.08684767516427,N,NA,,NA,5128,,20260811080018,2026-08-11 12:05:48
7,2026-08-10 19:40:08,,P,Outage,-72.59486220165083,45.315896047894576,R,Crew en route,,NA,1508,,20260811080018,2026-08-11 12:05:48
1,2026-08-10 18:02:08,2026-08-11 10:45:00,P,Outage,-74.04088771745353,45.19645227986674,N,NA,,NA,7452,,20260811080018,2026-08-11 12:05:48
3,2026-08-10 18:02:35,2026-08-11 12:15:00,P,Outage,-74.0194974214109,45.077312765146175,N,NA,,NA,5128,,20260811080018,2026-08-11 12:05:48
5,2026-08-10 20:55:18,2026-08-11 10:45:00,P,Outage,-74.07148993422285,44.997815684155945,N,NA,,NA,2615,,20260811080018,2026-08-11 12:05:48
4,2026-08-10 21:26:18,2026-08-11 11:45:00,P,Outage,-74.07653818273742,45.00173023757736,N,NA,,NA,2615,,20260811080018,2026-08-11 12:05:48
1,2026-08-10 22:01:24,2026-08-11 11:45:00,P,Outage,-74.27315695780617,45.0989664278655,N,NA,,NA,5994,,20260811080018,2026-08-11 12:05:48
9,2026-08-10 11:56:29,2026-08-11 08:15:00,P,Outage,-72.86109325187249,45.45676343794102,L,Crew at work,51,Vegetation damage,7809,,20260811080018,2026-08-11 12:05:48
17,2026-08-10 21:16:04,2026-08-11 11:15:00,P,Outage,-73.93784704692537,45.00470450828428,N,NA,44,Accident or incident,2345,,20260811080018,2026-08-11 12:05:48
1,2026-08-10 21:26:00,2026-08-11 10:45:00,P,Outage,-74.12960367634084,45.061420006424996,N,NA,,NA,2615,,20260811080018,2026-08-11 12:05:48
1,2026-08-10 08:36:58,2026-08-13 13:45:00,I,Interruption,-76.0686934084436,53.698106250128895,L,Crew at work,62,NA,9165,,20260811080018,2026-08-11 12:05:48
2,2026-08-10 20:59:04,2026-08-11 10:15:00,P,Outage,-73.97287196443203,45.02921882295524,N,NA,,NA,2345,,20260811080018,2026-08-11 12:05:48
4,2026-08-10 21:07:39,2026-08-11 10:15:00,P,Outage,-71.97794985943757,45.11698271223152,L,Crew at work,,NA,1254,,20260811080018,2026-08-11 12:05:48
10,2026-08-10 17:04:39,2026-08-11 09:15:00,P,Outage,-76.38647385329713,45.523053848150475,N,NA,,NA,1499,,20260811080018,2026-08-11 12:05:48
3,2026-08-11 05:52:47,,P,Outage,-74.06180830694365,45.87364580974504,N,NA,,NA,5377,,20260811080018,2026-08-11 12:05:48
1,2026-08-10 23:41:27,,P,Outage,-71.04900621222761,46.95499234686246,R,Crew en route,,NA,1781,,20260811080018,2026-08-11 12:05:48
2,2026-08-11 00:34:30,2026-08-11 09:15:00,P,Outage,-71.96501637535357,45.594253654981046,N,NA,,NA,9488,,20260811080018,2026-08-11 12:05:48
8,2026-08-11 07:15:02,2026-08-11 09:30:00,P,Outage,-75.51216738041055,46.58691406232852,N,NA,,NA,5593,,20260811080018,2026-08-11 12:05:48
20,2026-08-10 18:02:35,2026-08-11 11:15:00,P,Outage,-74.00494033093015,45.06623856015072,R,Crew en route,,NA,5128,,20260811080018,2026-08-11 12:05:48
2,2026-08-10 19:51:46,2026-08-11 12:15:00,P,Outage,-77.02508355477414,45.92022118007618,N,NA,58,Equipment failure,9437,,20260811080018,2026-08-11 12:05:48
6,2026-08-11 04:35:04,2026-08-11 10:15:00,P,Outage,-73.9462969988266,45.355232159920746,N,NA,,NA,4983,,20260811080018,2026-08-11 12:05:48
517,2026-08-10 16:37:40,2026-08-11 12:15:00,P,Outage,-76.61643443634395,45.59719778214844,R,Crew en route,51,Vegetation damage,1889,,20260811080018,2026-08-11 12:05:48
1,2026-08-11 06:49:48,2026-08-11 08:45:00,P,Outage,-73.97755799363277,45.16303188179603,N,NA,,NA,5128,,20260811080018,2026-08-11 12:05:48
22,2026-08-11 06:53:22,2026-08-11 09:00:00,P,Outage,-74.00357712713826,45.00621841862823,N,NA,,NA,2615,,20260811080018,2026-08-11 12:05:48
5,2026-08-11 06:53:35,2026-08-11 09:00:00,P,Outage,-71.61289160169417,46.86737211258861,R,Crew en route,,NA,2330,,20260811080018,2026-08-11 12:05:48
9,2026-08-10 18:02:35,2026-08-11 11:15:00,P,Outage,-73.9864543418871,45.03419430134008,N,NA,,NA,2345,,20260811080018,2026-08-11 12:05:48
214,2026-08-10 18:02:35,2026-08-11 10:15:00,P,Outage,-74.00587157788114,45.02358361484133,R,Crew en route,,NA,2345,,20260811080018,2026-08-11 12:05:48
71,2026-08-10 18:02:35,2026-08-11 12:15:00,P,Outage,-73.88236342788448,45.01428758008102,R,Crew en route,,NA,2576,,20260811080018,2026-08-11 12:05:48
1,2026-08-11 05:25:35,2026-08-11 12:15:00,P,Outage,-72.1148714874949,45.04461003535453,N,NA,,NA,5082,,20260811080018,2026-08-11 12:05:48
3,2026-08-11 06:44:51,2026-08-11 08:45:00,P,Outage,-72.91140642430474,45.11894179967656,A,Work assigned,,NA,8344,,20260811080018,2026-08-11 12:05:48
2,2026-08-11 06:12:16,2026-08-11 08:15:00,P,Outage,-71.09023823936269,48.64496338546632,R,Crew en route,,NA,6438,,20260811080018,2026-08-11 12:05:48
1,2026-08-10 23:40:46,2026-08-11 09:30:00,P,Outage,-79.40236586096194,47.281287923489344,N,NA,,NA,2141,,20260811080018,2026-08-11 12:05:48
8,2026-08-10 16:37:40,2026-08-11 08:15:00,P,Outage,-76.472531253987,45.52656089351841,N,NA,,NA,1499,,20260811080018,2026-08-11 12:05:48
15,2026-08-10 16:50:43,2026-08-11 12:15:00,P,Outage,-76.49014338827612,45.60801472272324,R,Crew en route,51,Vegetation damage,5739,,20260811080018,2026-08-11 12:05:48
25,2026-08-11 06:47:17,2026-08-11 08:45:00,P,Outage,-73.90658547064545,45.455729778624836,R,Crew en route,,NA,0253,,20260811080018,2026-08-11 12:05:48
244,2026-08-11 04:38:50,2026-08-11 10:15:00,P,Outage,-74.11072630383782,45.961392438104426,R,Crew en route,72,Equipment failure,8395,,20260811080018,2026-08-11 12:05:48
17,2026-08-11 06:19:02,2026-08-11 08:15:00,P,Outage,-72.63278019303382,45.31245905375836,N,NA,,NA,1508,,20260811080018,2026-08-11 12:05:48
1,2026-08-10 19:13:00,2026-08-11 12:15:00,P,Outage,-77.2104430551639,45.98898890456334,N,NA,,NA,5750,,20260811080018,2026-08-11 12:05:48
1,2026-08-10 18:46:52,2026-08-11 11:15:00,P,Outage,-73.97122298085557,45.0291301479573,N,NA,,NA,2345,,20260811080018,2026-08-11 12:05:48
2,2026-08-10 18:56:07,2026-08-11 11:15:00,P,Outage,-74.03747302302747,45.19618324092449,N,NA,,NA,7452,,20260811080018,2026-08-11 12:05:48
38,2026-08-10 18:02:32,2026-08-11 12:15:00,P,Outage,-74.03232133691006,45.04082035072075,R,Crew en route,,NA,2615,,20260811080018,2026-08-11 12:05:48
5,2026-08-10 18:09:13,2026-08-11 11:15:00,P,Outage,-73.99773062563457,45.126142216387976,N,NA,,NA,5128,,20260811080018,2026-08-11 12:05:48
1,2026-08-11 06:24:47,2026-08-11 08:15:00,P,Outage,-71.8484191280885,45.83321329936133,R,Crew en route,,NA,8004,,20260811080018,2026-08-11 12:05:48
3,2026-08-11 06:28:43,2026-08-11 08:30:00,P,Outage,-70.82072189698546,47.07004462088958,N,NA,,NA,7209,,20260811080018,2026-08-11 12:05:48
282,2026-08-11 02:48:40,,P,Outage,-71.61189920588626,46.649198156542624,L,Crew at work,,NA,6036,,20260811080018,2026-08-11 12:05:48
12,2026-08-11 06:03:16,,P,Outage,-71.88968776700439,46.64983979229943,N,NA,,NA,4440,,20260811080018,2026-08-11 12:05:48
17,2026-08-10 18:32:34,2026-08-11 11:15:00,P,Outage,-74.1551617717097,44.997508430564885,R,Crew en route,,NA,2615,,20260811080018,2026-08-11 12:05:48
61,2026-08-10 18:07:16,2026-08-11 12:15:00,P,Outage,-74.07748245504877,45.05839345408972,R,Crew en route,,NA,2615,,20260811080018,2026-08-11 12:05:48
17,2026-08-11 07:09:22,2026-08-11 09:15:00,P,Outage,-70.57666034953526,46.97425787984393,R,Crew en route,,NA,4755,,20260811080018,2026-08-11 12:05:48
1,2026-08-10 19:06:15,2026-08-11 09:30:00,P,Outage,-74.18629256660186,45.09216065333839,N,NA,,NA,2657,,20260811080018,2026-08-11 12:05:48
5,2026-08-11 07:11:12,2026-08-11 09:15:00,P,Outage,-72.10147770546014,45.29750638722398,N,NA,,NA,5107,,20260811080018,2026-08-11 12:05:48
1,2026-08-11 07:15:47,2026-08-11 09:15:00,P,Outage,-73.54483070944957,45.539163000671294,N,NA,,NA,1000,,20260811080018,2026-08-11 12:05:48
800,2026-08-11 06:00:32,,P,Outage,-77.39644777807642,48.06155638826051,N,NA,,NA,9266,,20260811080018,2026-08-11 12:05:48
262,2026-08-11 06:00:32,,P,Outage,-77.41550172904728,47.92893721690537,N,NA,,NA,9266,,20260811080018,2026-08-11 12:05:48
4,2026-08-10 17:07:15,2026-08-11 10:45:00,P,Outage,-72.56070701980715,45.29144249841685,N,NA,,NA,1505,,20260811080018,2026-08-11 12:05:48
28,2026-08-11 06:40:53,2026-08-11 08:45:00,P,Outage,-73.51462954905132,45.59520669792001,R,Crew en route,,NA,1000,,20260811080018,2026-08-11 12:05:48
1,2026-08-07 15:13:26,2026-08-11 17:15:00,P,Outage,-74.59805003474581,46.03249840271805,L,Crew at work,11,Equipment failure,1119,,20260811080018,2026-08-11 12:05:48
408,2026-08-11 07:30:46,2026-08-11 13:15:00,I,Interruption,-73.77508901580732,45.61870264364385,L,Crew at work,77,NA,8389,,20260811093021,2026-08-11 13:38:37
2,2026-08-11 07:34:20,2026-08-11 11:45:00,P,Outage,-75.77057745211356,45.443880239050955,N,NA,,NA,2642,,20260811093021,2026-08-11 13:38:37
12,2026-08-11 09:17:31,2026-08-11 11:00:00,I,Interruption,-71.28833957937756,46.817567675054164,L,Crew at work,69,NA,5411,,20260811093021,2026-08-11 13:38:37
10,2026-08-11 07:58:40,2026-08-11 12:00:00,I,Interruption,-74.02282844904049,45.5376142210294,L,Crew at work,61,NA,7299,,20260811093021,2026-08-11 13:38:37
131,2026-08-11 08:00:16,2026-08-11 15:15:00,I,Interruption,-73.75432704531171,45.53710921576742,L,Crew at work,61,NA,1856,,20260811093021,2026-08-11 13:38:37
14,2026-08-11 07:23:59,2026-08-11 15:30:00,I,Interruption,-70.9977956105674,46.61504240244805,L,Crew at work,61,NA,6000,,20260811093021,2026-08-11 13:38:37
51,2026-08-11 07:33:43,,I,Interruption,-73.31064374292895,45.36047020939689,L,Crew at work,61,NA,7470,,20260811093021,2026-08-11 13:38:37
9,2026-08-11 09:12:12,,P,Outage,-73.45356489133565,45.60117126862448,N,NA,,NA,1460,,20260811093021,2026-08-11 13:38:37
16,2026-08-11 08:03:54,2026-08-11 12:15:00,I,Interruption,-71.29090472614119,46.89202684387127,L,Crew at work,61,NA,1769,,20260811093021,2026-08-11 13:38:37
197,2026-08-11 08:00:54,2026-08-11 15:15:00,I,Interruption,-73.47041712849511,45.443289007517144,L,Crew at work,61,NA,1535,,20260811093021,2026-08-11 13:38:37
2,2026-08-11 08:00:43,2026-08-11 10:00:00,P,Outage,-75.92815770446882,45.71450035898374,N,NA,,NA,8575,,20260811093021,2026-08-11 13:38:37
47,2026-08-11 08:01:22,2026-08-11 10:00:00,I,Interruption,-70.96077177556596,46.62789106513143,L,Crew at work,77,NA,6000,,20260811093021,2026-08-11 13:38:37
25,2026-08-11 07:42:54,2026-08-11 09:45:00,I,Interruption,-73.69918809928521,45.96815079847497,L,Crew at work,62,NA,8377,,20260811093021,2026-08-11 13:38:37
3,2026-08-11 07:45:14,2026-08-11 09:45:00,P,Outage,-71.36308317468482,45.86134959031017,R,Crew en route,,NA,2369,,20260811093021,2026-08-11 13:38:37
9,2026-08-11 07:47:54,2026-08-11 11:15:00,I,Interruption,-71.31166613210375,46.80153168784369,L,Crew at work,69,NA,5411,,20260811093021,2026-08-11 13:38:37
18,2026-08-11 09:16:39,,P,Outage,-73.55039605792496,45.574056200788426,L,Crew at work,,NA,1000,,20260811093021,2026-08-11 13:38:37
116,2026-08-11 07:24:09,2026-08-11 14:30:00,I,Interruption,-73.70301210199045,45.96874656102486,L,Crew at work,62,NA,8377,,20260811093021,2026-08-11 13:38:37
13,2026-08-11 07:28:04,,P,Outage,-74.03923285983892,45.80030781553873,R,Crew en route,,NA,1353,,20260811093021,2026-08-11 13:38:37
140,2026-08-11 08:06:24,2026-08-11 09:45:00,I,Interruption,-73.56498803001739,45.529369250377194,L,Crew at work,62,NA,1000,,20260811093021,2026-08-11 13:38:37
6,2026-08-11 08:11:07,2026-08-11 10:15:00,P,Outage,-75.72878251692313,45.749735521567374,N,NA,,NA,9431,,20260811093021,2026-08-11 13:38:37
13,2026-08-10 19:20:34,2026-08-11 11:45:00,P,Outage,-73.896332174968,45.031173161373886,R,Crew en route,,NA,2345,,20260811093021,2026-08-11 13:38:37
1,2026-08-10 18:07:20,2026-08-11 15:15:00,P,Outage,-74.13468956647804,45.07963740805431,N,NA,,NA,2615,,20260811093021,2026-08-11 13:38:37
1,2026-08-04 19:44:54,2026-08-11 12:15:00,P,Outage,-74.91164804166988,46.459674051286626,A,Work assigned,24,Weather conditions,4551,,20260811093021,2026-08-11 13:38:37
4,2026-08-11 08:26:16,2026-08-11 10:30:00,P,Outage,-73.40419803345537,46.294951226399846,N,NA,,NA,6813,,20260811093021,2026-08-11 13:38:37
4,2026-08-11 08:12:15,2026-08-11 12:45:00,I,Interruption,-72.97753510275939,45.65159345596332,L,Crew at work,61,NA,7029,,20260811093021,2026-08-11 13:38:37
3,2026-08-11 08:08:47,2026-08-11 10:15:00,P,Outage,-73.72872023504048,45.95273836519818,N,NA,,NA,8377,,20260811093021,2026-08-11 13:38:37
7,2026-08-11 08:21:36,2026-08-11 10:15:00,P,Outage,-71.31128089393779,46.94840215783322,A,Work assigned,,NA,6480,,20260811093021,2026-08-11 13:38:37
71,2026-08-11 08:13:57,2026-08-11 15:15:00,I,Interruption,-73.86183260339499,45.46116404075524,L,Crew at work,62,NA,0235,,20260811093021,2026-08-11 13:38:37
4,2026-08-10 20:34:49,2026-08-11 15:15:00,P,Outage,-74.38979967182773,45.12499223226979,R,Crew en route,,NA,5994,,20260811093021,2026-08-11 13:38:37
3,2026-08-11 08:31:37,2026-08-11 11:45:00,I,Interruption,-73.34040293838832,45.52813770027002,L,Crew at work,61,NA,6210,,20260811093021,2026-08-11 13:38:37
3,2026-08-11 08:28:34,2026-08-11 10:30:00,P,Outage,-76.23572716832362,46.144432391261304,R,Crew en route,,NA,2108,,20260811093021,2026-08-11 13:38:37
8,2026-08-11 08:33:13,2026-08-11 11:45:00,I,Interruption,-64.42898893564318,48.99561980249435,L,Crew at work,61,NA,5560,,20260811093021,2026-08-11 13:38:37
2,2026-08-11 08:33:55,2026-08-11 18:15:00,I,Interruption,-71.20147668057356,46.87874539899597,L,Crew at work,63,NA,1302,,20260811093021,2026-08-11 13:38:37
1,2026-08-11 07:58:31,2026-08-11 10:30:00,P,Outage,-71.14989947965613,46.256067906236815,N,NA,,NA,7926,,20260811093021,2026-08-11 13:38:37
32,2026-08-11 08:14:58,2026-08-11 10:15:00,I,Interruption,-73.92700675312906,45.55789622207013,L,Crew at work,63,NA,6639,,20260811093021,2026-08-11 13:38:37
1,2026-08-11 08:42:28,2026-08-11 14:45:00,I,Interruption,-78.13253999661559,48.76358237641744,L,Crew at work,61,NA,6468,,20260811093021,2026-08-11 13:38:37
10,2026-08-11 08:43:54,2026-08-11 15:45:00,I,Interruption,-73.77323843818938,45.651683456758754,L,Crew at work,61,NA,5629,,20260811093021,2026-08-11 13:38:37
7,2026-08-10 22:36:52,2026-08-11 12:15:00,P,Outage,-72.78947664723212,47.42603708177083,L,Crew at work,,NA,3975,,20260811093021,2026-08-11 13:38:37
1,2026-08-10 18:02:35,2026-08-11 17:15:00,P,Outage,-74.00808910350318,45.08684767516427,N,NA,,NA,5128,,20260811093021,2026-08-11 13:38:37
3,2026-08-11 08:36:39,2026-08-11 12:45:00,I,Interruption,-73.90139949811142,45.56335528359172,L,Crew at work,67,NA,6639,,20260811093021,2026-08-11 13:38:37
16,2026-08-11 08:37:01,2026-08-11 15:45:00,I,Interruption,-75.01266139450387,46.376140146027815,L,Crew at work,63,NA,4926,,20260811093021,2026-08-11 13:38:37
67,2026-08-11 08:40:41,2026-08-11 15:45:00,I,Interruption,-73.77036874684792,45.53245801124829,L,Crew at work,62,NA,1856,,20260811093021,2026-08-11 13:38:37
203,2026-08-11 09:23:29,,P,Outage,-73.59247421678914,45.532541557519465,N,NA,,NA,1000,,20260811093021,2026-08-11 13:38:37
49,2026-08-11 08:44:02,2026-08-11 14:45:00,I,Interruption,-74.04111484967817,45.80254329226794,L,Crew at work,61,NA,1353,,20260811093021,2026-08-11 13:38:37
1,2026-08-11 09:26:43,,P,Outage,-71.33353290116492,45.98825103588824,L,Crew at work,,NA,7269,,20260811093021,2026-08-11 13:38:37
46,2026-08-11 08:47:01,2026-08-11 15:00:00,I,Interruption,-73.55708512287043,45.52573659110595,L,Crew at work,62,NA,1000,,20260811093021,2026-08-11 13:38:37
1,2026-08-10 18:02:08,2026-08-11 10:45:00,P,Outage,-74.04088771745353,45.19645227986674,R,Crew en route,,NA,7452,,20260811093021,2026-08-11 13:38:37
320,2026-08-11 08:51:40,2026-08-11 16:30:00,I,Interruption,-73.82723858750326,45.65946517737224,L,Crew at work,62,NA,1413,,20260811093021,2026-08-11 13:38:37
31,2026-08-11 08:52:44,2026-08-11 10:45:00,P,Outage,-73.55875929830871,45.51948535776847,R,Crew en route,,NA,1000,,20260811093021,2026-08-11 13:38:37
91,2026-08-11 08:52:36,2026-08-11 16:45:00,I,Interruption,-73.6438723485348,45.54135145484258,L,Crew at work,61,NA,1000,,20260811093021,2026-08-11 13:38:37
134,2026-08-11 08:51:07,2026-08-11 11:00:00,I,Interruption,-73.62523659220555,45.429062276370715,L,Crew at work,61,NA,0107,,20260811093021,2026-08-11 13:38:37
3,2026-08-10 18:02:35,2026-08-11 17:15:00,P,Outage,-74.0194974214109,45.077312765146175,R,Crew en route,,NA,5128,,20260811093021,2026-08-11 13:38:37
5,2026-08-10 20:55:18,2026-08-11 15:15:00,P,Outage,-74.07148993422285,44.997815684155945,R,Crew en route,,NA,2615,,20260811093021,2026-08-11 13:38:37
36,2026-08-11 09:02:55,2026-08-11 11:00:00,I,Interruption,-71.86286898537419,45.37007115419255,L,Crew at work,61,NA,4347,,20260811093021,2026-08-11 13:38:37
2,2026-08-11 09:05:34,2026-08-11 11:00:00,P,Outage,-71.36099637579588,46.76617229036571,L,Crew at work,57,Accident or incident,5701,,20260811093021,2026-08-11 13:38:37
183,2026-08-11 08:53:16,2026-08-11 12:00:00,I,Interruption,-79.02269925932455,48.284120900431375,L,Crew at work,77,NA,5647,,20260811093021,2026-08-11 13:38:37
3,2026-08-11 08:55:56,2026-08-11 11:00:00,I,Interruption,-78.15999617399241,48.608125187043335,L,Crew at work,62,NA,1065,,20260811093021,2026-08-11 13:38:37
4,2026-08-10 21:26:18,2026-08-11 15:15:00,P,Outage,-74.07653818273742,45.00173023757736,N,NA,,NA,2615,,20260811093021,2026-08-11 13:38:37
1,2026-08-11 09:08:19,2026-08-11 11:00:00,P,Outage,-72.46065360693163,48.64745507607548,R,Crew en route,,NA,6669,,20260811093021,2026-08-11 13:38:37
1,2026-08-11 09:00:04,2026-08-11 18:15:00,I,Interruption,-71.20229746205597,46.879016185272846,L,Crew at work,63,NA,1302,,20260811093021,2026-08-11 13:38:37
8,2026-08-11 09:08:30,2026-08-11 10:45:00,I,Interruption,-71.30262803122984,46.81947230047243,L,Crew at work,69,NA,5411,,20260811093021,2026-08-11 13:38:37
1,2026-08-11 09:12:39,2026-08-11 14:15:00,I,Interruption,-72.45716431631261,48.66494862982664,L,Crew at work,62,NA,6669,,20260811093021,2026-08-11 13:38:37
4,2026-08-11 08:54:31,2026-08-11 11:00:00,P,Outage,-75.85074912448789,45.392134426220615,N,NA,,NA,1185,,20260811093021,2026-08-11 13:38:37
1,2026-08-10 22:01:24,2026-08-11 15:15:00,P,Outage,-74.27315695780617,45.0989664278655,N,NA,,NA,5994,,20260811093021,2026-08-11 13:38:37
3,2026-08-11 09:01:16,2026-08-11 11:00:00,P,Outage,-70.57694397425898,46.44756561764646,R,Crew en route,,NA,7377,,20260811093021,2026-08-11 13:38:37
3,2026-08-11 07:55:46,2026-08-11 11:00:00,P,Outage,-68.4336019461734,49.1123973129391,L,Crew at work,,NA,5431,,20260811093021,2026-08-11 13:38:37
6,2026-08-11 09:14:08,2026-08-11 17:15:00,I,Interruption,-74.28213629879335,46.05000505107401,L,Crew at work,61,NA,8401,,20260811093021,2026-08-11 13:38:37
74,2026-08-11 08:36:05,2026-08-11 12:45:00,I,Interruption,-73.67109231545831,45.52665440108846,L,Crew at work,62,NA,0121,,20260811093021,2026-08-11 13:38:37
4,2026-08-11 08:47:19,2026-08-11 10:45:00,P,Outage,-77.74313949510656,48.16288230730219,N,NA,,NA,9296,,20260811093021,2026-08-11 13:38:37
17,2026-08-10 21:16:04,2026-08-11 13:15:00,P,Outage,-73.93784704692537,45.00470450828428,R,Crew en route,44,Accident or incident,2345,,20260811093021,2026-08-11 13:38:37
11,2026-08-11 09:12:12,,P,Outage,-73.45284708865455,45.60174944892984,N,NA,,NA,1460,,20260811093021,2026-08-11 13:38:37
9,2026-08-11 09:08:12,2026-08-11 16:45:00,I,Interruption,-72.46731404945692,46.079821333294795,L,Crew at work,61,NA,8932,,20260811093021,2026-08-11 13:38:37
1,2026-08-11 09:10:33,,I,Interruption,-72.45818679853157,48.66373734463136,L,Crew at work,62,NA,6669,,20260811093021,2026-08-11 13:38:37
1,2026-08-10 21:26:00,2026-08-11 15:15:00,P,Outage,-74.12960367634084,45.061420006424996,N,NA,,NA,2615,,20260811093021,2026-08-11 13:38:37
1,2026-08-10 08:36:58,2026-08-13 13:45:00,I,Interruption,-76.0686934084436,53.698106250128895,L,Crew at work,62,NA,9165,,20260811093021,2026-08-11 13:38:37
2,2026-08-10 20:59:04,2026-08-11 15:15:00,P,Outage,-73.97287196443203,45.02921882295524,N,NA,,NA,2345,,20260811093021,2026-08-11 13:38:37
10,2026-08-10 17:04:39,2026-08-11 10:45:00,P,Outage,-76.38647385329713,45.523053848150475,A,Work assigned,,NA,1499,,20260811093021,2026-08-11 13:38:37
3,2026-08-11 05:52:47,,P,Outage,-74.06180830694365,45.87364580974504,N,NA,,NA,5377,,20260811093021,2026-08-11 13:38:37
8,2026-08-11 09:20:05,2026-08-11 12:30:00,I,Interruption,-71.97368180699162,45.276605356555834,L,Crew at work,62,NA,4953,,20260811093021,2026-08-11 13:38:37
28,2026-08-11 09:17:46,2026-08-11 11:00:00,P,Outage,-71.87171795231791,46.17752376326917,L,Crew at work,,NA,5383,,20260811093021,2026-08-11 13:38:37
2,2026-08-11 00:34:30,2026-08-11 11:15:00,P,Outage,-71.96501637535357,45.594253654981046,R,Crew en route,,NA,9488,,20260811093021,2026-08-11 13:38:37
1,2026-08-11 09:03:44,,P,Outage,-73.62927417307654,45.22514468230144,N,NA,,NA,7992,,20260811093021,2026-08-11 13:38:37
103,2026-08-11 09:23:12,,P,Outage,-71.22433303538531,46.83966258453252,N,NA,,NA,5410,,20260811093021,2026-08-11 13:38:37
15,2026-08-11 09:25:28,2026-08-11 16:30:00,I,Interruption,-71.23175792542423,46.75750362135489,L,Crew at work,61,NA,8044,,20260811093021,2026-08-11 13:38:37
20,2026-08-10 18:02:35,2026-08-11 21:15:00,P,Outage,-74.00494033093015,45.06623856015072,R,Crew en route,,NA,5128,,20260811093021,2026-08-11 13:38:37
2,2026-08-10 19:51:46,2026-08-11 12:15:00,P,Outage,-77.02508355477414,45.92022118007618,R,Crew en route,58,Equipment failure,9437,,20260811093021,2026-08-11 13:38:37
6,2026-08-11 04:35:04,2026-08-11 15:15:00,P,Outage,-73.9462969988266,45.355232159920746,N,NA,,NA,4983,,20260811093021,2026-08-11 13:38:37
517,2026-08-10 16:37:40,2026-08-11 12:15:00,P,Outage,-76.61643443634395,45.59719778214844,R,Crew en route,51,Vegetation damage,1889,,20260811093021,2026-08-11 13:38:37
1,2026-08-11 06:49:48,2026-08-11 17:15:00,P,Outage,-73.97755799363277,45.16303188179603,N,NA,,NA,5128,,20260811093021,2026-08-11 13:38:37
22,2026-08-11 06:53:22,2026-08-11 15:15:00,P,Outage,-74.00357712713826,45.00621841862823,N,NA,,NA,2615,,20260811093021,2026-08-11 13:38:37
5,2026-08-11 06:53:35,2026-08-11 11:15:00,P,Outage,-71.61289160169417,46.86737211258861,R,Crew en route,,NA,2330,,20260811093021,2026-08-11 13:38:37
9,2026-08-10 18:02:35,2026-08-11 15:15:00,P,Outage,-73.9864543418871,45.03419430134008,R,Crew en route,,NA,2345,,20260811093021,2026-08-11 13:38:37
214,2026-08-10 18:02:35,2026-08-11 15:15:00,P,Outage,-74.00587157788114,45.02358361484133,R,Crew en route,58,Equipment failure,2345,,20260811093021,2026-08-11 13:38:37
71,2026-08-10 18:02:35,2026-08-11 15:15:00,P,Outage,-73.88236342788448,45.01428758008102,R,Crew en route,,NA,2576,,20260811093021,2026-08-11 13:38:37
1,2026-08-11 05:25:35,2026-08-11 12:15:00,P,Outage,-72.1148714874949,45.04461003535453,N,NA,,NA,5082,,20260811093021,2026-08-11 13:38:37
3,2026-08-11 06:44:51,,P,Outage,-72.91140642430474,45.11894179967656,R,Crew en route,,NA,8344,,20260811093021,2026-08-11 13:38:37
2,2026-08-11 06:12:16,2026-08-11 10:15:00,P,Outage,-71.09023823936269,48.64496338546632,R,Crew en route,,NA,6438,,20260811093021,2026-08-11 13:38:37
1,2026-08-10 23:40:46,2026-08-11 11:00:00,P,Outage,-79.40236586096194,47.281287923489344,R,Crew en route,,NA,2141,,20260811093021,2026-08-11 13:38:37
8,2026-08-10 16:37:40,2026-08-11 10:45:00,P,Outage,-76.472531253987,45.52656089351841,A,Work assigned,,NA,1499,,20260811093021,2026-08-11 13:38:37
15,2026-08-10 16:50:43,2026-08-11 12:15:00,P,Outage,-76.49014338827612,45.60801472272324,R,Crew en route,51,Vegetation damage,5739,,20260811093021,2026-08-11 13:38:37
244,2026-08-11 04:38:50,2026-08-11 10:15:00,P,Outage,-74.11072630383782,45.961392438104426,R,Crew en route,72,Equipment failure,8395,,20260811093021,2026-08-11 13:38:37
17,2026-08-11 06:19:02,2026-08-11 10:15:00,P,Outage,-72.63278019303382,45.31245905375836,R,Crew en route,,NA,1508,,20260811093021,2026-08-11 13:38:37
1,2026-08-10 19:13:00,2026-08-11 12:15:00,P,Outage,-77.2104430551639,45.98898890456334,N,NA,,NA,5750,,20260811093021,2026-08-11 13:38:37
1,2026-08-10 18:46:52,2026-08-11 14:15:00,P,Outage,-73.97122298085557,45.0291301479573,N,NA,,NA,2345,,20260811093021,2026-08-11 13:38:37
2,2026-08-10 18:56:07,2026-08-11 11:15:00,P,Outage,-74.03747302302747,45.19618324092449,N,NA,,NA,7452,,20260811093021,2026-08-11 13:38:37
38,2026-08-10 18:02:32,2026-08-11 17:15:00,P,Outage,-74.03232133691006,45.04082035072075,R,Crew en route,,NA,2615,,20260811093021,2026-08-11 13:38:37
5,2026-08-10 18:09:13,2026-08-11 15:15:00,P,Outage,-73.99773062563457,45.126142216387976,N,NA,,NA,5128,,20260811093021,2026-08-11 13:38:37
1,2026-08-11 06:24:47,2026-08-11 10:15:00,P,Outage,-71.8484191280885,45.83321329936133,R,Crew en route,,NA,8004,,20260811093021,2026-08-11 13:38:37
3,2026-08-11 06:28:43,2026-08-11 10:30:00,P,Outage,-70.82072189698546,47.07004462088958,R,Crew en route,,NA,7209,,20260811093021,2026-08-11 13:38:37
3,2026-08-11 09:20:17,2026-08-11 16:00:00,I,Interruption,-75.20983585756639,46.694199231698576,L,Crew at work,61,NA,1871,,20260811093021,2026-08-11 13:38:37
12,2026-08-11 06:03:16,,P,Outage,-71.88968776700439,46.64983979229943,R,Crew en route,,NA,4440,,20260811093021,2026-08-11 13:38:37
3,2026-08-11 09:17:31,,P,Outage,-73.35935522216408,45.743413821865516,L,Crew at work,,NA,9356,,20260811093021,2026-08-11 13:38:37
89,2026-08-11 09:20:27,,P,Outage,-73.62964492094918,45.51533779036714,N,NA,,NA,0115,,20260811093021,2026-08-11 13:38:37
330,2026-08-11 09:10:14,,P,Outage,-73.55036129624722,45.552476811847434,L,Crew at work,,NA,1000,,20260811093021,2026-08-11 13:38:37
17,2026-08-10 18:32:34,2026-08-11 11:15:00,P,Outage,-74.1551617717097,44.997508430564885,R,Crew en route,,NA,2615,,20260811093021,2026-08-11 13:38:37
61,2026-08-10 18:07:16,2026-08-11 15:15:00,P,Outage,-74.07748245504877,45.05839345408972,R,Crew en route,,NA,2615,,20260811093021,2026-08-11 13:38:37
3,2026-08-11 09:20:19,,P,Outage,-70.66874538591519,46.10320175408009,N,NA,,NA,6840,,20260811093021,2026-08-11 13:38:37
15,2026-08-11 09:21:52,,P,Outage,-72.18937212195944,45.79881368681088,N,NA,,NA,3771,,20260811093021,2026-08-11 13:38:37
5,2026-08-11 07:11:12,2026-08-11 12:15:00,P,Outage,-72.10147770546014,45.29750638722398,N,NA,,NA,5107,,20260811093021,2026-08-11 13:38:37
1,2026-08-11 07:15:47,2026-08-11 11:15:00,P,Outage,-73.54483070944957,45.539163000671294,L,Crew at work,,NA,1000,,20260811093021,2026-08-11 13:38:37
800,2026-08-11 06:00:32,,P,Outage,-77.39644777807642,48.06155638826051,R,Crew en route,,NA,9266,,20260811093021,2026-08-11 13:38:37
262,2026-08-11 06:00:32,,P,Outage,-77.41550172904728,47.92893721690537,R,Crew en route,,NA,9266,,20260811093021,2026-08-11 13:38:37
4,2026-08-10 17:07:15,2026-08-11 10:45:00,P,Outage,-72.56070701980715,45.29144249841685,R,Crew en route,,NA,1505,,20260811093021,2026-08-11 13:38:37
15,2026-08-11 09:17:10,,P,Outage,-70.54826964212339,48.3932565275731,N,NA,,NA,8980,,20260811093021,2026-08-11 13:38:37
1,2026-08-07 15:13:26,2026-08-11 17:15:00,P,Outage,-74.59805003474581,46.03249840271805,L,Crew at work,11,Equipment failure,1119,,20260811093021,2026-08-11 13:38:37
