customers_affected,start_time,estimated_end_time,type_code,type,longitude,latitude,status_code,status,cause_code,cause,municipality_id,message_id,bis_version,pulled_at
3,2026-08-21 18:45:22,2026-08-21 20:45:00,P,Outage,-71.2262484187364,46.677060670081225,R,Crew en route,,NA,8755,,20260821203009,2026-08-22 00:42:25
41,2026-08-21 17:28:30,,P,Outage,-71.29857475794591,46.728044314763224,A,Work assigned,,NA,7716,,20260821203009,2026-08-22 00:42:25
12,2026-08-21 11:18:31,2026-08-21 23:15:00,P,Outage,-71.26216024854611,46.87656044224487,R,Crew en route,34,Accident or incident,1769,,20260821203009,2026-08-22 00:42:25
139,2026-08-21 10:52:23,,P,Outage,-71.3255234331605,46.72670665247027,N,NA,,NA,7716,,20260821203009,2026-08-22 00:42:25
1,2026-08-21 18:26:59,2026-08-22 15:15:00,P,Outage,-75.89562239930278,45.94415204632726,L,Crew at work,,NA,2618,,20260821203009,2026-08-22 00:42:25
10,2026-08-21 18:23:05,,P,Outage,-73.71131803840497,45.3613965239107,R,Crew en route,,NA,1784,,20260821203009,2026-08-22 00:42:25
15,2026-08-21 20:04:58,2026-08-21 22:00:00,P,Outage,-74.11397905223772,45.243515157001546,N,NA,,NA,5707,,20260821203009,2026-08-22 00:42:25
1,2026-08-21 20:05:57,2026-08-21 22:00:00,P,Outage,-72.8347159060526,45.45123103073343,R,Crew en route,,NA,7809,,20260821203009,2026-08-22 00:42:25
37,2026-08-21 20:05:10,2026-08-21 23:15:00,P,Outage,-78.10540276733262,48.562102043499415,L,Crew at work,33,Accident or incident,1065,,20260821203009,2026-08-22 00:42:25
3,2026-08-21 20:09:39,,P,Outage,-73.68814994889034,46.28277516282148,A,Work assigned,,NA,6363,,20260821203009,2026-08-22 00:42:25
34,2026-08-21 17:43:28,2026-08-21 22:15:00,P,Outage,-74.1482130382304,45.28502951260549,R,Crew en route,,NA,2465,,20260821203009,2026-08-22 00:42:25
261,2026-08-21 18:50:16,2026-08-21 20:45:00,P,Outage,-70.37091388687678,47.45048562821269,R,Crew en route,58,Equipment failure,4365,,20260821203009,2026-08-22 00:42:25
1,2026-08-21 19:46:36,2026-08-21 21:45:00,P,Outage,-73.51091992678856,45.23471187069228,N,NA,,NA,6507,,20260821203009,2026-08-22 00:42:25
445,2026-08-21 18:50:16,2026-08-21 20:45:00,P,Outage,-70.37459107224272,47.41226018117589,R,Crew en route,,NA,6177,,20260821203009,2026-08-22 00:42:25
1,2026-08-21 15:38:06,2026-08-21 22:15:00,P,Outage,-70.15673201273981,46.662653869609116,L,Crew at work,11,Equipment failure,6660,,20260821203009,2026-08-22 00:42:25
1,2026-08-21 15:17:42,2026-08-21 22:15:00,P,Outage,-71.1920275749924,46.28577050031031,L,Crew at work,,NA,7926,,20260821203009,2026-08-22 00:42:25
1997,2026-08-21 15:44:50,,P,Outage,-74.23078952598054,46.03364883027276,N,NA,34,Accident or incident,8401,,20260821203009,2026-08-22 00:42:25
7,2026-08-21 15:44:46,,P,Outage,-74.26740101122776,46.050772197710224,N,NA,,NA,8401,,20260821203009,2026-08-22 00:42:25
1,2026-08-17 00:59:03,2026-08-22 17:15:00,P,Outage,-73.75382751164358,45.57236856427202,L,Crew at work,58,Equipment failure,1856,,20260821203009,2026-08-22 00:42:25
20,2026-08-21 21:22:31,2026-08-21 23:15:00,P,Outage,-74.25664128468806,46.0403280503012,N,NA,,NA,8404,,20260821215007,2026-08-22 02:04:56
8,2026-08-21 21:10:26,2026-08-21 23:15:00,P,Outage,-73.73181319420077,45.50445850239169,R,Crew en route,,NA,0121,,20260821215007,2026-08-22 02:04:56
2,2026-08-21 21:33:20,,P,Outage,-71.90643238527875,45.78611146814892,N,NA,,NA,2000,,20260821215007,2026-08-22 02:04:56
4,2026-08-21 21:33:20,2026-08-22 00:00:00,P,Outage,-71.90790694780439,45.78687047867249,R,Crew en route,,NA,2000,,20260821215007,2026-08-22 02:04:56
1,2026-08-21 18:26:59,2026-08-22 15:15:00,P,Outage,-75.89562239930278,45.94415204632726,L,Crew at work,,NA,2618,,20260821215007,2026-08-22 02:04:56
10,2026-08-21 18:23:05,,P,Outage,-73.71131803840497,45.3613965239107,R,Crew en route,,NA,1784,,20260821215007,2026-08-22 02:04:56
12,2026-08-21 21:44:13,,P,Outage,-73.86787608971602,45.66501971208499,L,Crew at work,11,Equipment failure,1413,,20260821215007,2026-08-22 02:04:56
37,2026-08-21 20:05:10,2026-08-21 23:15:00,P,Outage,-78.10540276733262,48.562102043499415,L,Crew at work,33,Accident or incident,1065,,20260821215007,2026-08-22 02:04:56
3,2026-08-21 20:09:39,2026-08-21 22:15:00,P,Outage,-73.68814994889034,46.28277516282148,A,Work assigned,,NA,6363,,20260821215007,2026-08-22 02:04:56
34,2026-08-21 17:43:28,2026-08-21 22:15:00,P,Outage,-74.1482130382304,45.28502951260549,N,NA,,NA,2465,,20260821215007,2026-08-22 02:04:56
261,2026-08-21 18:50:16,,P,Outage,-70.37091388687678,47.45048562821269,R,Crew en route,58,Equipment failure,4365,,20260821215007,2026-08-22 02:04:56
445,2026-08-21 18:50:16,,P,Outage,-70.37459107224272,47.41226018117589,R,Crew en route,,NA,6177,,20260821215007,2026-08-22 02:04:56
1,2026-08-21 15:38:06,2026-08-21 22:15:00,P,Outage,-70.15673201273981,46.662653869609116,L,Crew at work,11,Equipment failure,6660,,20260821215007,2026-08-22 02:04:56
1,2026-08-21 15:17:42,2026-08-21 22:15:00,P,Outage,-71.1920275749924,46.28577050031031,L,Crew at work,,NA,7926,,20260821215007,2026-08-22 02:04:56
7,2026-08-21 15:44:46,2026-08-21 22:45:00,P,Outage,-74.26740101122776,46.050772197710224,N,NA,,NA,8401,,20260821215007,2026-08-22 02:04:56
1,2026-08-17 00:59:03,2026-08-22 17:15:00,P,Outage,-73.75382751164358,45.57236856427202,L,Crew at work,58,Equipment failure,1856,,20260821215007,2026-08-22 02:04:56
7,2026-08-21 22:37:53,,P,Outage,-71.27546320420183,48.475856035444394,R,Crew en route,,NA,5757,,20260821225001,2026-08-22 03:05:51
2,2026-08-21 21:33:20,2026-08-21 23:30:00,P,Outage,-71.90643238527875,45.78611146814892,N,NA,,NA,2000,,20260821225001,2026-08-22 03:05:51
4,2026-08-21 21:33:20,2026-08-22 00:00:00,P,Outage,-71.90790694780439,45.78687047867249,R,Crew en route,,NA,2000,,20260821225001,2026-08-22 03:05:51
1,2026-08-21 18:26:59,2026-08-22 15:15:00,P,Outage,-75.89562239930278,45.94415204632726,L,Crew at work,,NA,2618,,20260821225001,2026-08-22 03:05:51
12,2026-08-21 21:44:13,2026-08-21 23:45:00,P,Outage,-73.86787608971602,45.66501971208499,L,Crew at work,11,Equipment failure,1413,,20260821225001,2026-08-22 03:05:51
37,2026-08-21 20:05:10,2026-08-22 00:45:00,P,Outage,-78.10540276733262,48.562102043499415,L,Crew at work,33,Accident or incident,1065,,20260821225001,2026-08-22 03:05:51
3,2026-08-21 20:09:39,2026-08-21 23:45:00,P,Outage,-73.68814994889034,46.28277516282148,L,Crew at work,11,Equipment failure,6363,,20260821225001,2026-08-22 03:05:51
34,2026-08-21 17:43:28,2026-08-22 00:30:00,P,Outage,-74.1482130382304,45.28502951260549,N,NA,,NA,2465,,20260821225001,2026-08-22 03:05:51
445,2026-08-21 18:50:16,2026-08-22 02:15:00,P,Outage,-70.37459107224272,47.41226018117589,R,Crew en route,,NA,6177,,20260821225001,2026-08-22 03:05:51
1,2026-08-21 15:17:42,,P,Outage,-71.1920275749924,46.28577050031031,L,Crew at work,54,Accident or incident,7926,,20260821225001,2026-08-22 03:05:51
1,2026-08-17 00:59:03,2026-08-22 17:15:00,P,Outage,-73.75382751164358,45.57236856427202,L,Crew at work,58,Equipment failure,1856,,20260821225001,2026-08-22 03:05:51
7,2026-08-21 22:37:53,2026-08-22 00:30:00,P,Outage,-71.27546320420183,48.475856035444394,R,Crew en route,,NA,5757,,20260821234013,2026-08-22 03:54:02
2,2026-08-21 23:16:31,2026-08-22 01:15:00,P,Outage,-74.09681429236366,45.25279238227918,N,NA,,NA,5707,,20260821234013,2026-08-22 03:54:02
4,2026-08-21 21:33:20,2026-08-22 00:00:00,P,Outage,-71.90790694780439,45.78687047867249,R,Crew en route,,NA,2000,,20260821234013,2026-08-22 03:54:02
1,2026-08-21 18:26:59,2026-08-22 15:15:00,P,Outage,-75.89562239930278,45.94415204632726,L,Crew at work,,NA,2618,,20260821234013,2026-08-22 03:54:02
37,2026-08-21 20:05:10,2026-08-22 00:45:00,P,Outage,-78.10540276733262,48.562102043499415,L,Crew at work,33,Accident or incident,1065,,20260821234013,2026-08-22 03:54:02
3,2026-08-21 20:09:39,2026-08-21 23:45:00,P,Outage,-73.68814994889034,46.28277516282148,L,Crew at work,11,Equipment failure,6363,,20260821234013,2026-08-22 03:54:02
34,2026-08-21 17:43:28,2026-08-22 00:30:00,P,Outage,-74.1482130382304,45.28502951260549,A,Work assigned,,NA,2465,,20260821234013,2026-08-22 03:54:02
445,2026-08-21 18:50:16,2026-08-22 02:15:00,P,Outage,-70.37459107224272,47.41226018117589,R,Crew en route,,NA,6177,,20260821234013,2026-08-22 03:54:02
1,2026-08-17 00:59:03,2026-08-22 17:15:00,P,Outage,-73.75382751164358,45.57236856427202,L,Crew at work,58,Equipment failure,1856,,20260821234013,2026-08-22 03:54:02
7,2026-08-21 22:37:53,2026-08-22 00:30:00,P,Outage,-71.27546320420183,48.475856035444394,R,Crew en route,,NA,5757,,20260822001019,2026-08-22 04:21:02
2,2026-08-21 23:16:31,2026-08-22 01:15:00,P,Outage,-74.09681429236366,45.25279238227918,N,NA,,NA,5707,,20260822001019,2026-08-22 04:21:02
8,2026-08-21 23:43:15,2026-08-22 01:45:00,P,Outage,-73.4352789892849,45.752371478238494,N,NA,,NA,5482,,20260822001019,2026-08-22 04:21:02
4,2026-08-21 21:33:20,,P,Outage,-71.90790694780439,45.78687047867249,R,Crew en route,,NA,2000,,20260822001019,2026-08-22 04:21:02
1,2026-08-21 18:26:59,2026-08-22 15:15:00,P,Outage,-75.89562239930278,45.94415204632726,L,Crew at work,,NA,2618,,20260822001019,2026-08-22 04:21:02
37,2026-08-21 20:05:10,2026-08-22 00:45:00,P,Outage,-78.10540276733262,48.562102043499415,L,Crew at work,33,Accident or incident,1065,,20260822001019,2026-08-22 04:21:02
3,2026-08-21 20:09:39,,P,Outage,-73.68814994889034,46.28277516282148,L,Crew at work,11,Equipment failure,6363,,20260822001019,2026-08-22 04:21:02
34,2026-08-21 17:43:28,2026-08-22 00:30:00,P,Outage,-74.1482130382304,45.28502951260549,A,Work assigned,,NA,2465,,20260822001019,2026-08-22 04:21:02
445,2026-08-21 18:50:16,2026-08-22 02:15:00,P,Outage,-70.37459107224272,47.41226018117589,R,Crew en route,,NA,6177,,20260822001019,2026-08-22 04:21:02
1,2026-08-17 00:59:03,2026-08-22 17:15:00,P,Outage,-73.75382751164358,45.57236856427202,L,Crew at work,58,Equipment failure,1856,,20260822001019,2026-08-22 04:21:02
8,2026-08-21 23:43:15,2026-08-22 01:45:00,P,Outage,-73.4352789892849,45.752371478238494,N,NA,,NA,5482,,20260822004007,2026-08-22 04:57:04
1,2026-08-21 18:26:59,2026-08-22 15:15:00,P,Outage,-75.89562239930278,45.94415204632726,L,Crew at work,,NA,2618,,20260822004007,2026-08-22 04:57:04
37,2026-08-21 20:05:10,2026-08-22 00:45:00,P,Outage,-78.10540276733262,48.562102043499415,L,Crew at work,33,Accident or incident,1065,,20260822004007,2026-08-22 04:57:04
3,2026-08-21 20:09:39,,P,Outage,-73.68814994889034,46.28277516282148,R,Crew en route,11,Equipment failure,6363,,20260822004007,2026-08-22 04:57:04
445,2026-08-21 18:50:16,2026-08-22 02:15:00,P,Outage,-70.37459107224272,47.41226018117589,R,Crew en route,,NA,6177,,20260822004007,2026-08-22 04:57:04
2,2026-08-21 23:16:31,2026-08-22 02:30:00,P,Outage,-74.09186622362165,45.25798110291881,L,Crew at work,,NA,5707,,20260822004007,2026-08-22 04:57:04
1,2026-08-17 00:59:03,2026-08-22 17:15:00,P,Outage,-73.75382751164358,45.57236856427202,L,Crew at work,58,Equipment failure,1856,,20260822004007,2026-08-22 04:57:04
8,2026-08-21 23:43:15,2026-08-22 01:45:00,P,Outage,-73.4352789892849,45.752371478238494,N,NA,,NA,5482,,20260822010012,2026-08-22 05:17:30
1,2026-08-21 18:26:59,2026-08-22 15:15:00,P,Outage,-75.89562239930278,45.94415204632726,L,Crew at work,,NA,2618,,20260822010012,2026-08-22 05:17:30
37,2026-08-21 20:05:10,,P,Outage,-78.10540276733262,48.562102043499415,L,Crew at work,33,Accident or incident,1065,,20260822010012,2026-08-22 05:17:30
3,2026-08-21 20:09:39,,P,Outage,-73.68814994889034,46.28277516282148,R,Crew en route,11,Equipment failure,6363,,20260822010012,2026-08-22 05:17:30
30,2026-08-22 00:43:19,,P,Outage,-73.48897925369981,45.53718393715072,A,Work assigned,,NA,4410,,20260822010012,2026-08-22 05:17:30
1,2026-08-17 00:59:03,2026-08-22 17:15:00,P,Outage,-73.75382751164358,45.57236856427202,L,Crew at work,58,Equipment failure,1856,,20260822010012,2026-08-22 05:17:30
8,2026-08-21 23:43:15,2026-08-22 04:15:00,P,Outage,-73.4352789892849,45.752371478238494,R,Crew en route,,NA,5482,,20260822014020,2026-08-22 05:50:33
1,2026-08-21 18:26:59,2026-08-22 15:15:00,P,Outage,-75.89562239930278,45.94415204632726,L,Crew at work,,NA,2618,,20260822014020,2026-08-22 05:50:33
3,2026-08-21 20:09:39,,P,Outage,-73.68814994889034,46.28277516282148,R,Crew en route,11,Equipment failure,6363,,20260822014020,2026-08-22 05:50:33
30,2026-08-22 00:43:19,2026-08-22 02:45:00,P,Outage,-73.48897925369981,45.53718393715072,L,Crew at work,,NA,4410,,20260822014020,2026-08-22 05:50:33
1,2026-08-17 00:59:03,2026-08-22 17:15:00,P,Outage,-73.75382751164358,45.57236856427202,L,Crew at work,58,Equipment failure,1856,,20260822014020,2026-08-22 05:50:33
8,2026-08-21 23:43:15,2026-08-22 04:15:00,P,Outage,-73.4352789892849,45.752371478238494,R,Crew en route,,NA,5482,,20260822021008,2026-08-22 06:18:48
1,2026-08-21 18:26:59,2026-08-22 15:15:00,P,Outage,-75.89562239930278,45.94415204632726,L,Crew at work,,NA,2618,,20260822021008,2026-08-22 06:18:48
3,2026-08-21 20:09:39,,P,Outage,-73.68814994889034,46.28277516282148,R,Crew en route,11,Equipment failure,6363,,20260822021008,2026-08-22 06:18:48
1,2026-08-22 01:40:37,2026-08-22 03:45:00,P,Outage,-75.3867502647196,45.529933313063225,N,NA,,NA,4586,,20260822021008,2026-08-22 06:18:48
30,2026-08-22 00:43:19,2026-08-22 02:45:00,P,Outage,-73.48897925369981,45.53718393715072,L,Crew at work,,NA,4410,,20260822021008,2026-08-22 06:18:48
1,2026-08-17 00:59:03,2026-08-22 17:15:00,P,Outage,-73.75382751164358,45.57236856427202,L,Crew at work,58,Equipment failure,1856,,20260822021008,2026-08-22 06:18:48
1,2026-08-21 18:26:59,2026-08-22 15:15:00,P,Outage,-75.89562239930278,45.94415204632726,L,Crew at work,,NA,2618,,20260822033007,2026-08-22 07:43:05
1,2026-08-22 01:40:37,2026-08-22 03:45:00,P,Outage,-75.3867502647196,45.529933313063225,N,NA,,NA,4586,,20260822033007,2026-08-22 07:43:05
6,2026-08-22 02:38:24,2026-08-22 04:30:00,P,Outage,-70.36848957076712,47.45131898772547,R,Crew en route,,NA,7278,,20260822033007,2026-08-22 07:43:05
1,2026-08-17 00:59:03,2026-08-22 17:15:00,P,Outage,-73.75382751164358,45.57236856427202,L,Crew at work,58,Equipment failure,1856,,20260822033007,2026-08-22 07:43:05
1,2026-08-21 18:26:59,2026-08-22 15:15:00,P,Outage,-75.89562239930278,45.94415204632726,L,Crew at work,,NA,2618,,20260822035011,2026-08-22 08:00:21
1,2026-08-22 01:40:37,2026-08-22 07:15:00,P,Outage,-75.3867502647196,45.529933313063225,N,NA,,NA,4586,,20260822035011,2026-08-22 08:00:21
6,2026-08-22 02:38:24,2026-08-22 04:30:00,P,Outage,-70.36848957076712,47.45131898772547,R,Crew en route,,NA,7278,,20260822035011,2026-08-22 08:00:21
1080,2026-08-22 03:31:45,,P,Outage,-76.52646941944164,45.77410033915103,R,Crew en route,44,Accident or incident,4395,,20260822035011,2026-08-22 08:00:21
1,2026-08-17 00:59:03,2026-08-22 17:15:00,P,Outage,-73.75382751164358,45.57236856427202,L,Crew at work,58,Equipment failure,1856,,20260822035011,2026-08-22 08:00:21
1,2026-08-21 18:26:59,2026-08-22 15:15:00,P,Outage,-75.89562239930278,45.94415204632726,L,Crew at work,,NA,2618,,20260822041016,2026-08-22 08:27:12
1,2026-08-22 01:40:37,2026-08-22 07:15:00,P,Outage,-75.3867502647196,45.529933313063225,N,NA,,NA,4586,,20260822041016,2026-08-22 08:27:12
6,2026-08-22 02:38:24,2026-08-22 04:30:00,P,Outage,-70.36848957076712,47.45131898772547,R,Crew en route,,NA,7278,,20260822041016,2026-08-22 08:27:12
6,2026-08-22 03:59:10,,P,Outage,-73.63159337546847,45.467070565594355,R,Crew en route,,NA,1000,,20260822041016,2026-08-22 08:27:12
1080,2026-08-22 03:31:45,2026-08-22 05:30:00,P,Outage,-76.52646941944164,45.77410033915103,R,Crew en route,44,Accident or incident,4395,,20260822041016,2026-08-22 08:27:12
1,2026-08-17 00:59:03,2026-08-22 17:15:00,P,Outage,-73.75382751164358,45.57236856427202,L,Crew at work,58,Equipment failure,1856,,20260822041016,2026-08-22 08:27:12
1,2026-08-21 18:26:59,2026-08-22 15:15:00,P,Outage,-75.89562239930278,45.94415204632726,L,Crew at work,,NA,2618,,20260822044003,2026-08-22 08:55:12
1,2026-08-22 01:40:37,2026-08-22 07:15:00,P,Outage,-75.3867502647196,45.529933313063225,N,NA,,NA,4586,,20260822044003,2026-08-22 08:55:12
6,2026-08-22 02:38:24,,P,Outage,-70.36848957076712,47.45131898772547,R,Crew en route,,NA,7278,,20260822044003,2026-08-22 08:55:12
6,2026-08-22 03:59:10,2026-08-22 06:00:00,P,Outage,-73.63159337546847,45.467070565594355,R,Crew en route,,NA,1000,,20260822044003,2026-08-22 08:55:12
20,2026-08-22 04:33:28,,P,Outage,-73.63457384054978,45.4263154420394,R,Crew en route,,NA,0107,,20260822044003,2026-08-22 08:55:12
1,2026-08-17 00:59:03,2026-08-22 17:15:00,P,Outage,-73.75382751164358,45.57236856427202,L,Crew at work,58,Equipment failure,1856,,20260822044003,2026-08-22 08:55:12
1,2026-08-21 18:26:59,2026-08-22 15:15:00,P,Outage,-75.89562239930278,45.94415204632726,L,Crew at work,,NA,2618,,20260822050008,2026-08-22 09:16:37
1,2026-08-22 01:40:37,2026-08-22 07:15:00,P,Outage,-75.3867502647196,45.529933313063225,N,NA,,NA,4586,,20260822050008,2026-08-22 09:16:37
6,2026-08-22 02:38:24,,P,Outage,-70.36848957076712,47.45131898772547,R,Crew en route,,NA,7278,,20260822050008,2026-08-22 09:16:37
6,2026-08-22 03:59:10,2026-08-22 06:00:00,P,Outage,-73.63159337546847,45.467070565594355,R,Crew en route,,NA,1000,,20260822050008,2026-08-22 09:16:37
20,2026-08-22 04:33:28,2026-08-22 06:30:00,P,Outage,-73.63457384054978,45.4263154420394,R,Crew en route,,NA,0107,,20260822050008,2026-08-22 09:16:37
4,2026-08-22 04:49:26,,P,Outage,-76.52996288100499,45.86365434787558,N,NA,,NA,3861,,20260822050008,2026-08-22 09:16:37
1,2026-08-17 00:59:03,2026-08-22 17:15:00,P,Outage,-73.75382751164358,45.57236856427202,L,Crew at work,58,Equipment failure,1856,,20260822050008,2026-08-22 09:16:37
1,2026-08-21 18:26:59,2026-08-22 15:15:00,P,Outage,-75.89562239930278,45.94415204632726,L,Crew at work,,NA,2618,,20260822053015,2026-08-22 09:44:03
1,2026-08-22 01:40:37,2026-08-22 07:15:00,P,Outage,-75.3867502647196,45.529933313063225,N,NA,,NA,4586,,20260822053015,2026-08-22 09:44:03
6,2026-08-22 02:38:24,,P,Outage,-70.36848957076712,47.45131898772547,R,Crew en route,,NA,7278,,20260822053015,2026-08-22 09:44:03
20,2026-08-22 04:33:28,2026-08-22 06:30:00,P,Outage,-73.63457384054978,45.4263154420394,R,Crew en route,,NA,0107,,20260822053015,2026-08-22 09:44:03
4,2026-08-22 04:49:26,2026-08-22 06:45:00,P,Outage,-76.52996288100499,45.86365434787558,N,NA,,NA,3861,,20260822053015,2026-08-22 09:44:03
3,2026-08-22 01:37:03,2026-08-22 07:00:00,P,Outage,-71.8033183436399,46.634558777331584,N,NA,,NA,8635,,20260822053015,2026-08-22 09:44:03
66,2026-08-22 05:09:56,,I,Interruption,-67.42555050384024,48.46353251789678,L,Crew at work,62,NA,1068,,20260822053015,2026-08-22 09:44:03
1,2026-08-17 00:59:03,2026-08-22 17:15:00,P,Outage,-73.75382751164358,45.57236856427202,L,Crew at work,58,Equipment failure,1856,,20260822053015,2026-08-22 09:44:03
1,2026-08-21 18:26:59,2026-08-22 15:15:00,P,Outage,-75.89562239930278,45.94415204632726,L,Crew at work,,NA,2618,,20260822055019,2026-08-22 09:59:24
1,2026-08-22 01:40:37,2026-08-22 07:15:00,P,Outage,-75.3867502647196,45.529933313063225,N,NA,,NA,4586,,20260822055019,2026-08-22 09:59:24
6,2026-08-22 02:38:24,,P,Outage,-70.36848957076712,47.45131898772547,R,Crew en route,,NA,7278,,20260822055019,2026-08-22 09:59:24
3,2026-08-22 01:37:03,2026-08-22 07:00:00,P,Outage,-71.8033183436399,46.634558777331584,N,NA,,NA,8635,,20260822055019,2026-08-22 09:59:24
66,2026-08-22 05:09:56,2026-08-22 07:15:00,I,Interruption,-67.42555050384024,48.46353251789678,L,Crew at work,62,NA,1068,,20260822055019,2026-08-22 09:59:24
1,2026-08-17 00:59:03,2026-08-22 17:15:00,P,Outage,-73.75382751164358,45.57236856427202,L,Crew at work,58,Equipment failure,1856,,20260822055019,2026-08-22 09:59:24
1,2026-08-21 18:26:59,2026-08-22 15:15:00,P,Outage,-75.89562239930278,45.94415204632726,L,Crew at work,,NA,2618,,20260822061004,2026-08-22 10:18:46
41,2026-08-22 05:51:23,,P,Outage,-69.5391441785508,47.839458021416064,N,NA,,NA,5575,,20260822061004,2026-08-22 10:18:46
43,2026-08-22 05:45:16,2026-08-22 08:00:00,P,Outage,-73.64350538675096,45.52941855324528,N,NA,,NA,1000,,20260822061004,2026-08-22 10:18:46
1,2026-08-22 01:40:37,2026-08-22 07:15:00,P,Outage,-75.3867502647196,45.529933313063225,N,NA,,NA,4586,,20260822061004,2026-08-22 10:18:46
6,2026-08-22 02:38:24,,P,Outage,-70.36848957076712,47.45131898772547,R,Crew en route,,NA,7278,,20260822061004,2026-08-22 10:18:46
3,2026-08-22 01:37:03,2026-08-22 07:00:00,P,Outage,-71.8033183436399,46.634558777331584,N,NA,,NA,8635,,20260822061004,2026-08-22 10:18:46
66,2026-08-22 05:09:56,2026-08-22 07:15:00,I,Interruption,-67.42555050384024,48.46353251789678,L,Crew at work,62,NA,1068,,20260822061004,2026-08-22 10:18:46
1,2026-08-17 00:59:03,2026-08-22 17:15:00,P,Outage,-73.75382751164358,45.57236856427202,L,Crew at work,58,Equipment failure,1856,,20260822061004,2026-08-22 10:18:46
1,2026-08-21 18:26:59,2026-08-22 15:15:00,P,Outage,-75.89562239930278,45.94415204632726,L,Crew at work,,NA,2618,,20260822063009,2026-08-22 10:46:32
6,2026-08-22 06:14:15,,P,Outage,-71.203299657822555,46.99513638582605,N,NA,,NA,8545,,20260822063009,2026-08-22 10:46:32
1,2026-08-22 05:16:10,2026-08-22 12:15:00,P,Outage,-71.2513980380884,46.46617856342004,A,Work assigned,54,Accident or incident,7698,,20260822063009,2026-08-22 10:46:32
7,2026-08-22 06:10:25,,P,Outage,-69.9060579236541,47.452493812610925,A,Work assigned,,NA,7881,,20260822063009,2026-08-22 10:46:32
41,2026-08-22 05:51:23,2026-08-22 08:00:00,P,Outage,-69.5391441785508,47.839458021416064,R,Crew en route,,NA,5575,,20260822063009,2026-08-22 10:46:32
16,2026-08-22 06:12:17,,P,Outage,-73.50007229055406,45.48404526914733,A,Work assigned,,NA,7335,,20260822063009,2026-08-22 10:46:32
1,2026-08-22 01:40:37,2026-08-22 07:15:00,P,Outage,-75.3867502647196,45.529933313063225,N,NA,,NA,4586,,20260822063009,2026-08-22 10:46:32
6,2026-08-22 02:38:24,,P,Outage,-70.36848957076712,47.45131898772547,R,Crew en route,,NA,7278,,20260822063009,2026-08-22 10:46:32
3,2026-08-22 01:37:03,2026-08-22 07:00:00,P,Outage,-71.8033183436399,46.634558777331584,R,Crew en route,,NA,8635,,20260822063009,2026-08-22 10:46:32
66,2026-08-22 05:09:56,2026-08-22 07:15:00,I,Interruption,-67.42555050384024,48.46353251789678,L,Crew at work,62,NA,1068,,20260822063009,2026-08-22 10:46:32
1,2026-08-17 00:59:03,2026-08-22 17:15:00,P,Outage,-73.75382751164358,45.57236856427202,L,Crew at work,58,Equipment failure,1856,,20260822063009,2026-08-22 10:46:32
1,2026-08-21 18:26:59,2026-08-22 15:15:00,P,Outage,-75.89562239930278,45.94415204632726,L,Crew at work,,NA,2618,,20260822065013,2026-08-22 11:00:52
1,2026-08-22 03:32:36,2026-08-22 08:30:00,P,Outage,-74.05406789857197,45.28077045462545,N,NA,,NA,8206,,20260822065013,2026-08-22 11:00:52
66,2026-08-22 05:09:56,2026-08-22 07:45:00,I,Interruption,-67.42555050384024,48.46353251789678,L,Crew at work,62,NA,1068,,20260822065013,2026-08-22 11:00:52
6,2026-08-22 06:14:15,2026-08-22 08:15:00,P,Outage,-71.203299657822555,46.99513638582605,R,Crew en route,,NA,8545,,20260822065013,2026-08-22 11:00:52
1,2026-08-22 05:16:10,2026-08-22 12:15:00,P,Outage,-71.2513980380884,46.46617856342004,A,Work assigned,54,Accident or incident,7698,,20260822065013,2026-08-22 11:00:52
7,2026-08-22 06:10:25,2026-08-22 08:15:00,P,Outage,-69.9060579236541,47.452493812610925,A,Work assigned,,NA,7881,,20260822065013,2026-08-22 11:00:52
41,2026-08-22 05:51:23,2026-08-22 08:00:00,P,Outage,-69.5391441785508,47.839458021416064,R,Crew en route,,NA,5575,,20260822065013,2026-08-22 11:00:52
16,2026-08-22 06:12:17,2026-08-22 08:15:00,P,Outage,-73.50007229055406,45.48404526914733,A,Work assigned,,NA,7335,,20260822065013,2026-08-22 11:00:52
1,2026-08-22 01:40:37,2026-08-22 07:15:00,P,Outage,-75.3867502647196,45.529933313063225,N,NA,,NA,4586,,20260822065013,2026-08-22 11:00:52
6,2026-08-22 02:38:24,,P,Outage,-70.36848957076712,47.45131898772547,R,Crew en route,,NA,7278,,20260822065013,2026-08-22 11:00:52
3,2026-08-22 01:37:03,2026-08-22 07:00:00,P,Outage,-71.8033183436399,46.634558777331584,R,Crew en route,,NA,8635,,20260822065013,2026-08-22 11:00:52
1,2026-08-17 00:59:03,2026-08-22 17:15:00,P,Outage,-73.75382751164358,45.57236856427202,L,Crew at work,58,Equipment failure,1856,,20260822065013,2026-08-22 11:00:52
11,2026-08-22 06:52:09,,P,Outage,-73.10424726886522,46.03230938347079,A,Work assigned,,NA,5775,,20260822071017,2026-08-22 11:21:15
6,2026-08-22 06:56:32,,P,Outage,-61.92930851924816,47.375706908110146,R,Crew en route,,NA,3882,,20260822071017,2026-08-22 11:21:15
2,2026-08-22 03:14:37,2026-08-22 09:00:00,P,Outage,-79.32638882110487,48.17201125570387,A,Work assigned,,NA,1104,,20260822071017,2026-08-22 11:21:15
1,2026-08-21 18:26:59,2026-08-22 15:15:00,P,Outage,-75.89562239930278,45.94415204632726,L,Crew at work,,NA,2618,,20260822071017,2026-08-22 11:21:15
1,2026-08-22 03:32:36,2026-08-22 08:30:00,P,Outage,-74.05406789857197,45.28077045462545,R,Crew en route,,NA,8206,,20260822071017,2026-08-22 11:21:15
66,2026-08-22 05:09:56,2026-08-22 07:45:00,I,Interruption,-67.42555050384024,48.46353251789678,L,Crew at work,62,NA,1068,,20260822071017,2026-08-22 11:21:15
10,2026-08-22 06:45:45,2026-08-22 08:45:00,P,Outage,-73.64711237424525,45.52142398690932,N,NA,,NA,0115,,20260822071017,2026-08-22 11:21:15
6,2026-08-22 06:14:15,2026-08-22 08:15:00,P,Outage,-71.203299657822555,46.99513638582605,R,Crew en route,,NA,8545,,20260822071017,2026-08-22 11:21:15
1,2026-08-22 05:16:10,2026-08-22 12:15:00,P,Outage,-71.2513980380884,46.46617856342004,A,Work assigned,54,Accident or incident,7698,,20260822071017,2026-08-22 11:21:15
7,2026-08-22 06:10:25,2026-08-22 08:15:00,P,Outage,-69.9060579236541,47.452493812610925,A,Work assigned,,NA,7881,,20260822071017,2026-08-22 11:21:15
41,2026-08-22 05:51:23,2026-08-22 08:00:00,P,Outage,-69.5391441785508,47.839458021416064,R,Crew en route,,NA,5575,,20260822071017,2026-08-22 11:21:15
16,2026-08-22 06:12:17,2026-08-22 08:15:00,P,Outage,-73.50007229055406,45.48404526914733,A,Work assigned,,NA,7335,,20260822071017,2026-08-22 11:21:15
1,2026-08-22 01:40:37,2026-08-22 07:15:00,P,Outage,-75.3867502647196,45.529933313063225,R,Crew en route,,NA,4586,,20260822071017,2026-08-22 11:21:15
6,2026-08-22 02:38:24,,P,Outage,-70.36848957076712,47.45131898772547,R,Crew en route,,NA,7278,,20260822071017,2026-08-22 11:21:15
1,2026-08-22 06:43:39,2026-08-22 09:00:00,P,Outage,-65.10052648990259,49.22542537265638,R,Crew en route,,NA,2456,,20260822071017,2026-08-22 11:21:15
3,2026-08-22 01:37:03,,P,Outage,-71.8033183436399,46.634558777331584,R,Crew en route,,NA,8635,,20260822071017,2026-08-22 11:21:15
1,2026-08-17 00:59:03,2026-08-22 17:15:00,P,Outage,-73.75382751164358,45.57236856427202,L,Crew at work,58,Equipment failure,1856,,20260822071017,2026-08-22 11:21:15
11,2026-08-22 06:52:09,2026-08-22 08:45:00,P,Outage,-73.10424726886522,46.03230938347079,A,Work assigned,,NA,5775,,20260822073003,2026-08-22 11:42:01
2,2026-08-22 03:14:37,2026-08-22 09:00:00,P,Outage,-79.32638882110487,48.17201125570387,A,Work assigned,,NA,1104,,20260822073003,2026-08-22 11:42:01
1,2026-08-21 18:26:59,2026-08-22 15:15:00,P,Outage,-75.89562239930278,45.94415204632726,L,Crew at work,,NA,2618,,20260822073003,2026-08-22 11:42:01
1,2026-08-22 03:32:36,2026-08-22 08:30:00,P,Outage,-74.05406789857197,45.28077045462545,R,Crew en route,,NA,8206,,20260822073003,2026-08-22 11:42:01
10,2026-08-22 06:45:45,2026-08-22 08:45:00,P,Outage,-73.64711237424525,45.52142398690932,R,Crew en route,,NA,0115,,20260822073003,2026-08-22 11:42:01
6,2026-08-22 06:14:15,2026-08-22 08:15:00,P,Outage,-71.203299657822555,46.99513638582605,R,Crew en route,,NA,8545,,20260822073003,2026-08-22 11:42:01
1,2026-08-22 05:16:10,2026-08-22 12:15:00,P,Outage,-71.2513980380884,46.46617856342004,A,Work assigned,54,Accident or incident,7698,,20260822073003,2026-08-22 11:42:01
7,2026-08-22 06:10:25,2026-08-22 08:15:00,P,Outage,-69.9060579236541,47.452493812610925,A,Work assigned,,NA,7881,,20260822073003,2026-08-22 11:42:01
41,2026-08-22 05:51:23,2026-08-22 08:00:00,P,Outage,-69.5391441785508,47.839458021416064,R,Crew en route,,NA,5575,,20260822073003,2026-08-22 11:42:01
16,2026-08-22 06:12:17,2026-08-22 08:15:00,P,Outage,-73.50007229055406,45.48404526914733,A,Work assigned,,NA,7335,,20260822073003,2026-08-22 11:42:01
1,2026-08-22 01:40:37,,P,Outage,-75.3867502647196,45.529933313063225,R,Crew en route,,NA,4586,,20260822073003,2026-08-22 11:42:01
6,2026-08-22 02:38:24,,P,Outage,-70.36848957076712,47.45131898772547,R,Crew en route,,NA,7278,,20260822073003,2026-08-22 11:42:01
1,2026-08-22 06:43:39,2026-08-22 09:00:00,P,Outage,-65.10052648990259,49.22542537265638,R,Crew en route,,NA,2456,,20260822073003,2026-08-22 11:42:01
3,2026-08-22 01:37:03,,P,Outage,-71.8033183436399,46.634558777331584,R,Crew en route,,NA,8635,,20260822073003,2026-08-22 11:42:01
1112,2026-08-22 07:19:07,,P,Outage,-73.42223844801353,45.59486664544582,N,NA,,NA,1460,,20260822073003,2026-08-22 11:42:01
4566,2026-08-22 07:24:54,,P,Outage,-73.63908916246537,45.48044679969843,N,NA,,NA,0217,,20260822073003,2026-08-22 11:42:01
3,2026-08-22 07:19:15,2026-08-22 11:30:00,I,Interruption,-61.79513820931953,50.13723342807211,L,Crew at work,63,NA,5308,,20260822073003,2026-08-22 11:42:01
66,2026-08-22 07:19:04,,P,Outage,-73.39586754661795,45.620545978596454,N,NA,,NA,1460,,20260822073003,2026-08-22 11:42:01
1,2026-08-17 00:59:03,2026-08-22 17:15:00,P,Outage,-73.75382751164358,45.57236856427202,L,Crew at work,58,Equipment failure,1856,,20260822073003,2026-08-22 11:42:01
11,2026-08-22 06:52:09,2026-08-22 08:45:00,P,Outage,-73.10424726886522,46.03230938347079,A,Work assigned,,NA,5775,,20260822074005,2026-08-22 11:57:05
2,2026-08-22 03:14:37,2026-08-22 09:00:00,P,Outage,-79.32638882110487,48.17201125570387,A,Work assigned,,NA,1104,,20260822074005,2026-08-22 11:57:05
1,2026-08-21 18:26:59,2026-08-22 15:15:00,P,Outage,-75.89562239930278,45.94415204632726,L,Crew at work,,NA,2618,,20260822074005,2026-08-22 11:57:05
1,2026-08-22 03:32:36,2026-08-22 08:30:00,P,Outage,-74.05406789857197,45.28077045462545,R,Crew en route,,NA,8206,,20260822074005,2026-08-22 11:57:05
10,2026-08-22 06:45:45,2026-08-22 08:45:00,P,Outage,-73.64711237424525,45.52142398690932,R,Crew en route,,NA,0115,,20260822074005,2026-08-22 11:57:05
6,2026-08-22 06:14:15,2026-08-22 08:15:00,P,Outage,-71.203299657822555,46.99513638582605,R,Crew en route,,NA,8545,,20260822074005,2026-08-22 11:57:05
1,2026-08-22 05:16:10,2026-08-22 12:15:00,P,Outage,-71.2513980380884,46.46617856342004,A,Work assigned,54,Accident or incident,7698,,20260822074005,2026-08-22 11:57:05
7,2026-08-22 06:10:25,2026-08-22 08:15:00,P,Outage,-69.9060579236541,47.452493812610925,R,Crew en route,,NA,7881,,20260822074005,2026-08-22 11:57:05
16,2026-08-22 06:12:17,2026-08-22 08:15:00,P,Outage,-73.50007229055406,45.48404526914733,A,Work assigned,,NA,7335,,20260822074005,2026-08-22 11:57:05
1,2026-08-22 01:40:37,,P,Outage,-75.3867502647196,45.529933313063225,R,Crew en route,,NA,4586,,20260822074005,2026-08-22 11:57:05
6,2026-08-22 02:38:24,,P,Outage,-70.36848957076712,47.45131898772547,R,Crew en route,,NA,7278,,20260822074005,2026-08-22 11:57:05
1,2026-08-22 06:43:39,2026-08-22 09:00:00,P,Outage,-65.10052648990259,49.22542537265638,R,Crew en route,,NA,2456,,20260822074005,2026-08-22 11:57:05
3,2026-08-22 01:37:03,,P,Outage,-71.8033183436399,46.634558777331584,R,Crew en route,,NA,8635,,20260822074005,2026-08-22 11:57:05
8,2026-08-22 07:27:16,,P,Outage,-73.92453440927461,45.38779670818922,N,NA,,NA,4983,,20260822074005,2026-08-22 11:57:05
10,2026-08-22 07:28:57,,P,Outage,-71.34534121629004,46.8838400775602,R,Crew en route,,NA,6564,,20260822074005,2026-08-22 11:57:05
4,2026-08-22 06:00:01,2026-08-22 09:30:00,P,Outage,-65.89285227154407,48.25428303555868,A,Work assigned,,NA,7317,,20260822074005,2026-08-22 11:57:05
1,2026-08-22 07:24:16,,P,Outage,-68.43738582285,48.31626155335233,R,Crew en route,,NA,7695,,20260822074005,2026-08-22 11:57:05
1112,2026-08-22 07:19:07,,P,Outage,-73.42223844801353,45.59486664544582,N,NA,,NA,1460,,20260822074005,2026-08-22 11:57:05
4566,2026-08-22 07:24:54,,P,Outage,-73.63908916246537,45.48044679969843,N,NA,,NA,0217,,20260822074005,2026-08-22 11:57:05
3,2026-08-22 07:19:15,2026-08-22 11:30:00,I,Interruption,-61.79513820931953,50.13723342807211,L,Crew at work,63,NA,5308,,20260822074005,2026-08-22 11:57:05
22,2026-08-22 07:19:04,2026-08-22 09:15:00,P,Outage,-73.40086141941124,45.616804385169466,N,NA,,NA,1460,,20260822074005,2026-08-22 11:57:05
44,2026-08-22 07:19:04,2026-08-22 09:15:00,P,Outage,-73.3820195076658,45.62922406449578,N,NA,,NA,9326,,20260822074005,2026-08-22 11:57:05
1,2026-08-17 00:59:03,2026-08-22 17:15:00,P,Outage,-73.75382751164358,45.57236856427202,L,Crew at work,58,Equipment failure,1856,,20260822074005,2026-08-22 11:57:05
2,2026-08-22 03:14:37,2026-08-22 09:00:00,P,Outage,-79.32638882110487,48.17201125570387,A,Work assigned,,NA,1104,,20260822080010,2026-08-22 12:15:32
1,2026-08-21 18:26:59,2026-08-22 15:15:00,P,Outage,-75.89562239930278,45.94415204632726,L,Crew at work,,NA,2618,,20260822080010,2026-08-22 12:15:32
1,2026-08-22 03:32:36,2026-08-22 08:30:00,P,Outage,-74.05406789857197,45.28077045462545,R,Crew en route,,NA,8206,,20260822080010,2026-08-22 12:15:32
10,2026-08-22 06:45:45,2026-08-22 08:45:00,P,Outage,-73.64711237424525,45.52142398690932,R,Crew en route,,NA,0115,,20260822080010,2026-08-22 12:15:32
6,2026-08-22 06:14:15,2026-08-22 08:15:00,P,Outage,-71.203299657822555,46.99513638582605,R,Crew en route,,NA,8545,,20260822080010,2026-08-22 12:15:32
1,2026-08-22 05:16:10,2026-08-22 12:15:00,P,Outage,-71.2513980380884,46.46617856342004,A,Work assigned,54,Accident or incident,7698,,20260822080010,2026-08-22 12:15:32
7,2026-08-22 06:10:25,2026-08-22 08:15:00,P,Outage,-69.9060579236541,47.452493812610925,R,Crew en route,,NA,7881,,20260822080010,2026-08-22 12:15:32
16,2026-08-22 06:12:17,2026-08-22 08:15:00,P,Outage,-73.50007229055406,45.48404526914733,R,Crew en route,,NA,7335,,20260822080010,2026-08-22 12:15:32
1,2026-08-22 01:40:37,,P,Outage,-75.3867502647196,45.529933313063225,R,Crew en route,,NA,4586,,20260822080010,2026-08-22 12:15:32
6,2026-08-22 02:38:24,,P,Outage,-70.36848957076712,47.45131898772547,R,Crew en route,,NA,7278,,20260822080010,2026-08-22 12:15:32
1,2026-08-22 06:43:39,2026-08-22 09:00:00,P,Outage,-65.10052648990259,49.22542537265638,R,Crew en route,,NA,2456,,20260822080010,2026-08-22 12:15:32
3,2026-08-22 01:37:03,,P,Outage,-71.8033183436399,46.634558777331584,R,Crew en route,,NA,8635,,20260822080010,2026-08-22 12:15:32
8,2026-08-22 07:27:16,2026-08-22 09:30:00,P,Outage,-73.92453440927461,45.38779670818922,N,NA,,NA,4983,,20260822080010,2026-08-22 12:15:32
10,2026-08-22 07:28:57,2026-08-22 09:30:00,P,Outage,-71.34534121629004,46.8838400775602,R,Crew en route,,NA,6564,,20260822080010,2026-08-22 12:15:32
4,2026-08-22 06:00:01,2026-08-22 09:30:00,P,Outage,-65.89285227154407,48.25428303555868,A,Work assigned,,NA,7317,,20260822080010,2026-08-22 12:15:32
1,2026-08-22 07:24:16,2026-08-22 09:30:00,P,Outage,-68.43738582285,48.31626155335233,R,Crew en route,,NA,7695,,20260822080010,2026-08-22 12:15:32
3,2026-08-22 07:19:15,2026-08-22 11:30:00,I,Interruption,-61.79513820931953,50.13723342807211,L,Crew at work,63,NA,5308,,20260822080010,2026-08-22 12:15:32
114,2026-08-22 07:45:38,,P,Outage,-71.35145917068452,46.753865290083574,N,NA,,NA,6687,,20260822080010,2026-08-22 12:15:32
27,2026-08-22 07:34:58,2026-08-22 09:30:00,P,Outage,-73.56062742400445,45.40043239337123,N,NA,,NA,8554,,20260822080010,2026-08-22 12:15:32
44,2026-08-22 07:19:04,2026-08-22 09:15:00,P,Outage,-73.3820195076658,45.62922406449578,N,NA,,NA,9326,,20260822080010,2026-08-22 12:15:32
34,2026-08-22 07:34:36,2026-08-22 09:45:00,P,Outage,-71.0448465525794,48.40353409010218,A,Work assigned,,NA,1850,,20260822080010,2026-08-22 12:15:32
8,2026-08-22 07:57:21,,P,Outage,-77.75699872675928,55.27570175739003,N,NA,34,Accident or incident,5356,,20260822080010,2026-08-22 12:15:32
1,2026-08-17 00:59:03,2026-08-22 17:15:00,P,Outage,-73.75382751164358,45.57236856427202,L,Crew at work,58,Equipment failure,1856,,20260822080010,2026-08-22 12:15:32
3,2026-08-22 08:46:39,,P,Outage,-73.87248567086246,45.29942151170989,L,Crew at work,,NA,1290,,20260822085001,2026-08-22 13:00:42
272,2026-08-22 03:14:37,2026-08-22 10:15:00,P,Outage,-79.33970169511711,48.175093330738434,L,Crew at work,11,Equipment failure,1104,,20260822085001,2026-08-22 13:00:42
1,2026-08-21 18:26:59,2026-08-22 15:15:00,P,Outage,-75.89562239930278,45.94415204632726,L,Crew at work,,NA,2618,,20260822085001,2026-08-22 13:00:42
1,2026-08-22 03:32:36,2026-08-22 09:45:00,P,Outage,-74.05406789857197,45.28077045462545,L,Crew at work,,NA,8206,,20260822085001,2026-08-22 13:00:42
117,2026-08-22 08:33:14,,P,Outage,-74.38078083915123,45.7202034252656,R,Crew en route,,NA,1796,,20260822085001,2026-08-22 13:00:42
6,2026-08-22 06:14:15,,P,Outage,-71.203299657822555,46.99513638582605,R,Crew en route,,NA,8545,,20260822085001,2026-08-22 13:00:42
1,2026-08-22 05:16:10,2026-08-22 12:15:00,P,Outage,-71.2513980380884,46.46617856342004,R,Crew en route,54,Accident or incident,7698,,20260822085001,2026-08-22 13:00:42
6,2026-08-22 02:38:24,,P,Outage,-70.36848957076712,47.45131898772547,R,Crew en route,,NA,7278,,20260822085001,2026-08-22 13:00:42
1,2026-08-22 06:43:39,2026-08-22 09:00:00,P,Outage,-65.10052648990259,49.22542537265638,R,Crew en route,,NA,2456,,20260822085001,2026-08-22 13:00:42
8,2026-08-22 07:27:16,2026-08-22 09:30:00,P,Outage,-73.92453440927461,45.38779670818922,R,Crew en route,,NA,4983,,20260822085001,2026-08-22 13:00:42
10,2026-08-22 07:28:57,2026-08-22 09:30:00,P,Outage,-71.34534121629004,46.8838400775602,R,Crew en route,,NA,6564,,20260822085001,2026-08-22 13:00:42
1,2026-08-22 07:24:16,2026-08-22 09:30:00,P,Outage,-68.43738582285,48.31626155335233,R,Crew en route,,NA,7695,,20260822085001,2026-08-22 13:00:42
3,2026-08-22 07:19:15,2026-08-22 11:30:00,I,Interruption,-61.79513820931953,50.13723342807211,L,Crew at work,63,NA,5308,,20260822085001,2026-08-22 13:00:42
114,2026-08-22 07:45:38,2026-08-22 09:45:00,P,Outage,-71.35145917068452,46.753865290083574,N,NA,,NA,6687,,20260822085001,2026-08-22 13:00:42
27,2026-08-22 07:34:58,2026-08-22 09:30:00,P,Outage,-73.56062742400445,45.40043239337123,N,NA,,NA,8554,,20260822085001,2026-08-22 13:00:42
44,2026-08-22 07:19:04,2026-08-22 09:15:00,P,Outage,-73.3820195076658,45.62922406449578,R,Crew en route,,NA,9326,,20260822085001,2026-08-22 13:00:42
34,2026-08-22 07:34:36,2026-08-22 09:45:00,P,Outage,-71.0448465525794,48.40353409010218,A,Work assigned,,NA,1850,,20260822085001,2026-08-22 13:00:42
1,2026-08-22 08:26:43,2026-08-22 10:30:00,P,Outage,-73.73397728310383,45.47165369579459,L,Crew at work,,NA,0223,,20260822085001,2026-08-22 13:00:42
1,2026-08-22 08:08:30,2026-08-22 10:00:00,P,Outage,-73.66662049080415,45.5108758804982,R,Crew en route,,NA,0121,,20260822085001,2026-08-22 13:00:42
1,2026-03-17 18:16:09,2026-08-22 16:15:00,P,Outage,-73.73393922688408,45.47162874633861,L,Crew at work,57,Accident or incident,0223,,20260822085001,2026-08-22 13:00:42
1,2026-08-22 07:15:12,2026-08-22 10:30:00,P,Outage,-72.68042170035324,45.361808080165645,A,Work assigned,,NA,2423,,20260822085001,2026-08-22 13:00:42
8,2026-08-22 07:57:21,2026-08-22 10:00:00,P,Outage,-77.75699872618026,55.27570175767954,N,NA,34,Accident or incident,5356,,20260822085001,2026-08-22 13:00:42
1,2026-08-22 08:11:25,2026-08-22 12:15:00,I,Interruption,-73.72086397418394,45.57327471241581,L,Crew at work,67,NA,1856,,20260822085001,2026-08-22 13:00:42
4,2026-08-22 08:09:06,2026-08-22 10:15:00,P,Outage,-74.0200366855859,45.83585222071327,A,Work assigned,,NA,4152,,20260822085001,2026-08-22 13:00:42
1,2026-08-22 08:07:34,2026-08-22 16:15:00,I,Interruption,-73.72320037059575,45.54590639110778,L,Crew at work,61,NA,4266,,20260822085001,2026-08-22 13:00:42
7,2026-08-22 08:10:53,2026-08-22 10:15:00,P,Outage,-73.66880976315723,45.58904712772155,A,Work assigned,,NA,2180,,20260822085001,2026-08-22 13:00:42
7,2026-08-22 08:34:53,,P,Outage,-70.85599746175619,48.313913884401785,N,NA,,NA,5329,,20260822085001,2026-08-22 13:00:42
10,2026-08-22 08:37:23,,P,Outage,-71.3893045184219,46.853443626169494,N,NA,,NA,5411,,20260822085001,2026-08-22 13:00:42
1,2026-08-17 00:59:03,2026-08-22 17:15:00,P,Outage,-73.75382751164358,45.57236856427202,L,Crew at work,58,Equipment failure,1856,,20260822085001,2026-08-22 13:00:42
5,2026-08-22 09:10:10,,P,Outage,-74.07085698011004,45.76109526247526,R,Crew en route,,NA,6357,,20260822092008,2026-08-22 13:31:45
206,2026-08-22 09:15:31,,P,Outage,-71.16615130329865,46.891233023337215,N,NA,,NA,1302,,20260822092008,2026-08-22 13:31:45
272,2026-08-22 03:14:37,2026-08-22 10:15:00,P,Outage,-79.33970169511711,48.175093330738434,L,Crew at work,11,Equipment failure,1104,,20260822092008,2026-08-22 13:31:45
34,2026-08-22 08:51:25,2026-08-22 10:45:00,P,Outage,-74.1482130382304,45.28502951260549,N,NA,,NA,2465,,20260822092008,2026-08-22 13:31:45
1,2026-08-21 18:26:59,2026-08-22 15:15:00,P,Outage,-75.89562239930278,45.94415204632726,L,Crew at work,,NA,2618,,20260822092008,2026-08-22 13:31:45
1,2026-08-22 03:32:36,2026-08-22 13:45:00,P,Outage,-74.05406789857197,45.28077045462545,A,Work assigned,,NA,8206,,20260822092008,2026-08-22 13:31:45
117,2026-08-22 08:33:14,2026-08-22 10:45:00,P,Outage,-74.38078083915123,45.7202034252656,R,Crew en route,,NA,1796,,20260822092008,2026-08-22 13:31:45
1,2026-08-22 05:16:10,2026-08-22 12:15:00,P,Outage,-71.2513980380884,46.46617856342004,R,Crew en route,54,Accident or incident,7698,,20260822092008,2026-08-22 13:31:45
1,2026-08-22 08:52:42,2026-08-22 10:45:00,P,Outage,-72.76224005300537,45.85707316438176,R,Crew en route,,NA,6945,,20260822092008,2026-08-22 13:31:45
2,2026-08-22 09:01:12,2026-08-22 12:15:00,I,Interruption,-67.44248899496839,48.4803683374798,L,Crew at work,62,NA,1068,,20260822092008,2026-08-22 13:31:45
6,2026-08-22 02:38:24,,P,Outage,-70.36848957076712,47.45131898772547,R,Crew en route,,NA,7278,,20260822092008,2026-08-22 13:31:45
8,2026-08-22 07:27:16,2026-08-22 10:45:00,P,Outage,-73.92453440927461,45.38779670818922,R,Crew en route,,NA,4983,,20260822092008,2026-08-22 13:31:45
3,2026-08-22 07:19:15,2026-08-22 11:30:00,I,Interruption,-61.79513820931953,50.13723342807211,L,Crew at work,63,NA,5308,,20260822092008,2026-08-22 13:31:45
114,2026-08-22 07:45:38,2026-08-22 09:45:00,P,Outage,-71.35145917068452,46.753865290083574,R,Crew en route,,NA,6687,,20260822092008,2026-08-22 13:31:45
27,2026-08-22 07:34:58,2026-08-22 09:30:00,P,Outage,-73.56062742400445,45.40043239337123,R,Crew en route,,NA,8554,,20260822092008,2026-08-22 13:31:45
44,2026-08-22 07:19:04,2026-08-22 11:15:00,P,Outage,-73.3820195076658,45.62922406449578,R,Crew en route,,NA,9326,,20260822092008,2026-08-22 13:31:45
34,2026-08-22 07:34:36,2026-08-22 09:45:00,P,Outage,-71.0448465525794,48.40353409010218,A,Work assigned,,NA,1850,,20260822092008,2026-08-22 13:31:45
1,2026-08-22 08:26:43,2026-08-22 10:30:00,P,Outage,-73.73397728310383,45.47165369579459,L,Crew at work,,NA,0223,,20260822092008,2026-08-22 13:31:45
1,2026-08-22 08:08:30,2026-08-22 10:00:00,P,Outage,-73.66662049080415,45.5108758804982,R,Crew en route,,NA,0121,,20260822092008,2026-08-22 13:31:45
1,2026-03-17 18:16:09,2026-08-22 16:15:00,P,Outage,-73.73393922688408,45.47162874633861,L,Crew at work,57,Accident or incident,0223,,20260822092008,2026-08-22 13:31:45
1,2026-08-22 07:15:12,2026-08-22 10:30:00,P,Outage,-72.68042170035324,45.361808080165645,A,Work assigned,,NA,2423,,20260822092008,2026-08-22 13:31:45
8,2026-08-22 07:57:21,2026-08-22 10:00:00,P,Outage,-77.75699872618026,55.27570175767954,N,NA,34,Accident or incident,5356,,20260822092008,2026-08-22 13:31:45
1,2026-08-22 08:11:25,2026-08-22 12:15:00,I,Interruption,-73.72086397418394,45.57327471241581,L,Crew at work,67,NA,1856,,20260822092008,2026-08-22 13:31:45
1,2026-08-22 08:07:34,2026-08-22 16:15:00,I,Interruption,-73.72320037059575,45.54590639110778,L,Crew at work,61,NA,4266,,20260822092008,2026-08-22 13:31:45
7,2026-08-22 08:10:53,2026-08-22 10:15:00,P,Outage,-73.66880976315723,45.58904712772155,A,Work assigned,,NA,2180,,20260822092008,2026-08-22 13:31:45
7,2026-08-22 08:34:53,2026-08-22 10:30:00,P,Outage,-70.85599746175619,48.313913884401785,N,NA,,NA,5329,,20260822092008,2026-08-22 13:31:45
10,2026-08-22 08:37:23,2026-08-22 10:30:00,P,Outage,-71.3893045184219,46.853443626169494,N,NA,,NA,5411,,20260822092008,2026-08-22 13:31:45
1,2026-08-17 00:59:03,2026-08-22 17:15:00,P,Outage,-73.75382751164358,45.57236856427202,L,Crew at work,58,Equipment failure,1856,,20260822092008,2026-08-22 13:31:45
5,2026-08-22 09:10:10,2026-08-22 11:15:00,P,Outage,-74.07085698011004,45.76109526247526,R,Crew en route,,NA,6357,,20260822094012,2026-08-22 13:57:27
206,2026-08-22 09:15:31,2026-08-22 16:00:00,I,Interruption,-71.16615130329865,46.891233023337215,L,Crew at work,61,NA,1302,,20260822094012,2026-08-22 13:57:27
34,2026-08-22 08:51:25,2026-08-22 10:45:00,P,Outage,-74.1482130382304,45.28502951260549,N,NA,,NA,2465,,20260822094012,2026-08-22 13:57:27
1,2026-08-21 18:26:59,2026-08-22 15:15:00,P,Outage,-75.89562239930278,45.94415204632726,L,Crew at work,,NA,2618,,20260822094012,2026-08-22 13:57:27
1,2026-08-22 03:32:36,2026-08-22 13:45:00,P,Outage,-74.05406789857197,45.28077045462545,A,Work assigned,,NA,8206,,20260822094012,2026-08-22 13:57:27
117,2026-08-22 08:33:14,2026-08-22 10:45:00,P,Outage,-74.38078083915123,45.7202034252656,R,Crew en route,,NA,1796,,20260822094012,2026-08-22 13:57:27
1,2026-08-22 05:16:10,2026-08-22 12:15:00,P,Outage,-71.2513980380884,46.46617856342004,R,Crew en route,54,Accident or incident,7698,,20260822094012,2026-08-22 13:57:27
1,2026-08-22 08:52:42,2026-08-22 10:45:00,P,Outage,-72.76224005300537,45.85707316438176,R,Crew en route,,NA,6945,,20260822094012,2026-08-22 13:57:27
2,2026-08-22 09:01:12,2026-08-22 12:15:00,I,Interruption,-67.44248899496839,48.4803683374798,L,Crew at work,62,NA,1068,,20260822094012,2026-08-22 13:57:27
6,2026-08-22 02:38:24,,P,Outage,-70.36848957076712,47.45131898772547,R,Crew en route,,NA,7278,,20260822094012,2026-08-22 13:57:27
8,2026-08-22 07:27:16,2026-08-22 10:45:00,P,Outage,-73.92453440927461,45.38779670818922,R,Crew en route,,NA,4983,,20260822094012,2026-08-22 13:57:27
3,2026-08-22 07:19:15,2026-08-22 11:30:00,I,Interruption,-61.79513820931953,50.13723342807211,L,Crew at work,63,NA,5308,,20260822094012,2026-08-22 13:57:27
114,2026-08-22 07:45:38,2026-08-22 09:45:00,P,Outage,-71.35145917068452,46.753865290083574,R,Crew en route,,NA,6687,,20260822094012,2026-08-22 13:57:27
14,2026-08-22 09:31:40,,P,Outage,-73.65030157931676,45.482383234146106,N,NA,,NA,0103,,20260822094012,2026-08-22 13:57:27
27,2026-08-22 07:34:58,,P,Outage,-73.56062742400445,45.40043239337123,R,Crew en route,,NA,8554,,20260822094012,2026-08-22 13:57:27
34,2026-08-22 07:34:36,2026-08-22 09:45:00,P,Outage,-71.0448465525794,48.40353409010218,A,Work assigned,,NA,1850,,20260822094012,2026-08-22 13:57:27
1,2026-08-22 08:26:43,2026-08-22 10:30:00,P,Outage,-73.73397728310383,45.47165369579459,L,Crew at work,,NA,0223,,20260822094012,2026-08-22 13:57:27
1,2026-03-17 18:16:09,2026-08-22 16:15:00,P,Outage,-73.73393922688408,45.47162874633861,L,Crew at work,57,Accident or incident,0223,,20260822094012,2026-08-22 13:57:27
1,2026-08-22 07:15:12,2026-08-22 10:30:00,P,Outage,-72.68042170035324,45.361808080165645,R,Crew en route,,NA,2423,,20260822094012,2026-08-22 13:57:27
8,2026-08-22 07:57:21,2026-08-22 10:00:00,P,Outage,-77.75699872618026,55.27570175767954,N,NA,34,Accident or incident,5356,,20260822094012,2026-08-22 13:57:27
1,2026-08-22 08:11:25,2026-08-22 12:15:00,I,Interruption,-73.72086397418394,45.57327471241581,L,Crew at work,67,NA,1856,,20260822094012,2026-08-22 13:57:27
1,2026-08-22 08:07:34,2026-08-22 16:15:00,I,Interruption,-73.72320037059575,45.54590639110778,L,Crew at work,61,NA,4266,,20260822094012,2026-08-22 13:57:27
7,2026-08-22 08:10:53,2026-08-22 10:15:00,P,Outage,-73.66880976315723,45.58904712772155,A,Work assigned,,NA,2180,,20260822094012,2026-08-22 13:57:27
7,2026-08-22 08:34:53,2026-08-22 10:30:00,P,Outage,-70.85599746175619,48.313913884401785,N,NA,,NA,5329,,20260822094012,2026-08-22 13:57:27
10,2026-08-22 08:37:23,2026-08-22 10:30:00,P,Outage,-71.3893045184219,46.853443626169494,N,NA,,NA,5411,,20260822094012,2026-08-22 13:57:27
1,2026-08-17 00:59:03,2026-08-22 17:15:00,P,Outage,-73.75382751164358,45.57236856427202,L,Crew at work,58,Equipment failure,1856,,20260822094012,2026-08-22 13:57:27
5,2026-08-22 09:10:10,2026-08-22 11:15:00,P,Outage,-74.07085698011004,45.76109526247526,R,Crew en route,,NA,6357,,20260822100017,2026-08-22 14:12:32
206,2026-08-22 09:15:31,2026-08-22 16:00:00,I,Interruption,-71.16615130329865,46.891233023337215,L,Crew at work,61,NA,1302,,20260822100017,2026-08-22 14:12:32
34,2026-08-22 08:51:25,2026-08-22 10:45:00,P,Outage,-74.1482130382304,45.28502951260549,N,NA,,NA,2465,,20260822100017,2026-08-22 14:12:32
1,2026-08-21 18:26:59,2026-08-22 15:15:00,P,Outage,-75.89562239930278,45.94415204632726,L,Crew at work,,NA,2618,,20260822100017,2026-08-22 14:12:32
1,2026-08-22 03:32:36,2026-08-22 13:45:00,P,Outage,-74.05406789857197,45.28077045462545,A,Work assigned,,NA,8206,,20260822100017,2026-08-22 14:12:32
117,2026-08-22 08:33:14,2026-08-22 10:45:00,P,Outage,-74.38078083915123,45.7202034252656,R,Crew en route,,NA,1796,,20260822100017,2026-08-22 14:12:32
1,2026-08-22 05:16:10,2026-08-22 12:15:00,P,Outage,-71.2513980380884,46.46617856342004,R,Crew en route,54,Accident or incident,7698,,20260822100017,2026-08-22 14:12:32
1,2026-08-22 08:52:42,2026-08-22 10:45:00,P,Outage,-72.76224005300537,45.85707316438176,R,Crew en route,,NA,6945,,20260822100017,2026-08-22 14:12:32
2,2026-08-22 09:01:12,2026-08-22 12:15:00,I,Interruption,-67.44248899496839,48.4803683374798,L,Crew at work,62,NA,1068,,20260822100017,2026-08-22 14:12:32
6,2026-08-22 02:38:24,,P,Outage,-70.36848957076712,47.45131898772547,R,Crew en route,,NA,7278,,20260822100017,2026-08-22 14:12:32
8,2026-08-22 07:27:16,2026-08-22 10:45:00,P,Outage,-73.92453440927461,45.38779670818922,R,Crew en route,,NA,4983,,20260822100017,2026-08-22 14:12:32
3,2026-08-22 07:19:15,2026-08-22 11:30:00,I,Interruption,-61.79513820931953,50.13723342807211,L,Crew at work,63,NA,5308,,20260822100017,2026-08-22 14:12:32
114,2026-08-22 07:45:38,,P,Outage,-71.35145917068452,46.753865290083574,R,Crew en route,,NA,6687,,20260822100017,2026-08-22 14:12:32
123,2026-08-22 08:21:56,2026-08-22 11:45:00,P,Outage,-71.33024309156552,46.7271326482453,N,NA,,NA,7716,,20260822100017,2026-08-22 14:12:32
14,2026-08-22 09:31:40,2026-08-22 11:15:00,P,Outage,-73.65030157931676,45.482383234146106,A,Work assigned,,NA,0103,,20260822100017,2026-08-22 14:12:32
27,2026-08-22 07:34:58,2026-08-22 11:15:00,P,Outage,-73.56062742400445,45.40043239337123,R,Crew en route,,NA,8554,,20260822100017,2026-08-22 14:12:32
34,2026-08-22 07:34:36,,P,Outage,-71.0448465525794,48.40353409010218,A,Work assigned,,NA,1850,,20260822100017,2026-08-22 14:12:32
1,2026-08-22 08:26:43,2026-08-22 10:30:00,P,Outage,-73.73397728310383,45.47165369579459,L,Crew at work,,NA,0223,,20260822100017,2026-08-22 14:12:32
1,2026-03-17 18:16:09,2026-08-22 16:15:00,P,Outage,-73.73393922688408,45.47162874633861,L,Crew at work,57,Accident or incident,0223,,20260822100017,2026-08-22 14:12:32
1,2026-08-22 07:15:12,2026-08-22 10:30:00,P,Outage,-72.68042170035324,45.361808080165645,R,Crew en route,,NA,2423,,20260822100017,2026-08-22 14:12:32
8,2026-08-22 07:57:21,,P,Outage,-77.75699872618026,55.27570175767954,N,NA,34,Accident or incident,5356,,20260822100017,2026-08-22 14:12:32
1,2026-08-22 08:11:25,2026-08-22 12:15:00,I,Interruption,-73.72086397418394,45.57327471241581,L,Crew at work,67,NA,1856,,20260822100017,2026-08-22 14:12:32
1,2026-08-22 08:07:34,2026-08-22 16:15:00,I,Interruption,-73.72320037059575,45.54590639110778,L,Crew at work,61,NA,4266,,20260822100017,2026-08-22 14:12:32
7,2026-08-22 08:10:53,2026-08-22 10:15:00,P,Outage,-73.66880976315723,45.58904712772155,A,Work assigned,,NA,2180,,20260822100017,2026-08-22 14:12:32
7,2026-08-22 08:34:53,2026-08-22 10:30:00,P,Outage,-70.85599746175619,48.313913884401785,N,NA,,NA,5329,,20260822100017,2026-08-22 14:12:32
10,2026-08-22 08:37:23,2026-08-22 10:30:00,P,Outage,-71.3893045184219,46.853443626169494,N,NA,,NA,5411,,20260822100017,2026-08-22 14:12:32
1,2026-08-17 00:59:03,2026-08-22 17:15:00,P,Outage,-73.75382751164358,45.57236856427202,L,Crew at work,58,Equipment failure,1856,,20260822100017,2026-08-22 14:12:32
5,2026-08-22 09:10:10,2026-08-22 11:15:00,P,Outage,-74.07085698011004,45.76109526247526,R,Crew en route,,NA,6357,,20260822103004,2026-08-22 14:36:33
206,2026-08-22 09:15:31,2026-08-22 16:00:00,I,Interruption,-71.16615130329865,46.891233023337215,L,Crew at work,61,NA,1302,,20260822103004,2026-08-22 14:36:33
34,2026-08-22 08:51:25,2026-08-22 10:45:00,P,Outage,-74.1482130382304,45.28502951260549,N,NA,,NA,2465,,20260822103004,2026-08-22 14:36:33
1,2026-08-21 18:26:59,2026-08-22 15:15:00,P,Outage,-75.89562239930278,45.94415204632726,L,Crew at work,,NA,2618,,20260822103004,2026-08-22 14:36:33
1,2026-08-22 03:32:36,2026-08-22 13:45:00,P,Outage,-74.05406789857197,45.28077045462545,A,Work assigned,,NA,8206,,20260822103004,2026-08-22 14:36:33
117,2026-08-22 08:33:14,2026-08-22 10:45:00,P,Outage,-74.38078083915123,45.7202034252656,R,Crew en route,,NA,1796,,20260822103004,2026-08-22 14:36:33
1,2026-08-22 05:16:10,2026-08-22 12:15:00,P,Outage,-71.2513980380884,46.46617856342004,R,Crew en route,54,Accident or incident,7698,,20260822103004,2026-08-22 14:36:33
1,2026-08-22 08:52:42,2026-08-22 10:45:00,P,Outage,-72.76224005300537,45.85707316438176,R,Crew en route,,NA,6945,,20260822103004,2026-08-22 14:36:33
6,2026-08-22 02:38:24,,P,Outage,-70.36848957076712,47.45131898772547,R,Crew en route,,NA,7278,,20260822103004,2026-08-22 14:36:33
8,2026-08-22 07:27:16,2026-08-22 12:00:00,P,Outage,-73.92453440927461,45.38779670818922,R,Crew en route,,NA,4983,,20260822103004,2026-08-22 14:36:33
4,2026-08-22 10:15:17,,P,Outage,-71.22983210930151,46.70352693613863,R,Crew en route,,NA,7158,,20260822103004,2026-08-22 14:36:33
27,2026-08-22 07:34:58,2026-08-22 11:15:00,P,Outage,-73.56062742400445,45.40043239337123,L,Crew at work,58,Equipment failure,8554,,20260822103004,2026-08-22 14:36:33
3,2026-08-22 07:19:15,2026-08-22 11:30:00,I,Interruption,-61.79513820931953,50.13723342807211,L,Crew at work,63,NA,5308,,20260822103004,2026-08-22 14:36:33
114,2026-08-22 07:45:38,,P,Outage,-71.35145917068452,46.753865290083574,L,Crew at work,,NA,6687,,20260822103004,2026-08-22 14:36:33
123,2026-08-22 08:21:56,2026-08-22 11:45:00,P,Outage,-71.33024309156552,46.7271326482453,N,NA,,NA,7716,,20260822103004,2026-08-22 14:36:33
14,2026-08-22 09:31:40,2026-08-22 11:15:00,P,Outage,-73.65030157931676,45.482383234146106,A,Work assigned,,NA,0103,,20260822103004,2026-08-22 14:36:33
34,2026-08-22 07:34:36,,P,Outage,-71.0448465525794,48.40353409010218,R,Crew en route,,NA,1850,,20260822103004,2026-08-22 14:36:33
112,2026-08-22 09:27:32,2026-08-22 12:00:00,P,Outage,-71.32605485960603,46.72679926247594,N,NA,,NA,7716,,20260822103004,2026-08-22 14:36:33
1,2026-08-22 08:26:43,,P,Outage,-73.73397728310383,45.47165369579459,L,Crew at work,,NA,0223,,20260822103004,2026-08-22 14:36:33
1,2026-03-17 18:16:09,2026-08-22 16:15:00,P,Outage,-73.73393922688408,45.47162874633861,L,Crew at work,57,Accident or incident,0223,,20260822103004,2026-08-22 14:36:33
1,2026-08-22 07:15:12,,P,Outage,-72.68042170035324,45.361808080165645,R,Crew en route,,NA,2423,,20260822103004,2026-08-22 14:36:33
8,2026-08-22 07:57:21,,P,Outage,-77.75699872618026,55.27570175767954,N,NA,34,Accident or incident,5356,,20260822103004,2026-08-22 14:36:33
1,2026-08-22 08:11:25,2026-08-22 12:15:00,I,Interruption,-73.72086397418394,45.57327471241581,L,Crew at work,67,NA,1856,,20260822103004,2026-08-22 14:36:33
1,2026-08-22 08:07:34,2026-08-22 16:15:00,I,Interruption,-73.72320037059575,45.54590639110778,L,Crew at work,61,NA,4266,,20260822103004,2026-08-22 14:36:33
7,2026-08-22 08:10:53,,P,Outage,-73.66880976315723,45.58904712772155,A,Work assigned,,NA,2180,,20260822103004,2026-08-22 14:36:33
7,2026-08-22 08:34:53,,P,Outage,-70.85599746175619,48.313913884401785,A,Work assigned,,NA,5329,,20260822103004,2026-08-22 14:36:33
10,2026-08-22 08:37:23,,P,Outage,-71.3893045184219,46.853443626169494,N,NA,,NA,5411,,20260822103004,2026-08-22 14:36:33
1,2026-08-17 00:59:03,2026-08-22 17:15:00,P,Outage,-73.75382751164358,45.57236856427202,L,Crew at work,58,Equipment failure,1856,,20260822103004,2026-08-22 14:36:33
5,2026-08-22 09:10:10,2026-08-22 11:15:00,P,Outage,-74.07085698011004,45.76109526247526,R,Crew en route,,NA,6357,,20260822104006,2026-08-22 14:57:01
206,2026-08-22 09:15:31,2026-08-22 16:00:00,I,Interruption,-71.16615130329865,46.891233023337215,L,Crew at work,61,NA,1302,,20260822104006,2026-08-22 14:57:01
34,2026-08-22 08:51:25,2026-08-22 10:45:00,P,Outage,-74.1482130382304,45.28502951260549,N,NA,,NA,2465,,20260822104006,2026-08-22 14:57:01
1,2026-08-21 18:26:59,2026-08-22 15:15:00,P,Outage,-75.89562239930278,45.94415204632726,L,Crew at work,,NA,2618,,20260822104006,2026-08-22 14:57:01
1,2026-08-22 03:32:36,2026-08-22 13:45:00,P,Outage,-74.05406789857197,45.28077045462545,A,Work assigned,,NA,8206,,20260822104006,2026-08-22 14:57:01
117,2026-08-22 08:33:14,2026-08-22 10:45:00,P,Outage,-74.38078083915123,45.7202034252656,R,Crew en route,,NA,1796,,20260822104006,2026-08-22 14:57:01
1,2026-08-22 05:16:10,2026-08-22 12:15:00,P,Outage,-71.2513980380884,46.46617856342004,R,Crew en route,54,Accident or incident,7698,,20260822104006,2026-08-22 14:57:01
1,2026-08-22 08:52:42,2026-08-22 10:45:00,P,Outage,-72.76224005300537,45.85707316438176,R,Crew en route,,NA,6945,,20260822104006,2026-08-22 14:57:01
6,2026-08-22 02:38:24,,P,Outage,-70.36848957076712,47.45131898772547,R,Crew en route,,NA,7278,,20260822104006,2026-08-22 14:57:01
8,2026-08-22 07:27:16,2026-08-22 12:00:00,P,Outage,-73.92453440927461,45.38779670818922,R,Crew en route,,NA,4983,,20260822104006,2026-08-22 14:57:01
4,2026-08-22 10:15:17,2026-08-22 12:15:00,P,Outage,-71.22983210930151,46.70352693613863,R,Crew en route,,NA,7158,,20260822104006,2026-08-22 14:57:01
27,2026-08-22 07:34:58,2026-08-22 11:15:00,P,Outage,-73.56062742400445,45.40043239337123,L,Crew at work,58,Equipment failure,8554,,20260822104006,2026-08-22 14:57:01
3,2026-08-22 07:19:15,2026-08-22 11:30:00,I,Interruption,-61.79513820931953,50.13723342807211,L,Crew at work,63,NA,5308,,20260822104006,2026-08-22 14:57:01
114,2026-08-22 07:45:38,,P,Outage,-71.35145917068452,46.753865290083574,L,Crew at work,,NA,6687,,20260822104006,2026-08-22 14:57:01
123,2026-08-22 08:21:56,2026-08-22 11:45:00,P,Outage,-71.33024309156552,46.7271326482453,N,NA,,NA,7716,,20260822104006,2026-08-22 14:57:01
14,2026-08-22 09:31:40,2026-08-22 11:15:00,P,Outage,-73.65030157931676,45.482383234146106,R,Crew en route,,NA,0103,,20260822104006,2026-08-22 14:57:01
34,2026-08-22 07:34:36,,P,Outage,-71.0448465525794,48.40353409010218,R,Crew en route,,NA,1850,,20260822104006,2026-08-22 14:57:01
112,2026-08-22 09:27:32,2026-08-22 12:00:00,P,Outage,-71.32605485960603,46.72679926247594,N,NA,,NA,7716,,20260822104006,2026-08-22 14:57:01
1,2026-08-22 08:26:43,,P,Outage,-73.73397728310383,45.47165369579459,L,Crew at work,,NA,0223,,20260822104006,2026-08-22 14:57:01
1,2026-03-17 18:16:09,2026-08-22 16:15:00,P,Outage,-73.73393922688408,45.47162874633861,L,Crew at work,57,Accident or incident,0223,,20260822104006,2026-08-22 14:57:01
1,2026-08-22 07:15:12,2026-08-22 12:00:00,P,Outage,-72.68042170035324,45.361808080165645,R,Crew en route,,NA,2423,,20260822104006,2026-08-22 14:57:01
8,2026-08-22 07:57:21,,P,Outage,-77.75699872618026,55.27570175767954,N,NA,34,Accident or incident,5356,,20260822104006,2026-08-22 14:57:01
1,2026-08-22 08:11:25,2026-08-22 12:15:00,I,Interruption,-73.72086397418394,45.57327471241581,L,Crew at work,67,NA,1856,,20260822104006,2026-08-22 14:57:01
1,2026-08-22 08:07:34,2026-08-22 16:15:00,I,Interruption,-73.72320037059575,45.54590639110778,L,Crew at work,61,NA,4266,,20260822104006,2026-08-22 14:57:01
7,2026-08-22 08:10:53,,P,Outage,-73.66880976315723,45.58904712772155,A,Work assigned,,NA,2180,,20260822104006,2026-08-22 14:57:01
7,2026-08-22 08:34:53,,P,Outage,-70.85599746175619,48.313913884401785,A,Work assigned,,NA,5329,,20260822104006,2026-08-22 14:57:01
10,2026-08-22 08:37:23,,P,Outage,-71.3893045184219,46.853443626169494,N,NA,,NA,5411,,20260822104006,2026-08-22 14:57:01
1,2026-08-17 00:59:03,2026-08-22 17:15:00,P,Outage,-73.75382751164358,45.57236856427202,L,Crew at work,58,Equipment failure,1856,,20260822104006,2026-08-22 14:57:01
5,2026-08-22 09:10:10,2026-08-22 11:15:00,P,Outage,-74.07085698011004,45.76109526247526,R,Crew en route,,NA,6357,,20260822110011,2026-08-22 15:10:48
206,2026-08-22 09:15:31,2026-08-22 16:00:00,I,Interruption,-71.16615130329865,46.891233023337215,L,Crew at work,61,NA,1302,,20260822110011,2026-08-22 15:10:48
34,2026-08-22 08:51:25,2026-08-22 14:15:00,P,Outage,-74.1482130382304,45.28502951260549,N,NA,,NA,2465,,20260822110011,2026-08-22 15:10:48
1,2026-08-21 18:26:59,2026-08-22 15:15:00,P,Outage,-75.89562239930278,45.94415204632726,L,Crew at work,,NA,2618,,20260822110011,2026-08-22 15:10:48
1,2026-08-22 03:32:36,2026-08-22 13:45:00,P,Outage,-74.05406789857197,45.28077045462545,A,Work assigned,,NA,8206,,20260822110011,2026-08-22 15:10:48
117,2026-08-22 08:33:14,,P,Outage,-74.38078083915123,45.7202034252656,R,Crew en route,,NA,1796,,20260822110011,2026-08-22 15:10:48
1,2026-08-22 05:16:10,2026-08-22 12:15:00,P,Outage,-71.2513980380884,46.46617856342004,R,Crew en route,54,Accident or incident,7698,,20260822110011,2026-08-22 15:10:48
1,2026-08-22 08:52:42,,P,Outage,-72.76224005300537,45.85707316438176,R,Crew en route,,NA,6945,,20260822110011,2026-08-22 15:10:48
6,2026-08-22 02:38:24,,P,Outage,-70.36848957076712,47.45131898772547,R,Crew en route,,NA,7278,,20260822110011,2026-08-22 15:10:48
4,2026-08-22 10:15:17,2026-08-22 12:15:00,P,Outage,-71.22983210930151,46.70352693613863,R,Crew en route,,NA,7158,,20260822110011,2026-08-22 15:10:48
3,2026-08-22 10:44:34,,P,Outage,-73.69672678921165,46.054152144196564,A,Work assigned,,NA,5458,,20260822110011,2026-08-22 15:10:48
3,2026-08-22 07:19:15,2026-08-22 11:30:00,I,Interruption,-61.79513820931953,50.13723342807211,L,Crew at work,63,NA,5308,,20260822110011,2026-08-22 15:10:48
1,2026-08-22 10:55:40,,P,Outage,-73.98475330402206,45.38878086776021,N,NA,,NA,9157,,20260822110011,2026-08-22 15:10:48
123,2026-08-22 08:21:56,2026-08-22 11:45:00,P,Outage,-71.33024309156552,46.7271326482453,N,NA,,NA,7716,,20260822110011,2026-08-22 15:10:48
14,2026-08-22 09:31:40,2026-08-22 11:15:00,P,Outage,-73.65030157931676,45.482383234146106,R,Crew en route,,NA,0103,,20260822110011,2026-08-22 15:10:48
34,2026-08-22 07:34:36,,P,Outage,-71.0448465525794,48.40353409010218,R,Crew en route,,NA,1850,,20260822110011,2026-08-22 15:10:48
112,2026-08-22 09:27:32,2026-08-22 12:00:00,P,Outage,-71.32605485960603,46.72679926247594,N,NA,,NA,7716,,20260822110011,2026-08-22 15:10:48
4,2026-08-22 10:41:18,,P,Outage,-73.72326846221655,45.368884950137435,R,Crew en route,,NA,1784,,20260822110011,2026-08-22 15:10:48
1,2026-08-22 08:26:43,,P,Outage,-73.73397728310383,45.47165369579459,L,Crew at work,,NA,0223,,20260822110011,2026-08-22 15:10:48
1,2026-03-17 18:16:09,2026-08-22 16:15:00,P,Outage,-73.73393922688408,45.47162874633861,L,Crew at work,57,Accident or incident,0223,,20260822110011,2026-08-22 15:10:48
1,2026-08-22 07:15:12,2026-08-22 12:00:00,P,Outage,-72.68042170035324,45.361808080165645,R,Crew en route,,NA,2423,,20260822110011,2026-08-22 15:10:48
8,2026-08-22 07:57:21,,P,Outage,-77.75699872618026,55.27570175767954,N,NA,34,Accident or incident,5356,,20260822110011,2026-08-22 15:10:48
1,2026-08-22 08:11:25,2026-08-22 12:15:00,I,Interruption,-73.72086397418394,45.57327471241581,L,Crew at work,67,NA,1856,,20260822110011,2026-08-22 15:10:48
1,2026-08-22 08:07:34,2026-08-22 16:15:00,I,Interruption,-73.72320037059575,45.54590639110778,L,Crew at work,61,NA,4266,,20260822110011,2026-08-22 15:10:48
7,2026-08-22 08:10:53,,P,Outage,-73.66880976315723,45.58904712772155,A,Work assigned,,NA,2180,,20260822110011,2026-08-22 15:10:48
7,2026-08-22 08:34:53,,P,Outage,-70.85599746175619,48.313913884401785,A,Work assigned,,NA,5329,,20260822110011,2026-08-22 15:10:48
10,2026-08-22 08:37:23,,P,Outage,-71.3893045184219,46.853443626169494,R,Crew en route,,NA,5411,,20260822110011,2026-08-22 15:10:48
1,2026-08-17 00:59:03,2026-08-22 17:15:00,P,Outage,-73.75382751164358,45.57236856427202,L,Crew at work,58,Equipment failure,1856,,20260822110011,2026-08-22 15:10:48
206,2026-08-22 09:15:31,2026-08-22 16:00:00,I,Interruption,-71.16615130329865,46.891233023337215,L,Crew at work,61,NA,1302,,20260822112015,2026-08-22 15:34:51
34,2026-08-22 08:51:25,2026-08-22 14:15:00,P,Outage,-74.1482130382304,45.28502951260549,N,NA,,NA,2465,,20260822112015,2026-08-22 15:34:51
1,2026-08-21 18:26:59,2026-08-22 15:15:00,P,Outage,-75.89562239930278,45.94415204632726,L,Crew at work,,NA,2618,,20260822112015,2026-08-22 15:34:51
1,2026-08-22 03:32:36,2026-08-22 13:45:00,P,Outage,-74.05406789857197,45.28077045462545,A,Work assigned,,NA,8206,,20260822112015,2026-08-22 15:34:51
117,2026-08-22 08:33:14,,P,Outage,-74.38078083915123,45.7202034252656,R,Crew en route,,NA,1796,,20260822112015,2026-08-22 15:34:51
1,2026-08-22 05:16:10,2026-08-22 12:15:00,P,Outage,-71.2513980380884,46.46617856342004,R,Crew en route,54,Accident or incident,7698,,20260822112015,2026-08-22 15:34:51
1,2026-08-22 08:52:42,2026-08-22 12:15:00,P,Outage,-72.76224005300537,45.85707316438176,R,Crew en route,,NA,6945,,20260822112015,2026-08-22 15:34:51
6,2026-08-22 02:38:24,,P,Outage,-70.36848957076712,47.45131898772547,R,Crew en route,,NA,7278,,20260822112015,2026-08-22 15:34:51
10,2026-08-22 11:15:10,,P,Outage,-73.56073386224465,45.40023630565931,N,NA,,NA,8554,,20260822112015,2026-08-22 15:34:51
4,2026-08-22 10:15:17,2026-08-22 12:15:00,P,Outage,-71.22983210930151,46.70352693613863,R,Crew en route,,NA,7158,,20260822112015,2026-08-22 15:34:51
3,2026-08-22 10:44:34,2026-08-22 12:45:00,P,Outage,-73.69672678921165,46.054152144196564,A,Work assigned,,NA,5458,,20260822112015,2026-08-22 15:34:51
3,2026-08-22 07:19:15,2026-08-22 11:30:00,I,Interruption,-61.79513820931953,50.13723342807211,L,Crew at work,63,NA,5308,,20260822112015,2026-08-22 15:34:51
1,2026-08-22 10:55:40,2026-08-22 15:15:00,P,Outage,-73.98475330402206,45.38878086776021,N,NA,,NA,9157,,20260822112015,2026-08-22 15:34:51
123,2026-08-22 08:21:56,2026-08-22 11:45:00,P,Outage,-71.33024309156552,46.7271326482453,N,NA,,NA,7716,,20260822112015,2026-08-22 15:34:51
14,2026-08-22 09:31:40,,P,Outage,-73.65030157931676,45.482383234146106,R,Crew en route,,NA,0103,,20260822112015,2026-08-22 15:34:51
34,2026-08-22 07:34:36,,P,Outage,-71.0448465525794,48.40353409010218,L,Crew at work,,NA,1850,,20260822112015,2026-08-22 15:34:51
139,2026-08-22 09:27:32,2026-08-22 12:00:00,P,Outage,-71.3255234331605,46.72670665247027,N,NA,,NA,7716,,20260822112015,2026-08-22 15:34:51
4,2026-08-22 10:41:18,2026-08-22 12:45:00,P,Outage,-73.72326846221655,45.368884950137435,R,Crew en route,,NA,1784,,20260822112015,2026-08-22 15:34:51
1,2026-08-22 08:26:43,,P,Outage,-73.73397728310383,45.47165369579459,L,Crew at work,,NA,0223,,20260822112015,2026-08-22 15:34:51
1,2026-03-17 18:16:09,2026-08-22 16:15:00,P,Outage,-73.73393922688408,45.47162874633861,L,Crew at work,57,Accident or incident,0223,,20260822112015,2026-08-22 15:34:51
8,2026-08-22 07:57:21,,P,Outage,-77.75699872618026,55.27570175767954,N,NA,34,Accident or incident,5356,,20260822112015,2026-08-22 15:34:51
1,2026-08-22 08:11:25,2026-08-22 12:15:00,I,Interruption,-73.72086397418394,45.57327471241581,L,Crew at work,67,NA,1856,,20260822112015,2026-08-22 15:34:51
1,2026-08-22 08:07:34,2026-08-22 16:15:00,I,Interruption,-73.72320037059575,45.54590639110778,L,Crew at work,61,NA,4266,,20260822112015,2026-08-22 15:34:51
7,2026-08-22 08:34:53,,P,Outage,-70.85599746175619,48.313913884401785,A,Work assigned,,NA,5329,,20260822112015,2026-08-22 15:34:51
10,2026-08-22 08:37:23,,P,Outage,-71.3893045184219,46.853443626169494,R,Crew en route,,NA,5411,,20260822112015,2026-08-22 15:34:51
1,2026-08-17 00:59:03,2026-08-22 17:15:00,P,Outage,-73.75382751164358,45.57236856427202,L,Crew at work,58,Equipment failure,1856,,20260822112015,2026-08-22 15:34:51
206,2026-08-22 09:15:31,2026-08-22 16:00:00,I,Interruption,-71.16615130329865,46.891233023337215,L,Crew at work,61,NA,1302,,20260822114020,2026-08-22 15:55:38
34,2026-08-22 08:51:25,2026-08-22 14:15:00,P,Outage,-74.1482130382304,45.28502951260549,N,NA,,NA,2465,,20260822114020,2026-08-22 15:55:38
1,2026-08-21 18:26:59,2026-08-22 15:15:00,P,Outage,-75.89562239930278,45.94415204632726,L,Crew at work,,NA,2618,,20260822114020,2026-08-22 15:55:38
1,2026-08-22 03:32:36,2026-08-22 13:45:00,P,Outage,-74.05406789857197,45.28077045462545,A,Work assigned,,NA,8206,,20260822114020,2026-08-22 15:55:38
1,2026-08-22 05:16:10,2026-08-22 12:15:00,P,Outage,-71.2513980380884,46.46617856342004,R,Crew en route,54,Accident or incident,7698,,20260822114020,2026-08-22 15:55:38
6,2026-08-22 02:38:24,,P,Outage,-70.36848957076712,47.45131898772547,R,Crew en route,,NA,7278,,20260822114020,2026-08-22 15:55:38
4,2026-08-22 10:15:17,2026-08-22 12:15:00,P,Outage,-71.22983210930151,46.70352693613863,R,Crew en route,,NA,7158,,20260822114020,2026-08-22 15:55:38
3,2026-08-22 10:44:34,2026-08-22 12:45:00,P,Outage,-73.69672678921165,46.054152144196564,A,Work assigned,,NA,5458,,20260822114020,2026-08-22 15:55:38
1,2026-08-22 10:55:40,2026-08-22 15:15:00,P,Outage,-73.98475330402206,45.38878086776021,N,NA,,NA,9157,,20260822114020,2026-08-22 15:55:38
1,2026-08-22 11:37:17,,P,Outage,-74.04043585115127,45.4100748442868,N,NA,,NA,9344,,20260822114020,2026-08-22 15:55:38
123,2026-08-22 08:21:56,2026-08-22 11:45:00,P,Outage,-71.33024309156552,46.7271326482453,N,NA,,NA,7716,,20260822114020,2026-08-22 15:55:38
14,2026-08-22 09:31:40,,P,Outage,-73.65030157931676,45.482383234146106,R,Crew en route,,NA,0103,,20260822114020,2026-08-22 15:55:38
34,2026-08-22 07:34:36,,P,Outage,-71.0448465525794,48.40353409010218,L,Crew at work,,NA,1850,,20260822114020,2026-08-22 15:55:38
56,2026-08-22 11:28:48,2026-08-22 12:45:00,P,Outage,-71.20876494941604,46.85920572704279,L,Crew at work,,NA,1302,,20260822114020,2026-08-22 15:55:38
139,2026-08-22 09:27:32,2026-08-22 12:00:00,P,Outage,-71.3255234331605,46.72670665247027,N,NA,,NA,7716,,20260822114020,2026-08-22 15:55:38
1,2026-08-22 08:26:43,,P,Outage,-73.73397728310383,45.47165369579459,L,Crew at work,,NA,0223,,20260822114020,2026-08-22 15:55:38
1,2026-03-17 18:16:09,2026-08-22 16:15:00,P,Outage,-73.73393922688408,45.47162874633861,L,Crew at work,57,Accident or incident,0223,,20260822114020,2026-08-22 15:55:38
8,2026-08-22 07:57:21,,P,Outage,-77.75699872618026,55.27570175767954,N,NA,34,Accident or incident,5356,,20260822114020,2026-08-22 15:55:38
1,2026-08-22 08:11:25,2026-08-22 12:15:00,I,Interruption,-73.72086397418394,45.57327471241581,L,Crew at work,67,NA,1856,,20260822114020,2026-08-22 15:55:38
1,2026-08-22 08:07:34,2026-08-22 16:15:00,I,Interruption,-73.72320037059575,45.54590639110778,L,Crew at work,61,NA,4266,,20260822114020,2026-08-22 15:55:38
7,2026-08-22 08:34:53,,P,Outage,-70.85599746175619,48.313913884401785,A,Work assigned,,NA,5329,,20260822114020,2026-08-22 15:55:38
10,2026-08-22 08:37:23,,P,Outage,-71.3893045184219,46.853443626169494,R,Crew en route,,NA,5411,,20260822114020,2026-08-22 15:55:38
1,2026-08-17 00:59:03,2026-08-22 17:15:00,P,Outage,-73.75382751164358,45.57236856427202,L,Crew at work,58,Equipment failure,1856,,20260822114020,2026-08-22 15:55:38
206,2026-08-22 09:15:31,2026-08-22 16:00:00,I,Interruption,-71.16615130329865,46.891233023337215,L,Crew at work,61,NA,1302,,20260822120005,2026-08-22 16:10:37
34,2026-08-22 08:51:25,2026-08-22 14:15:00,P,Outage,-74.1482130382304,45.28502951260549,N,NA,,NA,2465,,20260822120005,2026-08-22 16:10:37
1,2026-08-21 18:26:59,2026-08-22 15:15:00,P,Outage,-75.89562239930278,45.94415204632726,L,Crew at work,,NA,2618,,20260822120005,2026-08-22 16:10:37
1,2026-08-22 03:32:36,2026-08-22 13:45:00,P,Outage,-74.05406789857197,45.28077045462545,A,Work assigned,,NA,8206,,20260822120005,2026-08-22 16:10:37
1,2026-08-22 05:16:10,2026-08-22 12:15:00,P,Outage,-71.2513980380884,46.46617856342004,R,Crew en route,54,Accident or incident,7698,,20260822120005,2026-08-22 16:10:37
6,2026-08-22 02:38:24,,P,Outage,-70.36848957076712,47.45131898772547,R,Crew en route,,NA,7278,,20260822120005,2026-08-22 16:10:37
4,2026-08-22 10:15:17,2026-08-22 12:15:00,P,Outage,-71.22983210930151,46.70352693613863,R,Crew en route,,NA,7158,,20260822120005,2026-08-22 16:10:37
3,2026-08-22 10:44:34,2026-08-22 12:45:00,P,Outage,-73.69672678921165,46.054152144196564,A,Work assigned,,NA,5458,,20260822120005,2026-08-22 16:10:37
1,2026-08-22 10:55:40,2026-08-22 15:15:00,P,Outage,-73.98475330402206,45.38878086776021,N,NA,,NA,9157,,20260822120005,2026-08-22 16:10:37
5,2026-08-22 11:56:57,,P,Outage,-74.38291005668782,45.72051928219078,N,NA,,NA,1796,,20260822120005,2026-08-22 16:10:37
1,2026-08-22 11:37:17,2026-08-22 13:30:00,P,Outage,-74.04043585115127,45.4100748442868,N,NA,,NA,9344,,20260822120005,2026-08-22 16:10:37
123,2026-08-22 08:21:56,,P,Outage,-71.33024309156552,46.7271326482453,N,NA,,NA,7716,,20260822120005,2026-08-22 16:10:37
14,2026-08-22 09:31:40,,P,Outage,-73.65030157931676,45.482383234146106,R,Crew en route,,NA,0103,,20260822120005,2026-08-22 16:10:37
34,2026-08-22 07:34:36,2026-08-22 12:45:00,P,Outage,-71.0448465525794,48.40353409010218,L,Crew at work,,NA,1850,,20260822120005,2026-08-22 16:10:37
56,2026-08-22 11:28:48,2026-08-22 12:45:00,P,Outage,-71.20876494941604,46.85920572704279,L,Crew at work,,NA,1302,,20260822120005,2026-08-22 16:10:37
139,2026-08-22 09:27:32,,P,Outage,-71.3255234331605,46.72670665247027,N,NA,,NA,7716,,20260822120005,2026-08-22 16:10:37
1,2026-08-22 08:26:43,,P,Outage,-73.73397728310383,45.47165369579459,L,Crew at work,,NA,0223,,20260822120005,2026-08-22 16:10:37
1,2026-03-17 18:16:09,2026-08-22 16:15:00,P,Outage,-73.73393922688408,45.47162874633861,L,Crew at work,57,Accident or incident,0223,,20260822120005,2026-08-22 16:10:37
8,2026-08-22 07:57:21,2026-08-23 16:00:00,P,Outage,-77.75699872618026,55.27570175767954,N,NA,34,Accident or incident,5356,,20260822120005,2026-08-22 16:10:37
1,2026-08-22 08:11:25,2026-08-22 12:15:00,I,Interruption,-73.72086397418394,45.57327471241581,L,Crew at work,67,NA,1856,,20260822120005,2026-08-22 16:10:37
1,2026-08-22 08:07:34,2026-08-22 16:15:00,I,Interruption,-73.72320037059575,45.54590639110778,L,Crew at work,61,NA,4266,,20260822120005,2026-08-22 16:10:37
7,2026-08-22 08:34:53,,P,Outage,-70.85599746175619,48.313913884401785,A,Work assigned,,NA,5329,,20260822120005,2026-08-22 16:10:37
10,2026-08-22 08:37:23,,P,Outage,-71.3893045184219,46.853443626169494,R,Crew en route,,NA,5411,,20260822120005,2026-08-22 16:10:37
1,2026-08-17 00:59:03,2026-08-22 17:15:00,P,Outage,-73.75382751164358,45.57236856427202,L,Crew at work,58,Equipment failure,1856,,20260822120005,2026-08-22 16:10:37
206,2026-08-22 09:15:31,2026-08-22 16:00:00,I,Interruption,-71.16615130329865,46.891233023337215,L,Crew at work,61,NA,1302,,20260822123012,2026-08-22 16:38:57
34,2026-08-22 08:51:25,2026-08-22 14:15:00,P,Outage,-74.1482130382304,45.28502951260549,N,NA,,NA,2465,,20260822123012,2026-08-22 16:38:57
1,2026-08-21 18:26:59,2026-08-22 15:15:00,P,Outage,-75.89562239930278,45.94415204632726,L,Crew at work,,NA,2618,,20260822123012,2026-08-22 16:38:57
1,2026-08-22 03:32:36,2026-08-22 13:45:00,P,Outage,-74.05406789857197,45.28077045462545,A,Work assigned,,NA,8206,,20260822123012,2026-08-22 16:38:57
1,2026-08-22 05:16:10,2026-08-22 15:15:00,P,Outage,-71.2513980380884,46.46617856342004,R,Crew en route,54,Accident or incident,7698,,20260822123012,2026-08-22 16:38:57
6,2026-08-22 02:38:24,,P,Outage,-70.36848957076712,47.45131898772547,R,Crew en route,,NA,7278,,20260822123012,2026-08-22 16:38:57
23,2026-08-22 12:07:07,2026-08-22 14:00:00,P,Outage,-73.74394379438291,45.53340468945982,L,Crew at work,11,Equipment failure,1856,,20260822123012,2026-08-22 16:38:57
11,2026-08-22 08:33:14,2026-08-22 13:45:00,P,Outage,-74.36233670798572,45.72546989156486,N,NA,,NA,1796,,20260822123012,2026-08-22 16:38:57
3,2026-08-22 08:33:14,2026-08-22 13:45:00,P,Outage,-74.36570398174493,45.72613429000154,N,NA,,NA,1796,,20260822123012,2026-08-22 16:38:57
3,2026-08-22 10:44:34,2026-08-22 12:45:00,P,Outage,-73.69672678921165,46.054152144196564,A,Work assigned,,NA,5458,,20260822123012,2026-08-22 16:38:57
1,2026-08-22 10:55:40,2026-08-22 15:15:00,P,Outage,-73.98475330402206,45.38878086776021,N,NA,,NA,9157,,20260822123012,2026-08-22 16:38:57
5,2026-08-22 11:56:57,2026-08-22 14:00:00,P,Outage,-74.38291005668782,45.72051928219078,R,Crew en route,,NA,1796,,20260822123012,2026-08-22 16:38:57
1,2026-08-22 11:37:17,2026-08-22 13:30:00,P,Outage,-74.04043585115127,45.4100748442868,N,NA,,NA,9344,,20260822123012,2026-08-22 16:38:57
3,2026-08-22 08:33:14,2026-08-22 13:45:00,P,Outage,-74.36469700927351,45.72682020246237,N,NA,,NA,1796,,20260822123012,2026-08-22 16:38:57
123,2026-08-22 08:21:56,,P,Outage,-71.33024309156552,46.7271326482453,N,NA,,NA,7716,,20260822123012,2026-08-22 16:38:57
14,2026-08-22 09:31:40,,P,Outage,-73.65030157931676,45.482383234146106,R,Crew en route,,NA,0103,,20260822123012,2026-08-22 16:38:57
7,2026-08-22 12:26:14,,P,Outage,-72.59656199722708,46.342486725084,N,NA,,NA,9239,,20260822123012,2026-08-22 16:38:57
139,2026-08-22 09:27:32,,P,Outage,-71.3255234331605,46.72670665247027,N,NA,,NA,7716,,20260822123012,2026-08-22 16:38:57
1,2026-08-22 08:26:43,,P,Outage,-73.73397728310383,45.47165369579459,L,Crew at work,,NA,0223,,20260822123012,2026-08-22 16:38:57
1,2026-03-17 18:16:09,2026-08-22 16:15:00,P,Outage,-73.73393922688408,45.47162874633861,L,Crew at work,57,Accident or incident,0223,,20260822123012,2026-08-22 16:38:57
8,2026-08-22 07:57:21,2026-08-23 16:00:00,P,Outage,-77.75699872618026,55.27570175767954,N,NA,34,Accident or incident,5356,,20260822123012,2026-08-22 16:38:57
1,2026-08-22 08:11:25,,I,Interruption,-73.72086397418394,45.57327471241581,L,Crew at work,67,NA,1856,,20260822123012,2026-08-22 16:38:57
1,2026-08-22 08:07:34,2026-08-22 16:15:00,I,Interruption,-73.72320037059575,45.54590639110778,L,Crew at work,61,NA,4266,,20260822123012,2026-08-22 16:38:57
7,2026-08-22 08:34:53,2026-08-22 14:15:00,P,Outage,-70.85599746175619,48.313913884401785,R,Crew en route,,NA,5329,,20260822123012,2026-08-22 16:38:57
1,2026-08-17 00:59:03,2026-08-22 17:15:00,P,Outage,-73.75382751164358,45.57236856427202,L,Crew at work,58,Equipment failure,1856,,20260822123012,2026-08-22 16:38:57
206,2026-08-22 09:15:31,2026-08-22 16:00:00,I,Interruption,-71.16615130329865,46.891233023337215,L,Crew at work,61,NA,1302,,20260822125016,2026-08-22 16:58:31
34,2026-08-22 08:51:25,2026-08-22 14:15:00,P,Outage,-74.1482130382304,45.28502951260549,N,NA,,NA,2465,,20260822125016,2026-08-22 16:58:31
1,2026-08-21 18:26:59,2026-08-22 15:15:00,P,Outage,-75.89562239930278,45.94415204632726,L,Crew at work,,NA,2618,,20260822125016,2026-08-22 16:58:31
1,2026-08-22 03:32:36,2026-08-22 13:45:00,P,Outage,-74.05406789857197,45.28077045462545,A,Work assigned,,NA,8206,,20260822125016,2026-08-22 16:58:31
1,2026-08-22 05:16:10,2026-08-22 15:15:00,P,Outage,-71.2513980380884,46.46617856342004,R,Crew en route,54,Accident or incident,7698,,20260822125016,2026-08-22 16:58:31
6,2026-08-22 02:38:24,,P,Outage,-70.36848957076712,47.45131898772547,R,Crew en route,,NA,7278,,20260822125016,2026-08-22 16:58:31
23,2026-08-22 12:07:07,2026-08-22 14:00:00,P,Outage,-73.74394379438291,45.53340468945982,L,Crew at work,11,Equipment failure,1856,,20260822125016,2026-08-22 16:58:31
3,2026-08-22 10:44:34,,P,Outage,-73.69672678921165,46.054152144196564,L,Crew at work,58,Equipment failure,5458,,20260822125016,2026-08-22 16:58:31
1,2026-08-22 10:55:40,2026-08-22 15:15:00,P,Outage,-73.98475330402206,45.38878086776021,N,NA,,NA,9157,,20260822125016,2026-08-22 16:58:31
5,2026-08-22 11:56:57,2026-08-22 14:00:00,P,Outage,-74.38291005668782,45.72051928219078,R,Crew en route,,NA,1796,,20260822125016,2026-08-22 16:58:31
1,2026-08-22 11:37:17,2026-08-22 13:30:00,P,Outage,-74.04043585115127,45.4100748442868,N,NA,,NA,9344,,20260822125016,2026-08-22 16:58:31
123,2026-08-22 08:21:56,,P,Outage,-71.33024309156552,46.7271326482453,N,NA,,NA,7716,,20260822125016,2026-08-22 16:58:31
14,2026-08-22 09:31:40,,P,Outage,-73.65030157931676,45.482383234146106,R,Crew en route,,NA,0103,,20260822125016,2026-08-22 16:58:31
3,2026-08-22 12:34:52,,P,Outage,-74.36469700927351,45.72682020246237,N,NA,,NA,1796,,20260822125016,2026-08-22 16:58:31
139,2026-08-22 09:27:32,,P,Outage,-71.3255234331605,46.72670665247027,N,NA,,NA,7716,,20260822125016,2026-08-22 16:58:31
1,2026-08-22 08:26:43,,P,Outage,-73.73397728310383,45.47165369579459,L,Crew at work,,NA,0223,,20260822125016,2026-08-22 16:58:31
1,2026-03-17 18:16:09,2026-08-22 16:15:00,P,Outage,-73.73393922688408,45.47162874633861,L,Crew at work,57,Accident or incident,0223,,20260822125016,2026-08-22 16:58:31
8,2026-08-22 07:57:21,2026-08-23 16:00:00,P,Outage,-77.75699872618026,55.27570175767954,N,NA,34,Accident or incident,5356,,20260822125016,2026-08-22 16:58:31
1,2026-08-22 08:07:34,2026-08-22 16:15:00,I,Interruption,-73.72320037059575,45.54590639110778,L,Crew at work,61,NA,4266,,20260822125016,2026-08-22 16:58:31
7,2026-08-22 08:34:53,2026-08-22 14:15:00,P,Outage,-70.85599746175619,48.313913884401785,L,Crew at work,,NA,5329,,20260822125016,2026-08-22 16:58:31
1,2026-08-17 00:59:03,2026-08-22 17:15:00,P,Outage,-73.75382751164358,45.57236856427202,L,Crew at work,58,Equipment failure,1856,,20260822125016,2026-08-22 16:58:31
206,2026-08-22 09:15:31,2026-08-22 16:00:00,I,Interruption,-71.16615130329865,46.891233023337215,L,Crew at work,61,NA,1302,,20260822130019,2026-08-22 17:14:14
34,2026-08-22 08:51:25,2026-08-22 14:15:00,P,Outage,-74.1482130382304,45.28502951260549,N,NA,,NA,2465,,20260822130019,2026-08-22 17:14:14
1,2026-08-21 18:26:59,2026-08-22 15:15:00,P,Outage,-75.89562239930278,45.94415204632726,L,Crew at work,,NA,2618,,20260822130019,2026-08-22 17:14:14
1,2026-08-22 03:32:36,2026-08-22 13:45:00,P,Outage,-74.05406789857197,45.28077045462545,A,Work assigned,,NA,8206,,20260822130019,2026-08-22 17:14:14
1,2026-08-22 05:16:10,2026-08-22 15:15:00,P,Outage,-71.2513980380884,46.46617856342004,R,Crew en route,54,Accident or incident,7698,,20260822130019,2026-08-22 17:14:14
6,2026-08-22 02:38:24,,P,Outage,-70.36848957076712,47.45131898772547,R,Crew en route,,NA,7278,,20260822130019,2026-08-22 17:14:14
5,2026-08-22 12:55:41,,P,Outage,-74.53580898766494,46.151069186501694,N,NA,,NA,7305,,20260822130019,2026-08-22 17:14:14
3,2026-08-22 10:44:34,,P,Outage,-73.69672678921165,46.054152144196564,L,Crew at work,58,Equipment failure,5458,,20260822130019,2026-08-22 17:14:14
1,2026-08-22 10:55:40,2026-08-22 15:15:00,P,Outage,-73.98475330402206,45.38878086776021,N,NA,,NA,9157,,20260822130019,2026-08-22 17:14:14
5,2026-08-22 11:56:57,2026-08-22 14:00:00,P,Outage,-74.38291005668782,45.72051928219078,R,Crew en route,,NA,1796,,20260822130019,2026-08-22 17:14:14
1,2026-08-22 11:37:17,2026-08-22 13:30:00,P,Outage,-74.04043585115127,45.4100748442868,N,NA,,NA,9344,,20260822130019,2026-08-22 17:14:14
6,2026-08-22 12:57:56,,P,Outage,-74.3623986614094,45.72570399634411,N,NA,,NA,1796,,20260822130019,2026-08-22 17:14:14
123,2026-08-22 08:21:56,,P,Outage,-71.33024309156552,46.7271326482453,N,NA,,NA,7716,,20260822130019,2026-08-22 17:14:14
14,2026-08-22 09:31:40,,P,Outage,-73.65030157931676,45.482383234146106,R,Crew en route,,NA,0103,,20260822130019,2026-08-22 17:14:14
3,2026-08-22 12:34:52,2026-08-22 14:30:00,P,Outage,-74.36469700927351,45.72682020246237,N,NA,,NA,1796,,20260822130019,2026-08-22 17:14:14
139,2026-08-22 09:27:32,,P,Outage,-71.3255234331605,46.72670665247027,N,NA,,NA,7716,,20260822130019,2026-08-22 17:14:14
1,2026-08-22 08:26:43,,P,Outage,-73.73397728310383,45.47165369579459,L,Crew at work,,NA,0223,,20260822130019,2026-08-22 17:14:14
1,2026-03-17 18:16:09,2026-08-22 16:15:00,P,Outage,-73.73393922688408,45.47162874633861,L,Crew at work,57,Accident or incident,0223,,20260822130019,2026-08-22 17:14:14
8,2026-08-22 07:57:21,2026-08-23 16:00:00,P,Outage,-77.75699872618026,55.27570175767954,N,NA,34,Accident or incident,5356,,20260822130019,2026-08-22 17:14:14
1,2026-08-22 08:07:34,2026-08-22 16:15:00,I,Interruption,-73.72320037059575,45.54590639110778,L,Crew at work,61,NA,4266,,20260822130019,2026-08-22 17:14:14
1,2026-08-17 00:59:03,2026-08-22 17:15:00,P,Outage,-73.75382751164358,45.57236856427202,L,Crew at work,58,Equipment failure,1856,,20260822130019,2026-08-22 17:14:14
206,2026-08-22 09:15:31,2026-08-22 16:00:00,I,Interruption,-71.16615130329865,46.891233023337215,L,Crew at work,61,NA,1302,,20260822132003,2026-08-22 17:35:40
34,2026-08-22 08:51:25,2026-08-22 14:15:00,P,Outage,-74.1482130382304,45.28502951260549,N,NA,,NA,2465,,20260822132003,2026-08-22 17:35:40
1,2026-08-21 18:26:59,2026-08-22 15:15:00,P,Outage,-75.89562239930278,45.94415204632726,L,Crew at work,,NA,2618,,20260822132003,2026-08-22 17:35:40
164,2026-08-22 13:05:19,,P,Outage,-73.79965906343573,45.64707014419201,L,Crew at work,51,Vegetation damage,5629,,20260822132003,2026-08-22 17:35:40
123,2026-08-22 13:03:54,,P,Outage,-73.18695245147231,45.731647696979294,R,Crew en route,,NA,6273,,20260822132003,2026-08-22 17:35:40
1,2026-08-22 03:32:36,2026-08-22 13:45:00,P,Outage,-74.05406789857197,45.28077045462545,A,Work assigned,,NA,8206,,20260822132003,2026-08-22 17:35:40
1,2026-08-22 05:16:10,2026-08-22 15:15:00,P,Outage,-71.2513980380884,46.46617856342004,R,Crew en route,54,Accident or incident,7698,,20260822132003,2026-08-22 17:35:40
6,2026-08-22 02:38:24,,P,Outage,-70.36848957076712,47.45131898772547,R,Crew en route,,NA,7278,,20260822132003,2026-08-22 17:35:40
5,2026-08-22 12:55:41,2026-08-22 15:00:00,P,Outage,-74.53580898766494,46.151069186501694,A,Work assigned,,NA,7305,,20260822132003,2026-08-22 17:35:40
3,2026-08-22 10:44:34,,P,Outage,-73.69672678921165,46.054152144196564,L,Crew at work,58,Equipment failure,5458,,20260822132003,2026-08-22 17:35:40
1,2026-08-22 10:55:40,2026-08-22 15:15:00,P,Outage,-73.98475330402206,45.38878086776021,N,NA,,NA,9157,,20260822132003,2026-08-22 17:35:40
1,2026-08-22 11:37:17,2026-08-22 13:30:00,P,Outage,-74.04043585115127,45.4100748442868,N,NA,,NA,9344,,20260822132003,2026-08-22 17:35:40
6,2026-08-22 12:57:56,2026-08-22 15:00:00,P,Outage,-74.3623986614094,45.72570399634411,R,Crew en route,,NA,1796,,20260822132003,2026-08-22 17:35:40
123,2026-08-22 08:21:56,,P,Outage,-71.33024309156552,46.7271326482453,N,NA,,NA,7716,,20260822132003,2026-08-22 17:35:40
14,2026-08-22 09:31:40,,P,Outage,-73.65030157931676,45.482383234146106,R,Crew en route,,NA,0103,,20260822132003,2026-08-22 17:35:40
2,2026-08-22 13:02:08,,P,Outage,-70.98352548112359,46.882836950976994,R,Crew en route,,NA,7362,,20260822132003,2026-08-22 17:35:40
3,2026-08-22 12:34:52,2026-08-22 14:30:00,P,Outage,-74.36469700927351,45.72682020246237,R,Crew en route,,NA,1796,,20260822132003,2026-08-22 17:35:40
139,2026-08-22 09:27:32,,P,Outage,-71.3255234331605,46.72670665247027,N,NA,,NA,7716,,20260822132003,2026-08-22 17:35:40
1,2026-08-22 08:26:43,,P,Outage,-73.73397728310383,45.47165369579459,L,Crew at work,,NA,0223,,20260822132003,2026-08-22 17:35:40
1,2026-03-17 18:16:09,2026-08-22 16:15:00,P,Outage,-73.73393922688408,45.47162874633861,L,Crew at work,57,Accident or incident,0223,,20260822132003,2026-08-22 17:35:40
8,2026-08-22 07:57:21,2026-08-23 16:00:00,P,Outage,-77.75699872618026,55.27570175767954,N,NA,34,Accident or incident,5356,,20260822132003,2026-08-22 17:35:40
1,2026-08-22 08:07:34,2026-08-22 16:15:00,I,Interruption,-73.72320037059575,45.54590639110778,L,Crew at work,61,NA,4266,,20260822132003,2026-08-22 17:35:40
1,2026-08-17 00:59:03,2026-08-22 17:15:00,P,Outage,-73.75382751164358,45.57236856427202,L,Crew at work,58,Equipment failure,1856,,20260822132003,2026-08-22 17:35:40
1,2026-08-22 08:07:34,2026-08-22 21:45:00,I,Interruption,-73.72320037059575,45.54590639110778,L,Crew at work,61,NA,4266,,20260822134008,2026-08-22 17:56:31
34,2026-08-22 08:51:25,2026-08-22 14:15:00,P,Outage,-74.1482130382304,45.28502951260549,N,NA,,NA,2465,,20260822134008,2026-08-22 17:56:31
1,2026-08-21 18:26:59,2026-08-22 15:15:00,P,Outage,-75.89562239930278,45.94415204632726,L,Crew at work,,NA,2618,,20260822134008,2026-08-22 17:56:31
164,2026-08-22 13:05:19,2026-08-22 15:00:00,P,Outage,-73.79965906343573,45.64707014419201,L,Crew at work,51,Vegetation damage,5629,,20260822134008,2026-08-22 17:56:31
123,2026-08-22 13:03:54,2026-08-22 15:15:00,P,Outage,-73.18695245147231,45.731647696979294,R,Crew en route,,NA,6273,,20260822134008,2026-08-22 17:56:31
1,2026-08-22 03:32:36,2026-08-22 13:45:00,P,Outage,-74.05406789857197,45.28077045462545,L,Crew at work,,NA,8206,,20260822134008,2026-08-22 17:56:31
5,2026-08-22 13:24:48,,P,Outage,-65.50308514411485,48.09226805172406,R,Crew en route,,NA,1445,,20260822134008,2026-08-22 17:56:31
6,2026-08-22 02:38:24,,P,Outage,-70.36848957076712,47.45131898772547,R,Crew en route,,NA,7278,,20260822134008,2026-08-22 17:56:31
5,2026-08-22 12:55:41,2026-08-22 15:00:00,P,Outage,-74.53580898766494,46.151069186501694,A,Work assigned,,NA,7305,,20260822134008,2026-08-22 17:56:31
3,2026-08-22 10:44:34,,P,Outage,-73.69672678921165,46.054152144196564,L,Crew at work,58,Equipment failure,5458,,20260822134008,2026-08-22 17:56:31
1,2026-08-22 11:37:17,2026-08-22 16:15:00,P,Outage,-74.04043585115127,45.4100748442868,N,NA,,NA,9344,,20260822134008,2026-08-22 17:56:31
11,2026-08-22 12:57:56,2026-08-22 15:00:00,P,Outage,-74.36233670798572,45.72546989156486,R,Crew en route,,NA,1796,,20260822134008,2026-08-22 17:56:31
123,2026-08-22 08:21:56,2026-08-22 15:15:00,P,Outage,-71.33024309156552,46.7271326482453,R,Crew en route,,NA,7716,,20260822134008,2026-08-22 17:56:31
14,2026-08-22 09:31:40,,P,Outage,-73.65030157931676,45.482383234146106,R,Crew en route,,NA,0103,,20260822134008,2026-08-22 17:56:31
2,2026-08-22 13:02:08,2026-08-22 15:00:00,P,Outage,-70.98352548112359,46.882836950976994,R,Crew en route,,NA,7362,,20260822134008,2026-08-22 17:56:31
3,2026-08-22 12:34:52,2026-08-22 14:30:00,P,Outage,-74.36469700927351,45.72682020246237,R,Crew en route,,NA,1796,,20260822134008,2026-08-22 17:56:31
139,2026-08-22 09:27:32,2026-08-22 16:15:00,P,Outage,-71.3255234331605,46.72670665247027,A,Work assigned,,NA,7716,,20260822134008,2026-08-22 17:56:31
1,2026-08-22 08:26:43,,P,Outage,-73.73397728310383,45.47165369579459,L,Crew at work,,NA,0223,,20260822134008,2026-08-22 17:56:31
1,2026-03-17 18:16:09,2026-08-22 16:15:00,P,Outage,-73.73393922688408,45.47162874633861,L,Crew at work,57,Accident or incident,0223,,20260822134008,2026-08-22 17:56:31
8,2026-08-22 07:57:21,2026-08-23 16:00:00,P,Outage,-77.75699872618026,55.27570175767954,N,NA,34,Accident or incident,5356,,20260822134008,2026-08-22 17:56:31
1,2026-08-17 00:59:03,2026-08-22 17:15:00,P,Outage,-73.75382751164358,45.57236856427202,L,Crew at work,58,Equipment failure,1856,,20260822134008,2026-08-22 17:56:31
2,2026-08-22 12:15:11,2026-08-22 15:45:00,P,Outage,-74.31343849880814,45.037550753602524,N,NA,,NA,2405,,20260822140013,2026-08-22 18:13:12
1,2026-08-22 13:45:06,,P,Outage,-73.88179941245112,45.19299229956182,A,Work assigned,,NA,9212,,20260822140013,2026-08-22 18:13:12
117,2026-08-22 12:34:52,2026-08-22 15:15:00,P,Outage,-74.38078083915123,45.7202034252656,L,Crew at work,58,Equipment failure,1796,,20260822140013,2026-08-22 18:13:12
34,2026-08-22 08:51:25,2026-08-22 16:15:00,P,Outage,-74.1482130382304,45.28502951260549,N,NA,,NA,2465,,20260822140013,2026-08-22 18:13:12
1,2026-08-21 18:26:59,2026-08-22 15:15:00,P,Outage,-75.89562239930278,45.94415204632726,L,Crew at work,,NA,2618,,20260822140013,2026-08-22 18:13:12
164,2026-08-22 13:05:19,2026-08-22 15:00:00,P,Outage,-73.79965906343573,45.64707014419201,L,Crew at work,51,Vegetation damage,5629,,20260822140013,2026-08-22 18:13:12
123,2026-08-22 13:03:54,2026-08-22 15:15:00,P,Outage,-73.18695245147231,45.731647696979294,R,Crew en route,,NA,6273,,20260822140013,2026-08-22 18:13:12
1,2026-08-22 03:32:36,,P,Outage,-74.05406789857197,45.28077045462545,L,Crew at work,,NA,8206,,20260822140013,2026-08-22 18:13:12
6,2026-08-22 02:38:24,,P,Outage,-70.36848957076712,47.45131898772547,R,Crew en route,,NA,7278,,20260822140013,2026-08-22 18:13:12
5,2026-08-22 12:55:41,2026-08-22 15:00:00,P,Outage,-74.53580898766494,46.151069186501694,A,Work assigned,,NA,7305,,20260822140013,2026-08-22 18:13:12
1,2026-08-22 11:37:17,2026-08-22 16:15:00,P,Outage,-74.04043585115127,45.4100748442868,A,Work assigned,,NA,9344,,20260822140013,2026-08-22 18:13:12
123,2026-08-22 08:21:56,2026-08-22 15:15:00,P,Outage,-71.33024309156552,46.7271326482453,R,Crew en route,,NA,7716,,20260822140013,2026-08-22 18:13:12
14,2026-08-22 09:31:40,,P,Outage,-73.65030157931676,45.482383234146106,R,Crew en route,,NA,0103,,20260822140013,2026-08-22 18:13:12
2,2026-08-22 13:02:08,2026-08-22 15:00:00,P,Outage,-70.98352548112359,46.882836950976994,R,Crew en route,,NA,7362,,20260822140013,2026-08-22 18:13:12
139,2026-08-22 09:27:32,2026-08-22 16:15:00,P,Outage,-71.3255234331605,46.72670665247027,A,Work assigned,,NA,7716,,20260822140013,2026-08-22 18:13:12
8,2026-08-22 07:57:21,2026-08-23 16:00:00,P,Outage,-77.75699872618026,55.27570175767954,N,NA,34,Accident or incident,5356,,20260822140013,2026-08-22 18:13:12
1,2026-08-17 00:59:03,2026-08-22 17:15:00,P,Outage,-73.75382751164358,45.57236856427202,L,Crew at work,58,Equipment failure,1856,,20260822140013,2026-08-22 18:13:12
2,2026-08-22 12:15:11,2026-08-22 15:45:00,P,Outage,-74.31343849880814,45.037550753602524,A,Work assigned,,NA,2405,,20260822144002,2026-08-22 18:48:03
1,2026-08-22 13:45:06,2026-08-22 15:45:00,P,Outage,-73.88179941245112,45.19299229956182,A,Work assigned,,NA,9212,,20260822144002,2026-08-22 18:48:03
117,2026-08-22 12:34:52,2026-08-22 15:15:00,P,Outage,-74.38078083915123,45.7202034252656,L,Crew at work,58,Equipment failure,1796,,20260822144002,2026-08-22 18:48:03
1,2026-08-21 18:26:59,2026-08-22 15:15:00,P,Outage,-75.89562239930278,45.94415204632726,L,Crew at work,,NA,2618,,20260822144002,2026-08-22 18:48:03
164,2026-08-22 13:05:19,2026-08-22 15:00:00,P,Outage,-73.79965906343573,45.64707014419201,L,Crew at work,51,Vegetation damage,5629,,20260822144002,2026-08-22 18:48:03
65,2026-08-22 13:03:54,2026-08-22 15:15:00,P,Outage,-73.18755774852745,45.73470541035597,R,Crew en route,,NA,6273,,20260822144002,2026-08-22 18:48:03
7,2026-08-22 14:14:54,2026-08-22 16:15:00,P,Outage,-71.17425191771149,48.417339879499224,A,Work assigned,,NA,1122,,20260822144002,2026-08-22 18:48:03
58,2026-08-22 13:03:54,2026-08-22 15:15:00,P,Outage,-73.18835391190157,45.71807456731384,L,Crew at work,51,Vegetation damage,6273,,20260822144002,2026-08-22 18:48:03
3,2026-08-22 14:32:02,,P,Outage,-75.60697441210131,45.723933974481056,N,NA,,NA,9431,,20260822144002,2026-08-22 18:48:03
6,2026-08-22 02:38:24,,P,Outage,-70.36848957076712,47.45131898772547,R,Crew en route,,NA,7278,,20260822144002,2026-08-22 18:48:03
1,2026-08-22 11:37:17,2026-08-22 16:15:00,P,Outage,-74.04043585115127,45.4100748442868,R,Crew en route,,NA,9344,,20260822144002,2026-08-22 18:48:03
123,2026-08-22 08:21:56,2026-08-22 15:15:00,P,Outage,-71.33024309156552,46.7271326482453,R,Crew en route,,NA,7716,,20260822144002,2026-08-22 18:48:03
14,2026-08-22 09:31:40,,P,Outage,-73.65030157931676,45.482383234146106,R,Crew en route,,NA,0103,,20260822144002,2026-08-22 18:48:03
2,2026-08-22 13:02:08,2026-08-22 15:00:00,P,Outage,-70.98352548112359,46.882836950976994,R,Crew en route,,NA,7362,,20260822144002,2026-08-22 18:48:03
139,2026-08-22 09:27:32,2026-08-22 16:15:00,P,Outage,-71.3255234331605,46.72670665247027,A,Work assigned,,NA,7716,,20260822144002,2026-08-22 18:48:03
8,2026-08-22 07:57:21,2026-08-23 16:00:00,P,Outage,-77.75699872618026,55.27570175767954,N,NA,34,Accident or incident,5356,,20260822144002,2026-08-22 18:48:03
1,2026-08-17 00:59:03,2026-08-22 17:15:00,P,Outage,-73.75382751164358,45.57236856427202,L,Crew at work,58,Equipment failure,1856,,20260822144002,2026-08-22 18:48:03
2,2026-08-22 12:15:11,2026-08-22 15:45:00,P,Outage,-74.31343849880814,45.037550753602524,A,Work assigned,,NA,2405,,20260822150007,2026-08-22 19:15:04
1,2026-08-22 13:45:06,2026-08-22 15:45:00,P,Outage,-73.88179941245112,45.19299229956182,A,Work assigned,,NA,9212,,20260822150007,2026-08-22 19:15:04
6,2026-08-22 13:13:21,2026-08-22 16:15:00,P,Outage,-71.32666520220332,46.726629845585485,N,NA,,NA,7716,,20260822150007,2026-08-22 19:15:04
1,2026-08-21 18:26:59,2026-08-22 15:15:00,P,Outage,-75.89562239930278,45.94415204632726,L,Crew at work,,NA,2618,,20260822150007,2026-08-22 19:15:04
164,2026-08-22 13:05:19,,P,Outage,-73.79965906343573,45.64707014419201,L,Crew at work,51,Vegetation damage,5629,,20260822150007,2026-08-22 19:15:04
9,2026-08-22 09:52:58,2026-08-22 16:15:00,P,Outage,-71.32675490365334,46.72736768393717,N,NA,,NA,7716,,20260822150007,2026-08-22 19:15:04
6,2026-08-22 10:40:41,2026-08-22 16:15:00,P,Outage,-71.32498321930957,46.72636183164465,N,NA,,NA,7716,,20260822150007,2026-08-22 19:15:04
10,2026-08-22 08:21:56,2026-08-22 15:15:00,P,Outage,-71.32892221916629,46.72705254663639,N,NA,,NA,7716,,20260822150007,2026-08-22 19:15:04
7,2026-08-22 14:14:54,2026-08-22 16:15:00,P,Outage,-71.17425191771149,48.417339879499224,A,Work assigned,,NA,1122,,20260822150007,2026-08-22 19:15:04
1,2026-08-22 10:08:55,2026-08-22 16:45:00,P,Outage,-71.52135380008293,46.57824367061453,N,NA,,NA,6051,,20260822150007,2026-08-22 19:15:04
7,2026-08-22 11:37:29,2026-08-22 15:15:00,P,Outage,-71.33088802029563,46.726765811670695,N,NA,,NA,7716,,20260822150007,2026-08-22 19:15:04
8,2026-08-22 11:18:55,2026-08-22 15:15:00,P,Outage,-71.33035978659619,46.72689872935294,N,NA,,NA,7716,,20260822150007,2026-08-22 19:15:04
6,2026-08-22 02:38:24,,P,Outage,-70.36848957076712,47.45131898772547,R,Crew en route,,NA,7278,,20260822150007,2026-08-22 19:15:04
1,2026-08-22 11:37:17,2026-08-22 16:15:00,P,Outage,-74.04043585115127,45.4100748442868,R,Crew en route,,NA,9344,,20260822150007,2026-08-22 19:15:04
14,2026-08-22 09:31:40,,P,Outage,-73.65030157931676,45.482383234146106,R,Crew en route,,NA,0103,,20260822150007,2026-08-22 19:15:04
2,2026-08-22 13:02:08,,P,Outage,-70.98352548112359,46.882836950976994,R,Crew en route,,NA,7362,,20260822150007,2026-08-22 19:15:04
8,2026-08-22 07:57:21,2026-08-23 16:00:00,P,Outage,-77.75699872618026,55.27570175767954,N,NA,34,Accident or incident,5356,,20260822150007,2026-08-22 19:15:04
1,2026-08-17 00:59:03,2026-08-22 17:15:00,P,Outage,-73.75382751164358,45.57236856427202,L,Crew at work,58,Equipment failure,1856,,20260822150007,2026-08-22 19:15:04
2,2026-08-22 12:15:11,2026-08-22 15:45:00,P,Outage,-74.31343849880814,45.037550753602524,A,Work assigned,,NA,2405,,20260822152011,2026-08-22 19:35:03
1,2026-08-22 13:45:06,2026-08-22 15:45:00,P,Outage,-73.88179941245112,45.19299229956182,A,Work assigned,,NA,9212,,20260822152011,2026-08-22 19:35:03
5,2026-08-22 15:15:45,,P,Outage,-73.60736565093872,45.71789475191129,N,NA,,NA,6297,,20260822152011,2026-08-22 19:35:03
7,2026-08-22 14:14:54,2026-08-22 16:15:00,P,Outage,-71.17425191771149,48.417339879499224,A,Work assigned,,NA,1122,,20260822152011,2026-08-22 19:35:03
1,2026-08-22 10:08:55,2026-08-22 16:45:00,P,Outage,-71.52135380008293,46.57824367061453,N,NA,,NA,6051,,20260822152011,2026-08-22 19:35:03
6,2026-08-22 02:38:24,,P,Outage,-70.36848957076712,47.45131898772547,R,Crew en route,,NA,7278,,20260822152011,2026-08-22 19:35:03
1,2026-08-22 11:37:17,2026-08-22 16:15:00,P,Outage,-74.04043585115127,45.4100748442868,R,Crew en route,,NA,9344,,20260822152011,2026-08-22 19:35:03
14,2026-08-22 09:31:40,,P,Outage,-73.65030157931676,45.482383234146106,R,Crew en route,,NA,0103,,20260822152011,2026-08-22 19:35:03
2,2026-08-22 13:02:08,,P,Outage,-70.98352548112359,46.882836950976994,R,Crew en route,,NA,7362,,20260822152011,2026-08-22 19:35:03
8,2026-08-22 07:57:21,2026-08-23 16:00:00,P,Outage,-77.75699872618026,55.27570175767954,N,NA,34,Accident or incident,5356,,20260822152011,2026-08-22 19:35:03
1,2026-08-17 00:59:03,2026-08-22 17:15:00,P,Outage,-73.75382751164358,45.57236856427202,L,Crew at work,58,Equipment failure,1856,,20260822152011,2026-08-22 19:35:03
